bahnhof,trip_id,zug,geplante_zeit,verspaetung_minuten,ausgefallen
"Köln Hbf",7582314568044505717-2608312000-5,"IC 60403",2609010000,8,0
"Köln Hbf",5926473462606976417-2608311926-12,"ICE 619",2609010005,24,0
"Köln Hbf",8322424274180843926-2608311928-9,"ICE 510",2609010010,3,0
"Köln Hbf",-4383803236760390820-2608311945-11,"ICE 522",2609010031,6,0
"Köln Hbf",-1854738006003716349-2608311847-9,"ICE 542",2609010050,45,0
"Köln Hbf",-4737482986446738332-2608311947-10,"ICE 842",2609010156,0,0
"Köln Hbf",-4463983841688751065-2608312026-9,"ICE 209",2609010203,-59,0
"Köln Hbf",7130605216857004791-2609010321-1,"ICE 827",2609010321,4,0
"Köln Hbf",-1822966271854478829-2609010405-1,"ICE 1028",2609010405,0,0
"Köln Hbf",8652078400714170233-2609010416-1,"ICE 541",2609010416,0,0
"Köln Hbf",-7455087584675999219-2609010428-1,"ICE 521",2609010428,0,0
"Köln Hbf",-1981361635087318141-2609010511-1,"IC 2445",2609010511,0,1
"Köln Hbf",1179810196779242077-2609010511-1,"ICE 208",2609010511,0,0
"Köln Hbf",-881594861635697900-2609010358-5,"ICE 523",2609010514,22,0
"Düsseldorf Hbf",3596733780499351643-2609010435-3,"ICE 23",2609010520,3,0
"Köln Hbf",-397321280238564306-2609010525-1,"ICE 911",2609010525,0,0
"Köln Hbf",-486178897212069438-2609010534-1,"ICE 853",2609010534,0,0
"Köln Hbf",4753870957390372842-2608312159-10,"IC 60402",2609010544,5,0
"Düsseldorf Hbf",707692460492138158-2608312341-14,"ICE 1540",2609010546,55,0
"Köln Hbf",6856208171401458843-2609010438-4,"ICE 222",2609010546,1,0
"Köln Hbf",4230433869735770140-2609010548-1,"ICE 511",2609010548,0,0
"Köln Hbf",2178700040520449500-2609010601-1,"ICE 711",2609010601,4,0
"Köln Hbf",2686007473625185344-2608312245-9,"ICE 618",2609010605,64,0
"Düsseldorf Hbf",-6165068286223376269-2609010511-4,"ICE 913",2609010613,19,0
"Köln Hbf",1878809338003406023-2609010627-1,"ICE 1511",2609010627,6,0
"Köln Hbf",-7151271002257875909-2609010502-6,"IC 2348",2609010645,27,1
"Köln Hbf",-8806275556870827116-2609010645-1,"ICE 553",2609010645,0,1
"Düsseldorf Hbf",-484645393417907160-2609010648-1,"ICE 543",2609010648,0,0
"Köln Hbf",8735574551800398555-2609010515-3,"ICE 101",2609010648,0,0
"Düsseldorf Hbf",542680258128049209-2609010602-3,"ICE 25",2609010657,4,0
"Düsseldorf Hbf",2686007473625185344-2608312245-10,"ICE 618",2609010657,66,0
"Köln Hbf",707692460492138158-2608312341-15,"ICE 1540",2609010659,11,0
"Köln Hbf",-2103315967753215489-2609010609-3,"IC 2443",2609010706,0,0
"Köln Hbf",6135728412348303878-2609010711-1,"ICE 206",2609010711,5,0
"Köln Hbf",8378187760869811763-2609010541-7,"ICE 826",2609010716,1,0
"Köln Hbf",-7772981549573087469-2609010733-1,"ICE 1713",2609010733,0,0
"Köln Hbf",7280780786399683236-2609010735-1,"ICE 855",2609010735,2,0
"Köln Hbf",4021377973164879687-2609010634-3,"ICE 18",2609010740,10,0
"Köln Hbf",-1316725331766652964-2609010603-6,"ICE 513",2609010745,11,0
"Köln Hbf",-3687533052908579649-2609010639-4,"ICE 220",2609010746,4,0
"Köln Hbf",-3118459641712443593-2609010601-5,"ICE 712",2609010757,8,0
"Düsseldorf Hbf",8056505330798593907-2609010630-6,"ICE 119",2609010803,4,0
"Köln Hbf",937531600424895578-2609010549-4,"ICE 616",2609010805,17,0
"Düsseldorf Hbf",2500624361212418675-2609010812-1,"IC 2206",2609010812,11,0
"Köln Hbf",-683349446891373235-2609010623-5,"ICE 11",2609010816,23,0
"Köln Hbf",1795377954048554987-2609010708-4,"ICE 824",2609010825,-7,0
"Köln Hbf",-2307934263002248776-2609010829-1,"ICE 1513",2609010829,15,0
"Köln Hbf",-5067205027928923412-2609010844-1,"ICE 555",2609010844,0,1
"Köln Hbf",-3987770513815330460-2609010539-11,"IC 2040",2609010845,5,1
"Köln Hbf",8518232099080018263-2609010426-11,"ICE 103",2609010848,6,0
"Düsseldorf Hbf",-3319510478025615006-2609010849-1,"ICE 545",2609010849,10,0
"Düsseldorf Hbf",-1790024725878292801-2609010755-3,"ICE 27",2609010902,10,0
"Köln Hbf",735896325928713766-2609010525-7,"ICE 204",2609010905,7,0
"Köln Hbf",-4092015137550028067-2609010643-5,"IC 1141",2609010906,6,0
"Düsseldorf Hbf",7140784814942585893-2609010908-1,"ICE 1036",2609010908,5,0
"Düsseldorf Hbf",6972548221701888574-2609010418-15,"ICE 646",2609010911,59,0
"Köln Hbf",5146840242049916044-2609010640-5,"ICE 656",2609010915,0,1
"Köln Hbf",-6223962037244896084-2609010441-9,"ICE 822",2609010923,-1,0
"Köln Hbf",8918082092638159592-2609010812-6,"ICE 1612",2609010932,0,1
"Köln Hbf",4808505193572698730-2609010934-1,"ICE 621",2609010934,1,0
"Köln Hbf",7127812590731908748-2609010935-1,"ICE 857",2609010935,9,0
"Düsseldorf Hbf",-5947456125297650390-2609010420-9,"ICE 1014",2609010938,7,0
"Köln Hbf",-5717720788505540143-2609010833-3,"ICE 316",2609010939,5,0
"Düsseldorf Hbf",-6760724929342255350-2609010634-13,"IC 2007",2609010946,9,0
"Köln Hbf",-8155331480429548080-2609010838-4,"ICE 128",2609010946,5,0
"Köln Hbf",6512354943507599026-2609010526-12,"ICE 515",2609010946,11,0
"Köln Hbf",1800994547680145354-2609010638-7,"ICE 121",2609010948,41,0
"Düsseldorf Hbf",-6451336611813262895-2609010949-1,"ICE 847",2609010949,2,0
"Düsseldorf Hbf",-4782954664003624221-2609010526-13,"ICE 946",2609011000,89,0
"Köln Hbf",67517114520381301-2609010533-8,"ICE 614",2609011005,11,0
"Köln Hbf",4250821308365947570-2609010528-8,"ICE 1022",2609011006,26,0
"Köln Hbf",7296668088221534520-2609010825-5,"ICE 13",2609011016,12,0
"Köln Hbf",5509309536167095600-2609010544-9,"ICE 820",2609011022,5,0
"Köln Hbf",-6590078199824287896-2609010526-10,"ICE 956",2609011022,80,0
"Köln Hbf",309221757920376132-2609011029-1,"ICE 1515",2609011029,0,0
"Köln Hbf",-102525019719472236-2609011035-1,"ICE 623",2609011035,1,0
"Köln Hbf",-8614664585551473503-2609011044-1,"ICE 557",2609011044,8,0
"Düsseldorf Hbf",211585818996437737-2609011048-1,"ICE 547",2609011048,40,0
"Köln Hbf",-3500545049874534285-2609010626-10,"ICE 105",2609011048,77,0
"Köln Hbf",8125274319994745100-2609011053-1,"ICE 2013",2609011053,2,0
"Düsseldorf Hbf",3704713885565394549-2609010954-3,"ICE 29",2609011059,4,0
"Köln Hbf",-508151058757607646-2609010716-9,"ICE 202",2609011105,58,0
"Köln Hbf",-6481439876214998765-2609010824-6,"IC 1149",2609011106,40,0
"Köln Hbf",-2664747470423541798-2609010652-8,"ICE 654",2609011114,19,1
"Köln Hbf",-7827307397706401371-2609010644-7,"ICE 728",2609011114,1,0
"Düsseldorf Hbf",3450663025951470366-2609010602-8,"ICE 1521",2609011122,38,0
"Köln Hbf",-3957012879697216923-2609011128-1,"ICE 625",2609011128,0,0
"Köln Hbf",467631948029280047-2609010801-6,"ICE 225",2609011130,10,0
"Köln Hbf",98157840525274029-2609011011-6,"ICE 1610",2609011133,6,0
"Köln Hbf",-9221432942161771616-2609011135-1,"ICE 859",2609011135,20,0
"Düsseldorf Hbf",-6324333303227400345-2609010620-9,"ICE 1012",2609011138,10,0
"Köln Hbf",-3207602294555876168-2609011034-3,"ICE 16",2609011139,8,0
"Düsseldorf Hbf",6862846665566225825-2609010834-13,"IC 2009",2609011146,10,0
"Köln Hbf",-4712053304823003938-2609011037-4,"ICE 126",2609011146,14,0
"Köln Hbf",-4602427783665327588-2609010726-12,"ICE 517",2609011146,61,0
"Düsseldorf Hbf",-3935110464616838577-2609011150-1,"ICE 849",2609011150,11,0
"Köln Hbf",-7184453857839759572-2609010728-8,"ICE 612",2609011205,13,0
"Düsseldorf Hbf",789381465621699355-2609010747-12,"ICE 944",2609011208,48,0
"Düsseldorf Hbf",-7128496410667293841-2609011141-3,"ICE 919",2609011211,10,0
"Düsseldorf Hbf",-7980618844733889465-2609011212-1,"IC 2202",2609011212,6,0
"Köln Hbf",-6382331557337532208-2609011025-5,"ICE 15",2609011215,38,0
"Köln Hbf",5394868531176279031-2609010742-8,"ICE 726",2609011222,6,0
"Köln Hbf",5065395714490050726-2609010747-9,"ICE 954",2609011222,47,0
"Köln Hbf",-8376398398323607088-2609011229-1,"ICE 1517",2609011229,0,1
"Köln Hbf",-5308110480256171895-2609011235-1,"ICE 627",2609011235,4,0
"Köln Hbf",5886092952094503689-2609011244-1,"ICE 559",2609011244,0,0
"Düsseldorf Hbf",-4720939071561043690-2609011245-1,"ICE 1747",2609011245,0,1
"Köln Hbf",-5703640496454004355-2609010825-10,"ICE 107",2609011248,16,0
"Köln Hbf",-1612168290370370104-2609011253-1,"IC 1144",2609011253,10,0
"Düsseldorf Hbf",6492627968416470339-2609011151-3,"ICE 229",2609011259,2,0
"Köln Hbf",5555371111259384160-2609010759-9,"ICE 200",2609011305,5,0
"Köln Hbf",-6208210295016408326-2609011024-6,"IC 1147",2609011306,18,0
"Düsseldorf Hbf",647457741291414840-2609011308-1,"ICE 1032",2609011308,0,0
"Köln Hbf",7029715491133337413-2609010852-8,"ICE 652",2609011315,0,1
"Köln Hbf",-4676367904559688889-2609010845-7,"ICE 724",2609011320,6,0
"Köln Hbf",-7017661080292591369-2609011211-6,"ICE 1518",2609011333,7,0
"Köln Hbf",6951976513081370096-2609011335-1,"ICE 629",2609011335,1,0
"Köln Hbf",-4020550040361167307-2609011335-1,"ICE 951",2609011335,6,0
"Düsseldorf Hbf",-1202781486977583710-2609010819-9,"ICE 1010",2609011338,7,0
"Köln Hbf",4216288988927907099-2609011234-3,"ICE 314",2609011339,10,0
"Düsseldorf Hbf",5900362052756938804-2609010951-16,"IC 2201",2609011346,2,0
"Köln Hbf",-5676785138972199399-2609011238-4,"ICE 124",2609011346,14,0
"Köln Hbf",-8471873024121272354-2609010926-12,"ICE 519",2609011346,53,0
"Düsseldorf Hbf",-1360629902197387952-2609011350-1,"ICE 941",2609011350,7,0
"Köln Hbf",1869793107893408377-2609011031-7,"ICE 123",2609011350,13,0
"Düsseldorf Hbf",2302205434167916974-2609010914-8,"ICE 1052",2609011351,0,1
"Köln Hbf",9011011619156863439-2609010928-8,"ICE 610",2609011405,35,0
"Düsseldorf Hbf",7024771559125615258-2609010947-12,"ICE 942",2609011408,13,0
"Düsseldorf Hbf",-1028317492285744164-2609011412-1,"IC 2200",2609011412,0,0
"Düsseldorf Hbf",1498970491868650740-2609011341-3,"ICE 1011",2609011412,0,0
"Köln Hbf",4815612638303090443-2609011225-5,"ICE 315",2609011415,14,0
"Düsseldorf Hbf",-6486623871685837057-2609011417-1,"ICE 1549",2609011417,0,0
"Köln Hbf",-7906017824379584014-2609010946-8,"ICE 722",2609011422,7,0
"Köln Hbf",2625224039751841654-2609010947-9,"ICE 952",2609011422,27,0
"Köln Hbf",4846835449118805747-2609011429-1,"ICE 1519",2609011429,0,0
"Köln Hbf",-6101997417012307279-2609011435-1,"ICE 721",2609011435,7,0
"Köln Hbf",-6270903731699972278-2609011444-1,"ICE 651",2609011444,11,0
"Köln Hbf",6610086332469437335-2609011026-10,"ICE 109",2609011448,33,0
"Düsseldorf Hbf",-553863566957669250-2609010730-16,"ICE 1033",2609011450,0,0
"Köln Hbf",-183488429436094491-2609011453-1,"IC 1146",2609011453,4,0
"Düsseldorf Hbf",338204297594764006-2609010827-9,"ICE 926",2609011456,11,0
"Köln Hbf",7702481692019596064-2609010808-12,"ICE 108",2609011505,0,0
"Köln Hbf",-4867746213436475772-2609011224-6,"IC 1145",2609011506,0,1
"Köln Hbf",-7022498938457192021-2609011052-8,"ICE 650",2609011515,37,0
"Düsseldorf Hbf",-9217867316075344623-2609011451-3,"ICE 1013",2609011518,7,0
"Köln Hbf",6519626148103819066-2609011045-8,"ICE 720",2609011522,6,0
"Düsseldorf Hbf",-7488086226986523364-2609010844-14,"ICE 1746",2609011526,62,0
"Köln Hbf",4945186918802353023-2609011411-6,"ICE 1516",2609011533,-1,0
"Köln Hbf",7134230027765827287-2609011535-1,"ICE 723",2609011535,0,0
"Köln Hbf",-107298036587741504-2609011535-1,"ICE 953",2609011535,5,0
"Köln Hbf",2218943744552257469-2609011434-3,"ICE 14",2609011539,11,0
"Düsseldorf Hbf",7844358081895785158-2609011019-9,"ICE 918",2609011541,16,0
"Düsseldorf Hbf",-5658659223224507916-2609011115-11,"ICE 1546",2609011542,34,1
"Düsseldorf Hbf",-257816953041096365-2609011136-16,"IC 2203",2609011546,38,0
"Köln Hbf",4524910290568704513-2609011439-4,"ICE 122",2609011546,4,0
"Köln Hbf",5653087570567167872-2609011126-12,"ICE 611",2609011546,18,0
"Düsseldorf Hbf",6378881227509878523-2609011550-1,"ICE 943",2609011550,1,0
"Köln Hbf",-9018982874238179365-2609011238-7,"ICE 125",2609011550,25,0
"Köln Hbf",-6452407069337976676-2609011128-8,"ICE 518",2609011605,1,0
"Düsseldorf Hbf",-3330605035074967330-2609011147-12,"ICE 940",2609011607,101,0
"Düsseldorf Hbf",-8870642212391901303-2609011612-1,"IC 2008",2609011612,0,0
"Köln Hbf",-482221124538025922-2609011425-5,"ICE 17",2609011615,14,0
"Köln Hbf",375201943151232777-2609011147-9,"ICE 950",2609011621,99,0
"Köln Hbf",8429649765325465614-2609011145-8,"ICE 628",2609011623,11,0
"Köln Hbf",-6579606754577220741-2609011501-5,"ICE 1716",2609011625,0,0
"Düsseldorf Hbf",-6267610585861270260-2609011628-1,"ICE 1520",2609011628,17,0
"Köln Hbf",5058768902280124693-2609011629-1,"ICE 1611",2609011629,0,0
"Köln Hbf",-7748634698858618038-2609011635-1,"ICE 725",2609011635,3,0
"Köln Hbf",-157208555968192668-2609011644-1,"ICE 653",2609011644,0,0
"Köln Hbf",-762086226758254325-2609011226-10,"ICE 201",2609011648,1,0
"Köln Hbf",-6827720526952345243-2609011653-1,"IC 1148",2609011653,0,0
"Düsseldorf Hbf",7010757467826963006-2609011132-10,"ICE 228",2609011657,26,0
"Düsseldorf Hbf",-2227421400595671565-2609011659-1,"ICE 929",2609011659,0,0
"Köln Hbf",-8705107722613527627-2609011059-15,"ICE 106",2609011705,1,0
"Köln Hbf",-2894975550766125611-2609011252-8,"ICE 558",2609011715,68,0
"Köln Hbf",5042424630356113204-2609011245-7,"ICE 626",2609011719,37,0
"Köln Hbf",-1057492321374091038-2609011731-1,"ICE 713",2609011731,11,0
"Köln Hbf",-8631361224774257822-2609011611-6,"ICE 1514",2609011733,1,0
"Köln Hbf",-3136626509911780378-2609011735-1,"ICE 727",2609011735,2,0
"Köln Hbf",-4550645364654346112-2609011735-1,"ICE 955",2609011735,40,1
"Köln Hbf",3763871362376381297-2609011634-3,"ICE 12",2609011740,1,0
"Düsseldorf Hbf",-1838827148333657754-2609011220-9,"ICE 916",2609011741,6,0
"Köln Hbf",-2910589038648014094-2609011326-12,"ICE 613",2609011746,23,0
"Düsseldorf Hbf",-8275737537227179086-2609011750-1,"ICE 945",2609011750,10,0
"Köln Hbf",5612128767266048221-2609011438-7,"ICE 127",2609011750,16,0
"Düsseldorf Hbf",3945307300825770553-2609011315-8,"ICE 1050",2609011751,15,0
"Köln Hbf",6954924236955692259-2609011328-8,"ICE 516",2609011805,1,0
"Köln Hbf",944231164744023574-2609011332-7,"ICE 28",2609011806,31,0
"Düsseldorf Hbf",4759852328888448180-2609010950-13,"ICE 2012",2609011807,21,0
"Düsseldorf Hbf",3702662415087684826-2609011347-12,"ICE 848",2609011807,24,0
"Köln Hbf",6423634419829337550-2609011434-11,"ICE 710",2609011808,0,1
"Düsseldorf Hbf",4745101765886089109-2609011812-1,"IC 2006",2609011812,0,0
"Düsseldorf Hbf",-8750926457781455409-2609011204-22,"IC 2152",2609011812,12,0
"Düsseldorf Hbf",-2585135652499158105-2609011741-3,"ICE 1015",2609011815,0,0
"Köln Hbf",4992819178731237054-2609011622-5,"ICE 317",2609011815,31,0
"Köln Hbf",-1900115166859559092-2609011347-9,"ICE 858",2609011822,36,0
"Köln Hbf",-4521437519262178170-2609011345-8,"ICE 624",2609011823,14,0
"Köln Hbf",-7955422278217659578-2609011703-5,"ICE 1714",2609011825,-4,0
"Köln Hbf",1407594009417555306-2609011829-1,"ICE 1613",2609011829,0,0
"Köln Hbf",-2606729120318281706-2609011835-1,"ICE 729",2609011835,15,0
"Köln Hbf",-6750794421454638985-2609011420-9,"ICE 224",2609011843,6,0
"Köln Hbf",9016403526930832374-2609011844-1,"ICE 655",2609011844,15,0
"Köln Hbf",-7956047615718350819-2609011426-10,"ICE 203",2609011848,5,0
"Düsseldorf Hbf",7867558493628354270-2609011115-17,"ICE 1037",2609011850,0,0
"Köln Hbf",-2184183339020510937-2609011853-1,"IC 1140",2609011853,4,0
"Köln Hbf",-4993658562668146489-2609011359-9,"ICE 104",2609011905,6,0
"Köln Hbf",-6203972860199385760-2609011624-6,"IC 1143",2609011906,22,0
"Düsseldorf Hbf",3141971505559871903-2609011447-11,"ICE 546",2609011908,11,0
"Köln Hbf",8430642524571604487-2609011452-8,"ICE 556",2609011915,0,1
"Köln Hbf",-4997552987396627422-2609011811-6,"ICE 1512",2609011933,0,0
"Köln Hbf",4475518384167562436-2609011935-1,"ICE 821",2609011935,5,0
"Köln Hbf",-8942408890709913676-2609011833-3,"ICE 10",2609011940,5,0
"Düsseldorf Hbf",-4055232889596422409-2609010803-29,"ICE 118",2609011945,7,0
"Düsseldorf Hbf",1492120664389609114-2609011604-14,"IC 2207",2609011946,16,0
"Köln Hbf",2576231255055476975-2609011839-4,"ICE 120",2609011946,5,0
"Köln Hbf",-5425302918995479956-2609011526-12,"ICE 615",2609011946,75,1
"Düsseldorf Hbf",3778695356863398992-2609011950-1,"ICE 947",2609011950,0,0
"Köln Hbf",-2599950570116389517-2609011638-7,"ICE 129",2609011950,20,0
"Köln Hbf",3319753175041874068-2609011953-1,"ICE 1021",2609011953,15,0
"Köln Hbf",-5040855886902453859-2609011528-8,"ICE 514",2609012005,0,0
"Düsseldorf Hbf",-9003107645534276753-2609011547-11,"ICE 846",2609012015,25,0
"Köln Hbf",4341219805487381340-2609011825-5,"ICE 19",2609012015,14,0
"Köln Hbf",-819597198211929243-2609011547-9,"ICE 856",2609012022,60,0
"Köln Hbf",7637791827350523725-2609012024-1,"ICE 823",2609012024,1,0
"Köln Hbf",5646922477923288654-2609012045-1,"ICE 657",2609012045,0,1
"Köln Hbf",-6235789055676348186-2609011626-10,"ICE 205",2609012048,41,0
"Köln Hbf",-1473988678411286148-2609012053-1,"IC 1142",2609012053,0,0
"Köln Hbf",528258721848223012-2609011559-9,"ICE 102",2609012105,3,0
"Köln Hbf",-1797131029278033890-2609011824-6,"IC 2349",2609012106,121,0
"Düsseldorf Hbf",-5885856201096992744-2609011647-12,"ICE 544",2609012109,75,0
"Köln Hbf",6625519329407624873-2609011652-8,"ICE 554",2609012114,66,0
"Düsseldorf Hbf",6194893901306646476-2609011726-12,"ICE 617",2609012122,18,0
"Düsseldorf Hbf",-2112756721455434408-2609011648-8,"ICE 912",2609012125,8,0
"Köln Hbf",1555483896112278137-2609012014-6,"ICE 318",2609012139,1,0
"Köln Hbf",-7056878515633598205-2609011838-7,"ICE 221",2609012146,34,0
"Köln Hbf",6194893901306646476-2609011726-13,"ICE 617",2609012155,34,0
"Köln Hbf",7537395545451740415-2609011728-8,"ICE 512",2609012205,22,0
"Köln Hbf",3736117015423388331-2609011746-8,"ICE 526",2609012216,69,0
"Köln Hbf",-5199159618356276299-2609012218-1,"ICE 319",2609012218,0,0
"Köln Hbf",4711383125555203513-2609011747-9,"ICE 854",2609012222,156,0
"Köln Hbf",7815132584915700016-2609011716-11,"ICE 1542",2609012224,19,0
"Köln Hbf",6195485783263057734-2609011819-8,"ICE 910",2609012230,12,0
"Köln Hbf",4804116960335233530-2609011522-20,"IC 2444",2609012245,101,0
"Köln Hbf",6810614476303646777-2609011826-12,"ICE 207",2609012302,61,0
"Köln Hbf",-3578772766631177771-2609012024-7,"IC 2347",2609012306,70,0
"Köln Hbf",4005400229928334385-2609011659-16,"ICE 100",2609012310,10,0
"Köln Hbf",2579078581490934825-2609011852-8,"ICE 552",2609012315,66,0
"Köln Hbf",5987880351959364904-2609012322-1,"ICE 1541",2609012322,60,0
"Köln Hbf",-6524998557445987060-2609011844-10,"ICE 524",2609012334,58,0
"Köln Hbf",-1854738006003716349-2609011847-11,"ICE 542",2609012345,84,0
"Köln Hbf",7582314568044505717-2609012000-5,"IC 60403",2609020000,1,0
"Köln Hbf",5926473462606976417-2609011926-12,"ICE 619",2609020005,9,0
"Köln Hbf",8322424274180843926-2609011928-9,"ICE 510",2609020010,6,0
"Köln Hbf",-4383803236760390820-2609011945-11,"ICE 522",2609020031,44,0
"Köln Hbf",-4737482986446738332-2609011947-11,"ICE 842",2609020044,73,0
"Köln Hbf",-4463983841688751065-2609012026-11,"ICE 209",2609020045,7,0
"Köln Hbf",2774174590951633862-2609012225-11,"ICE 921",2609020307,0,0
"Köln Hbf",7130605216857004791-2609020321-1,"ICE 827",2609020321,0,0
"Köln Hbf",-1822966271854478829-2609020405-1,"ICE 1028",2609020405,8,0
"Köln Hbf",8652078400714170233-2609020416-1,"ICE 541",2609020416,0,0
"Köln Hbf",-7455087584675999219-2609020428-1,"ICE 521",2609020428,20,0
"Köln Hbf",-1981361635087318141-2609020511-1,"IC 2445",2609020511,0,0
"Köln Hbf",1179810196779242077-2609020511-1,"ICE 208",2609020511,0,0
"Köln Hbf",-881594861635697900-2609020358-5,"ICE 523",2609020514,17,0
"Düsseldorf Hbf",3596733780499351643-2609020435-3,"ICE 23",2609020520,12,0
"Köln Hbf",-397321280238564306-2609020525-1,"ICE 911",2609020525,0,0
"Köln Hbf",-486178897212069438-2609020534-1,"ICE 853",2609020534,10,0
"Köln Hbf",4753870957390372842-2609012159-12,"IC 60402",2609020544,27,0
"Düsseldorf Hbf",707692460492138158-2609012342-18,"ICE 1540",2609020546,149,0
"Köln Hbf",6856208171401458843-2609020438-4,"ICE 222",2609020546,27,0
"Köln Hbf",4230433869735770140-2609020548-1,"ICE 511",2609020548,0,0
"Köln Hbf",2178700040520449500-2609020601-1,"ICE 711",2609020601,0,0
"Köln Hbf",2686007473625185344-2609020001-12,"ICE 618",2609020604,27,0
"Düsseldorf Hbf",-6165068286223376269-2609020511-4,"ICE 913",2609020613,3,0
"Köln Hbf",1878809338003406023-2609020627-1,"ICE 1511",2609020627,21,0
"Köln Hbf",-7151271002257875909-2609020502-6,"IC 2348",2609020645,9,0
"Köln Hbf",-8806275556870827116-2609020645-1,"ICE 553",2609020645,0,1
"Düsseldorf Hbf",-484645393417907160-2609020648-1,"ICE 543",2609020648,10,0
"Köln Hbf",8735574551800398555-2609020515-3,"ICE 101",2609020648,10,0
"Düsseldorf Hbf",542680258128049209-2609020602-3,"ICE 25",2609020657,2,0
"Düsseldorf Hbf",2686007473625185344-2609020001-13,"ICE 618",2609020657,35,0
"Köln Hbf",707692460492138158-2609012342-19,"ICE 1540",2609020659,116,0
"Köln Hbf",-2103315967753215489-2609020609-3,"IC 2443",2609020706,3,0
"Köln Hbf",6135728412348303878-2609020711-1,"ICE 206",2609020711,1,0
"Köln Hbf",8378187760869811763-2609020541-7,"ICE 826",2609020716,3,0
"Köln Hbf",-7772981549573087469-2609020733-1,"ICE 1713",2609020733,1,0
"Köln Hbf",7280780786399683236-2609020735-1,"ICE 855",2609020735,11,0
"Köln Hbf",4021377973164879687-2609020634-3,"ICE 18",2609020740,0,0
"Köln Hbf",-1316725331766652964-2609020603-6,"ICE 513",2609020745,53,1
"Köln Hbf",-3687533052908579649-2609020639-4,"ICE 220",2609020746,1,0
"Köln Hbf",-3118459641712443593-2609020601-5,"ICE 712",2609020757,6,0
"Düsseldorf Hbf",8056505330798593907-2609020630-6,"ICE 119",2609020803,4,0
"Köln Hbf",937531600424895578-2609020549-4,"ICE 616",2609020805,4,0
"Düsseldorf Hbf",2500624361212418675-2609020812-1,"IC 2206",2609020812,30,0
"Köln Hbf",-683349446891373235-2609020623-5,"ICE 11",2609020816,22,0
"Köln Hbf",1795377954048554987-2609020708-4,"ICE 824",2609020825,-2,0
"Köln Hbf",-2307934263002248776-2609020829-1,"ICE 1513",2609020829,4,0
"Köln Hbf",-5067205027928923412-2609020844-1,"ICE 555",2609020844,0,1
"Köln Hbf",-3987770513815330460-2609020539-11,"IC 2040",2609020845,25,0
"Köln Hbf",8518232099080018263-2609020426-11,"ICE 103",2609020848,41,0
"Düsseldorf Hbf",-3319510478025615006-2609020849-1,"ICE 545",2609020849,15,0
"Düsseldorf Hbf",-1790024725878292801-2609020755-3,"ICE 27",2609020902,4,0
"Köln Hbf",735896325928713766-2609020525-7,"ICE 204",2609020905,3,0
"Köln Hbf",-4092015137550028067-2609020643-5,"IC 1141",2609020906,6,0
"Düsseldorf Hbf",7140784814942585893-2609020908-1,"ICE 1036",2609020908,0,0
"Düsseldorf Hbf",6972548221701888574-2609020420-15,"ICE 646",2609020911,120,1
"Köln Hbf",5146840242049916044-2609020640-5,"ICE 656",2609020915,0,1
"Köln Hbf",-6223962037244896084-2609020441-9,"ICE 822",2609020923,114,1
"Köln Hbf",8918082092638159592-2609020812-6,"ICE 1612",2609020932,11,0
"Köln Hbf",4808505193572698730-2609020934-1,"ICE 621",2609020934,0,0
"Köln Hbf",7127812590731908748-2609020935-1,"ICE 857",2609020935,13,0
"Düsseldorf Hbf",-5947456125297650390-2609020420-9,"ICE 1014",2609020938,17,0
"Köln Hbf",-5717720788505540143-2609020833-3,"ICE 316",2609020939,9,0
"Düsseldorf Hbf",-6760724929342255350-2609020634-13,"IC 2007",2609020946,4,0
"Köln Hbf",-8155331480429548080-2609020838-4,"ICE 128",2609020946,9,0
"Köln Hbf",6512354943507599026-2609020526-12,"ICE 515",2609020946,18,1
"Köln Hbf",1800994547680145354-2609020638-7,"ICE 121",2609020948,17,0
"Düsseldorf Hbf",-6451336611813262895-2609020949-1,"ICE 847",2609020949,4,0
"Düsseldorf Hbf",-4782954664003624221-2609020526-13,"ICE 946",2609021000,7,0
"Köln Hbf",67517114520381301-2609020533-8,"ICE 614",2609021005,6,0
"Köln Hbf",4250821308365947570-2609020528-8,"ICE 1022",2609021006,3,0
"Köln Hbf",7296668088221534520-2609020825-5,"ICE 13",2609021016,9,0
"Köln Hbf",5509309536167095600-2609020544-9,"ICE 820",2609021022,61,0
"Köln Hbf",-6590078199824287896-2609020526-10,"ICE 956",2609021022,13,0
"Köln Hbf",309221757920376132-2609021029-1,"ICE 1515",2609021029,3,0
"Köln Hbf",-102525019719472236-2609021035-1,"ICE 623",2609021035,1,0
"Köln Hbf",-8614664585551473503-2609021044-1,"ICE 557",2609021044,0,1
"Düsseldorf Hbf",211585818996437737-2609021048-1,"ICE 547",2609021048,0,1
"Köln Hbf",-3500545049874534285-2609020626-10,"ICE 105",2609021048,21,0
"Köln Hbf",8125274319994745100-2609021053-1,"ICE 2013",2609021053,0,1
"Düsseldorf Hbf",3704713885565394549-2609020954-3,"ICE 29",2609021059,2,0
"Köln Hbf",-508151058757607646-2609020716-9,"ICE 202",2609021105,1,0
"Köln Hbf",-6481439876214998765-2609020824-6,"IC 1149",2609021106,24,0
"Köln Hbf",-2664747470423541798-2609020652-8,"ICE 654",2609021114,0,1
"Köln Hbf",-7827307397706401371-2609020644-7,"ICE 728",2609021114,61,0
"Düsseldorf Hbf",3450663025951470366-2609020602-8,"ICE 1521",2609021122,4,0
"Köln Hbf",-3957012879697216923-2609021128-1,"ICE 625",2609021128,1,0
"Köln Hbf",467631948029280047-2609020747-6,"ICE 225",2609021130,48,0
"Köln Hbf",98157840525274029-2609021011-6,"ICE 1610",2609021133,0,0
"Köln Hbf",-9221432942161771616-2609021135-1,"ICE 859",2609021135,11,0
"Düsseldorf Hbf",-6324333303227400345-2609020620-9,"ICE 1012",2609021138,5,0
"Köln Hbf",-3207602294555876168-2609021034-3,"ICE 16",2609021139,1,0
"Düsseldorf Hbf",6862846665566225825-2609020834-13,"IC 2009",2609021146,15,0
"Köln Hbf",-4712053304823003938-2609021037-4,"ICE 126",2609021146,3,0
"Köln Hbf",-4602427783665327588-2609020726-12,"ICE 517",2609021146,15,0
"Düsseldorf Hbf",-3935110464616838577-2609021150-1,"ICE 849",2609021150,0,0
"Köln Hbf",-7184453857839759572-2609020728-8,"ICE 612",2609021205,1,0
"Düsseldorf Hbf",789381465621699355-2609020747-12,"ICE 944",2609021208,29,0
"Düsseldorf Hbf",-7128496410667293841-2609021141-3,"ICE 919",2609021211,0,0
"Düsseldorf Hbf",-7980618844733889465-2609021212-1,"IC 2202",2609021212,2,0
"Köln Hbf",-6382331557337532208-2609021025-5,"ICE 15",2609021215,6,0
"Köln Hbf",5394868531176279031-2609020742-8,"ICE 726",2609021222,6,0
"Köln Hbf",5065395714490050726-2609020747-9,"ICE 954",2609021222,40,0
"Köln Hbf",-8376398398323607088-2609021229-1,"ICE 1517",2609021229,2,0
"Köln Hbf",-5308110480256171895-2609021235-1,"ICE 627",2609021235,4,0
"Köln Hbf",5886092952094503689-2609021244-1,"ICE 559",2609021244,0,1
"Düsseldorf Hbf",-4720939071561043690-2609021245-1,"ICE 1747",2609021245,0,0
"Köln Hbf",-5703640496454004355-2609020825-10,"ICE 107",2609021248,22,0
"Köln Hbf",-1612168290370370104-2609021253-1,"IC 1144",2609021253,15,0
"Düsseldorf Hbf",6492627968416470339-2609021151-3,"ICE 229",2609021259,1,0
"Köln Hbf",5555371111259384160-2609020759-9,"ICE 200",2609021305,1,0
"Köln Hbf",-6208210295016408326-2609021024-6,"IC 1147",2609021306,31,0
"Düsseldorf Hbf",647457741291414840-2609021308-1,"ICE 1032",2609021308,0,0
"Köln Hbf",7029715491133337413-2609020852-8,"ICE 652",2609021315,0,1
"Köln Hbf",-4676367904559688889-2609020845-7,"ICE 724",2609021320,37,0
"Köln Hbf",-7017661080292591369-2609021211-6,"ICE 1518",2609021333,4,0
"Köln Hbf",6951976513081370096-2609021335-1,"ICE 629",2609021335,2,0
"Köln Hbf",-4020550040361167307-2609021335-1,"ICE 951",2609021335,17,0
"Düsseldorf Hbf",-1202781486977583710-2609020819-9,"ICE 1010",2609021338,20,1
"Köln Hbf",4216288988927907099-2609021234-3,"ICE 314",2609021339,6,0
"Düsseldorf Hbf",5900362052756938804-2609020951-16,"IC 2201",2609021346,1,0
"Köln Hbf",-5676785138972199399-2609021238-4,"ICE 124",2609021346,5,0
"Köln Hbf",-8471873024121272354-2609020926-12,"ICE 519",2609021346,7,0
"Düsseldorf Hbf",-1360629902197387952-2609021350-1,"ICE 941",2609021350,1,0
"Köln Hbf",1869793107893408377-2609021031-7,"ICE 123",2609021350,25,0
"Düsseldorf Hbf",2302205434167916974-2609020914-8,"ICE 1052",2609021351,0,1
"Köln Hbf",9011011619156863439-2609020928-8,"ICE 610",2609021405,15,0
"Düsseldorf Hbf",7024771559125615258-2609020947-12,"ICE 942",2609021408,13,0
"Düsseldorf Hbf",-1028317492285744164-2609021412-1,"IC 2200",2609021412,2,0
"Düsseldorf Hbf",1498970491868650740-2609021341-3,"ICE 1011",2609021412,2,0
"Köln Hbf",4815612638303090443-2609021225-5,"ICE 315",2609021415,11,0
"Düsseldorf Hbf",-6486623871685837057-2609021417-1,"ICE 1549",2609021417,0,1
"Köln Hbf",-7906017824379584014-2609020946-8,"ICE 722",2609021422,9,0
"Köln Hbf",2625224039751841654-2609020947-9,"ICE 952",2609021422,3,0
"Köln Hbf",4846835449118805747-2609021429-1,"ICE 1519",2609021429,1,0
"Köln Hbf",-6101997417012307279-2609021435-1,"ICE 721",2609021435,0,0
"Köln Hbf",-6270903731699972278-2609021444-1,"ICE 651",2609021444,0,1
"Köln Hbf",6610086332469437335-2609021026-10,"ICE 109",2609021448,9,0
"Düsseldorf Hbf",-553863566957669250-2609020730-16,"ICE 1033",2609021450,15,0
"Köln Hbf",-183488429436094491-2609021453-1,"IC 1146",2609021453,1,0
"Düsseldorf Hbf",338204297594764006-2609020827-9,"ICE 926",2609021456,30,0
"Köln Hbf",7702481692019596064-2609020808-12,"ICE 108",2609021505,5,0
"Köln Hbf",-4867746213436475772-2609021224-6,"IC 1145",2609021506,39,0
"Köln Hbf",-7022498938457192021-2609021052-8,"ICE 650",2609021515,0,1
"Düsseldorf Hbf",-9217867316075344623-2609021451-3,"ICE 1013",2609021518,80,1
"Köln Hbf",6519626148103819066-2609021045-8,"ICE 720",2609021522,-1,0
"Düsseldorf Hbf",-7488086226986523364-2609020844-14,"ICE 1746",2609021526,0,0
"Köln Hbf",4945186918802353023-2609021411-6,"ICE 1516",2609021533,40,0
"Köln Hbf",7134230027765827287-2609021535-1,"ICE 723",2609021535,0,0
"Köln Hbf",-107298036587741504-2609021535-1,"ICE 953",2609021535,1,0
"Köln Hbf",2218943744552257469-2609021434-3,"ICE 14",2609021539,3,0
"Düsseldorf Hbf",7844358081895785158-2609021019-9,"ICE 918",2609021541,16,0
"Düsseldorf Hbf",-5658659223224507916-2609021115-11,"ICE 1546",2609021542,0,1
"Düsseldorf Hbf",-257816953041096365-2609021136-16,"IC 2203",2609021546,18,0
"Köln Hbf",4524910290568704513-2609021439-4,"ICE 122",2609021546,5,0
"Köln Hbf",5653087570567167872-2609021126-12,"ICE 611",2609021546,17,0
"Düsseldorf Hbf",6378881227509878523-2609021550-1,"ICE 943",2609021550,1,0
"Köln Hbf",-9018982874238179365-2609021238-7,"ICE 125",2609021550,12,0
"Köln Hbf",-6452407069337976676-2609021128-8,"ICE 518",2609021605,5,0
"Düsseldorf Hbf",-3330605035074967330-2609021147-12,"ICE 940",2609021607,67,0
"Düsseldorf Hbf",-8870642212391901303-2609021612-1,"IC 2008",2609021612,1,0
"Köln Hbf",-482221124538025922-2609021425-5,"ICE 17",2609021615,13,0
"Köln Hbf",375201943151232777-2609021147-9,"ICE 950",2609021621,73,0
"Köln Hbf",8429649765325465614-2609021145-8,"ICE 628",2609021623,3,0
"Köln Hbf",-6579606754577220741-2609021501-5,"ICE 1716",2609021625,19,0
"Düsseldorf Hbf",-6267610585861270260-2609021628-1,"ICE 1520",2609021628,5,0
"Köln Hbf",5058768902280124693-2609021629-1,"ICE 1611",2609021629,1,0
"Köln Hbf",-7748634698858618038-2609021635-1,"ICE 725",2609021635,0,0
"Köln Hbf",-157208555968192668-2609021644-1,"ICE 653",2609021644,0,1
"Köln Hbf",-762086226758254325-2609021226-10,"ICE 201",2609021648,8,0
"Köln Hbf",-6827720526952345243-2609021653-1,"IC 1148",2609021653,1,0
"Düsseldorf Hbf",7010757467826963006-2609021132-8,"ICE 228",2609021657,15,0
"Düsseldorf Hbf",-2227421400595671565-2609021659-1,"ICE 929",2609021659,0,0
"Köln Hbf",-8705107722613527627-2609021059-15,"ICE 106",2609021705,10,0
"Köln Hbf",-2894975550766125611-2609021252-8,"ICE 558",2609021715,0,1
"Köln Hbf",5042424630356113204-2609021245-7,"ICE 626",2609021719,-8,0
"Köln Hbf",-1057492321374091038-2609021731-1,"ICE 713",2609021731,2,0
"Köln Hbf",-8631361224774257822-2609021611-6,"ICE 1514",2609021733,0,0
"Köln Hbf",-3136626509911780378-2609021735-1,"ICE 727",2609021735,3,0
"Köln Hbf",-4550645364654346112-2609021735-1,"ICE 955",2609021735,7,0
"Köln Hbf",3763871362376381297-2609021634-3,"ICE 12",2609021740,0,0
"Düsseldorf Hbf",-1838827148333657754-2609021220-9,"ICE 916",2609021741,12,0
"Köln Hbf",-2910589038648014094-2609021326-12,"ICE 613",2609021746,61,1
"Düsseldorf Hbf",-8275737537227179086-2609021750-1,"ICE 945",2609021750,0,0
"Köln Hbf",5612128767266048221-2609021438-7,"ICE 127",2609021750,18,0
"Düsseldorf Hbf",3945307300825770553-2609021315-8,"ICE 1050",2609021751,0,1
"Köln Hbf",6954924236955692259-2609021328-8,"ICE 516",2609021805,2,0
"Köln Hbf",944231164744023574-2609021332-7,"ICE 28",2609021806,33,0
"Düsseldorf Hbf",4759852328888448180-2609020950-13,"ICE 2012",2609021807,30,0
"Düsseldorf Hbf",3702662415087684826-2609021347-12,"ICE 848",2609021807,43,0
"Köln Hbf",6423634419829337550-2609021434-11,"ICE 710",2609021808,1,0
"Düsseldorf Hbf",4745101765886089109-2609021812-1,"IC 2006",2609021812,1,0
"Düsseldorf Hbf",-8750926457781455409-2609021204-22,"IC 2152",2609021812,77,0
"Düsseldorf Hbf",-2585135652499158105-2609021741-3,"ICE 1015",2609021815,0,0
"Köln Hbf",4992819178731237054-2609021622-5,"ICE 317",2609021815,7,0
"Köln Hbf",-1900115166859559092-2609021347-9,"ICE 858",2609021822,56,0
"Köln Hbf",-4521437519262178170-2609021345-8,"ICE 624",2609021823,-6,0
"Köln Hbf",-7955422278217659578-2609021703-5,"ICE 1714",2609021825,3,0
"Köln Hbf",1407594009417555306-2609021829-1,"ICE 1613",2609021829,0,0
"Köln Hbf",-2606729120318281706-2609021835-1,"ICE 729",2609021835,2,0
"Köln Hbf",-6750794421454638985-2609021420-9,"ICE 224",2609021843,5,0
"Köln Hbf",9016403526930832374-2609021844-1,"ICE 655",2609021844,0,1
"Köln Hbf",-7956047615718350819-2609021426-10,"ICE 203",2609021848,30,0
"Düsseldorf Hbf",7867558493628354270-2609021115-17,"ICE 1037",2609021850,145,1
"Köln Hbf",-2184183339020510937-2609021853-1,"IC 1140",2609021853,2,0
"Köln Hbf",-4993658562668146489-2609021359-9,"ICE 104",2609021905,2,0
"Köln Hbf",-6203972860199385760-2609021624-6,"IC 1143",2609021906,53,0
"Düsseldorf Hbf",3141971505559871903-2609021447-11,"ICE 546",2609021908,56,0
"Köln Hbf",8430642524571604487-2609021452-8,"ICE 556",2609021915,0,1
"Köln Hbf",-4997552987396627422-2609021811-6,"ICE 1512",2609021933,3,0
"Köln Hbf",4475518384167562436-2609021935-1,"ICE 821",2609021935,0,0
"Köln Hbf",-8942408890709913676-2609021833-3,"ICE 10",2609021940,16,0
"Düsseldorf Hbf",-4055232889596422409-2609020803-29,"ICE 118",2609021945,2,0
"Düsseldorf Hbf",1492120664389609114-2609021604-14,"IC 2207",2609021946,0,0
"Köln Hbf",2576231255055476975-2609021839-4,"ICE 120",2609021946,11,0
"Köln Hbf",-5425302918995479956-2609021526-12,"ICE 615",2609021946,46,0
"Düsseldorf Hbf",3778695356863398992-2609021950-1,"ICE 947",2609021950,7,0
"Köln Hbf",-2599950570116389517-2609021638-7,"ICE 129",2609021950,21,0
"Köln Hbf",3319753175041874068-2609021953-1,"ICE 1021",2609021953,0,0
"Köln Hbf",-5040855886902453859-2609021528-8,"ICE 514",2609022005,1,0
"Düsseldorf Hbf",-9003107645534276753-2609021547-11,"ICE 846",2609022015,10,0
"Köln Hbf",4341219805487381340-2609021825-5,"ICE 19",2609022015,25,0
"Köln Hbf",-819597198211929243-2609021547-9,"ICE 856",2609022022,10,0
"Köln Hbf",7637791827350523725-2609022024-1,"ICE 823",2609022024,3,0
"Köln Hbf",5646922477923288654-2609022045-1,"ICE 657",2609022045,0,1
"Köln Hbf",-6235789055676348186-2609021626-10,"ICE 205",2609022048,24,0
"Köln Hbf",-1473988678411286148-2609022053-1,"IC 1142",2609022053,1,0
"Köln Hbf",528258721848223012-2609021559-9,"ICE 102",2609022105,0,0
"Köln Hbf",-1797131029278033890-2609021824-6,"IC 2349",2609022106,0,1
"Düsseldorf Hbf",-5885856201096992744-2609021647-12,"ICE 544",2609022109,6,0
"Köln Hbf",6625519329407624873-2609021652-8,"ICE 554",2609022114,0,1
"Düsseldorf Hbf",6194893901306646476-2609021726-12,"ICE 617",2609022122,16,0
"Düsseldorf Hbf",-2112756721455434408-2609021648-8,"ICE 912",2609022125,16,0
"Köln Hbf",1555483896112278137-2609022014-6,"ICE 318",2609022139,-2,0
"Köln Hbf",-7056878515633598205-2609021838-7,"ICE 221",2609022146,113,0
"Köln Hbf",6194893901306646476-2609021726-13,"ICE 617",2609022155,37,0
"Köln Hbf",7537395545451740415-2609021728-8,"ICE 512",2609022205,17,0
"Köln Hbf",3736117015423388331-2609021746-8,"ICE 526",2609022216,2,0
"Köln Hbf",-5199159618356276299-2609022218-1,"ICE 319",2609022218,0,0
"Köln Hbf",4711383125555203513-2609021747-9,"ICE 854",2609022222,78,0
"Köln Hbf",7815132584915700016-2609021716-11,"ICE 1542",2609022224,0,1
"Köln Hbf",6195485783263057734-2609021819-8,"ICE 910",2609022230,1,0
"Köln Hbf",4804116960335233530-2609021522-20,"IC 2444",2609022245,22,0
"Köln Hbf",6810614476303646777-2609021826-12,"ICE 207",2609022302,42,0
"Köln Hbf",-3578772766631177771-2609022024-7,"IC 2347",2609022306,32,0
"Köln Hbf",4005400229928334385-2609021659-16,"ICE 100",2609022310,2,0
"Köln Hbf",2579078581490934825-2609021852-8,"ICE 552",2609022315,0,1
"Köln Hbf",5987880351959364904-2609022322-1,"ICE 1541",2609022322,0,0
"Köln Hbf",-6524998557445987060-2609021844-11,"ICE 524",2609022339,14,0
"Köln Hbf",-1854738006003716349-2609021847-11,"ICE 542",2609022345,15,0
"Köln Hbf",7582314568044505717-2609022000-5,"IC 60403",2609030000,4,0
"Köln Hbf",5926473462606976417-2609021926-12,"ICE 619",2609030005,62,0
"Köln Hbf",8322424274180843926-2609021928-9,"ICE 510",2609030010,1,0
"Köln Hbf",-4383803236760390820-2609021945-11,"ICE 522",2609030031,2,0
"Köln Hbf",-4737482986446738332-2609021947-11,"ICE 842",2609030044,45,0
"Köln Hbf",-4463983841688751065-2609022026-11,"ICE 209",2609030045,0,0
"Köln Hbf",2774174590951633862-2609022225-11,"ICE 921",2609030307,30,0
"Köln Hbf",7130605216857004791-2609030321-1,"ICE 827",2609030321,0,0
"Köln Hbf",-1822966271854478829-2609030405-1,"ICE 1028",2609030405,3,0
"Köln Hbf",8652078400714170233-2609030416-1,"ICE 541",2609030416,0,0
"Köln Hbf",-7455087584675999219-2609030428-1,"ICE 521",2609030428,7,0
"Köln Hbf",-1981361635087318141-2609030511-1,"IC 2445",2609030511,50,1
"Köln Hbf",1179810196779242077-2609030511-1,"ICE 208",2609030511,1,0
"Köln Hbf",-881594861635697900-2609030358-5,"ICE 523",2609030514,45,0
"Düsseldorf Hbf",3596733780499351643-2609030435-3,"ICE 23",2609030520,3,0
"Köln Hbf",-397321280238564306-2609030525-1,"ICE 911",2609030525,0,0
"Köln Hbf",-486178897212069438-2609030534-1,"ICE 853",2609030534,1,0
"Köln Hbf",4753870957390372842-2609022159-11,"IC 60402",2609030544,95,0
"Düsseldorf Hbf",707692460492138158-2609022342-18,"ICE 1540",2609030546,201,1
"Köln Hbf",6856208171401458843-2609030438-4,"ICE 222",2609030546,1,0
"Köln Hbf",4230433869735770140-2609030548-1,"ICE 511",2609030548,8,0
"Köln Hbf",2178700040520449500-2609030601-1,"ICE 711",2609030601,0,0
"Köln Hbf",2686007473625185344-2609030001-12,"ICE 618",2609030604,0,0
"Düsseldorf Hbf",-6165068286223376269-2609030511-4,"ICE 913",2609030613,1,0
"Köln Hbf",1878809338003406023-2609030627-1,"ICE 1511",2609030627,2,0
"Köln Hbf",-7151271002257875909-2609030502-6,"IC 2348",2609030645,0,1
"Köln Hbf",-8806275556870827116-2609030645-1,"ICE 553",2609030645,9,0
"Düsseldorf Hbf",-484645393417907160-2609030648-1,"ICE 543",2609030648,4,0
"Köln Hbf",8735574551800398555-2609030515-3,"ICE 101",2609030648,0,0
"Düsseldorf Hbf",542680258128049209-2609030602-3,"ICE 25",2609030657,0,0
"Düsseldorf Hbf",2686007473625185344-2609030001-13,"ICE 618",2609030657,5,1
"Köln Hbf",707692460492138158-2609022342-19,"ICE 1540",2609030659,154,1
"Köln Hbf",-2103315967753215489-2609030609-3,"IC 2443",2609030706,1,0
"Köln Hbf",6135728412348303878-2609030711-1,"ICE 206",2609030711,0,0
"Köln Hbf",8378187760869811763-2609030541-7,"ICE 826",2609030716,-4,0
"Köln Hbf",-7772981549573087469-2609030733-1,"ICE 1713",2609030733,3,0
"Köln Hbf",7280780786399683236-2609030735-1,"ICE 855",2609030735,7,0
"Köln Hbf",4021377973164879687-2609030634-3,"ICE 18",2609030740,4,0
"Köln Hbf",-1316725331766652964-2609030603-6,"ICE 513",2609030745,28,1
"Köln Hbf",-3687533052908579649-2609030639-4,"ICE 220",2609030746,3,0
"Köln Hbf",-3118459641712443593-2609030601-5,"ICE 712",2609030757,6,0
"Düsseldorf Hbf",8056505330798593907-2609030630-6,"ICE 119",2609030803,4,0
"Köln Hbf",937531600424895578-2609030549-4,"ICE 616",2609030805,3,0
"Düsseldorf Hbf",2500624361212418675-2609030812-1,"IC 2206",2609030812,5,0
"Köln Hbf",-683349446891373235-2609030623-5,"ICE 11",2609030816,10,0
"Köln Hbf",1795377954048554987-2609030708-4,"ICE 824",2609030825,-6,0
"Köln Hbf",-2307934263002248776-2609030829-1,"ICE 1513",2609030829,20,1
"Köln Hbf",-5067205027928923412-2609030844-1,"ICE 555",2609030844,3,0
"Köln Hbf",-3987770513815330460-2609030539-11,"IC 2040",2609030845,0,1
"Köln Hbf",8518232099080018263-2609030426-11,"ICE 103",2609030848,22,1
"Düsseldorf Hbf",-3319510478025615006-2609030849-1,"ICE 545",2609030849,0,0
"Düsseldorf Hbf",-1790024725878292801-2609030755-3,"ICE 27",2609030902,9,0
"Düsseldorf Hbf",6972548221701888574-2609030418-15,"ICE 646",2609030903,21,0
"Köln Hbf",735896325928713766-2609030525-7,"ICE 204",2609030905,3,0
"Köln Hbf",-4092015137550028067-2609030643-5,"IC 1141",2609030906,0,1
"Düsseldorf Hbf",7140784814942585893-2609030908-1,"ICE 1036",2609030908,0,0
"Köln Hbf",5146840242049916044-2609030640-5,"ICE 656",2609030915,44,0
"Köln Hbf",-6223962037244896084-2609030441-9,"ICE 822",2609030923,-6,0
"Köln Hbf",8918082092638159592-2609030812-6,"ICE 1612",2609030932,2,0
"Köln Hbf",4808505193572698730-2609030934-1,"ICE 621",2609030934,0,0
"Köln Hbf",7127812590731908748-2609030935-1,"ICE 857",2609030935,11,0
"Düsseldorf Hbf",-5947456125297650390-2609030420-9,"ICE 1014",2609030938,8,0
"Köln Hbf",-5717720788505540143-2609030833-3,"ICE 316",2609030939,15,0
"Düsseldorf Hbf",-6760724929342255350-2609030634-13,"IC 2007",2609030946,24,0
"Köln Hbf",-8155331480429548080-2609030838-4,"ICE 128",2609030946,12,0
"Köln Hbf",6512354943507599026-2609030526-12,"ICE 515",2609030946,44,1
"Köln Hbf",1800994547680145354-2609030638-7,"ICE 121",2609030948,22,0
"Düsseldorf Hbf",-6451336611813262895-2609030949-1,"ICE 847",2609030949,6,0
"Düsseldorf Hbf",-4782954664003624221-2609030526-13,"ICE 946",2609031000,30,0
"Köln Hbf",67517114520381301-2609030533-8,"ICE 614",2609031005,10,0
"Köln Hbf",4250821308365947570-2609030528-8,"ICE 1022",2609031006,6,0
"Köln Hbf",7296668088221534520-2609030825-5,"ICE 13",2609031016,11,0
"Köln Hbf",5509309536167095600-2609030544-9,"ICE 820",2609031022,-3,0
"Köln Hbf",-6590078199824287896-2609030526-10,"ICE 956",2609031022,45,0
"Köln Hbf",309221757920376132-2609031029-1,"ICE 1515",2609031029,1,0
"Köln Hbf",-102525019719472236-2609031035-1,"ICE 623",2609031035,1,0
"Köln Hbf",-8614664585551473503-2609031044-1,"ICE 557",2609031044,1,0
"Düsseldorf Hbf",211585818996437737-2609031048-1,"ICE 547",2609031048,1,0
"Köln Hbf",-3500545049874534285-2609030626-10,"ICE 105",2609031048,25,1
"Köln Hbf",8125274319994745100-2609031053-1,"ICE 2013",2609031053,0,1
"Düsseldorf Hbf",3704713885565394549-2609030954-3,"ICE 29",2609031059,6,0
"Köln Hbf",-508151058757607646-2609030716-9,"ICE 202",2609031105,1,0
"Köln Hbf",-6481439876214998765-2609030824-6,"IC 1149",2609031106,0,1
"Köln Hbf",-2664747470423541798-2609030652-8,"ICE 654",2609031114,28,0
"Köln Hbf",-7827307397706401371-2609030644-7,"ICE 728",2609031114,3,0
"Düsseldorf Hbf",3450663025951470366-2609030602-8,"ICE 1521",2609031122,9,0
"Köln Hbf",-3957012879697216923-2609031128-1,"ICE 625",2609031128,4,0
"Köln Hbf",467631948029280047-2609030747-6,"ICE 225",2609031130,32,0
"Köln Hbf",98157840525274029-2609031011-6,"ICE 1610",2609031133,5,0
"Köln Hbf",-9221432942161771616-2609031135-1,"ICE 859",2609031135,11,0
"Düsseldorf Hbf",-6324333303227400345-2609030620-9,"ICE 1012",2609031138,7,0
"Köln Hbf",-3207602294555876168-2609031034-3,"ICE 16",2609031139,6,0
"Düsseldorf Hbf",6862846665566225825-2609030834-13,"IC 2009",2609031146,6,0
"Köln Hbf",-4712053304823003938-2609031037-4,"ICE 126",2609031146,1,0
"Köln Hbf",-4602427783665327588-2609030726-12,"ICE 517",2609031146,21,1
"Düsseldorf Hbf",-3935110464616838577-2609031150-1,"ICE 849",2609031150,5,0
"Köln Hbf",-7184453857839759572-2609030728-8,"ICE 612",2609031205,12,0
"Düsseldorf Hbf",789381465621699355-2609030747-12,"ICE 944",2609031208,49,0
"Düsseldorf Hbf",-7128496410667293841-2609031141-3,"ICE 919",2609031211,6,0
"Düsseldorf Hbf",-7980618844733889465-2609031212-1,"IC 2202",2609031212,0,0
"Köln Hbf",-6382331557337532208-2609031025-5,"ICE 15",2609031215,10,0
"Köln Hbf",5394868531176279031-2609030742-8,"ICE 726",2609031222,4,0
"Köln Hbf",5065395714490050726-2609030747-9,"ICE 954",2609031222,25,0
"Köln Hbf",-8376398398323607088-2609031229-1,"ICE 1517",2609031229,0,0
"Köln Hbf",-5308110480256171895-2609031235-1,"ICE 627",2609031235,0,0
"Köln Hbf",5886092952094503689-2609031244-1,"ICE 559",2609031244,4,0
"Düsseldorf Hbf",-4720939071561043690-2609031245-1,"ICE 1747",2609031245,0,0
"Köln Hbf",-5703640496454004355-2609030825-10,"ICE 107",2609031248,3,0
"Köln Hbf",-1612168290370370104-2609031253-1,"IC 1144",2609031253,0,1
"Düsseldorf Hbf",6492627968416470339-2609031151-3,"ICE 229",2609031259,6,0
"Köln Hbf",5555371111259384160-2609030759-9,"ICE 200",2609031305,15,0
"Köln Hbf",-6208210295016408326-2609031024-6,"IC 1147",2609031306,0,1
"Düsseldorf Hbf",647457741291414840-2609031308-1,"ICE 1032",2609031308,2,0
"Köln Hbf",7029715491133337413-2609030852-8,"ICE 652",2609031315,16,1
"Köln Hbf",-4676367904559688889-2609030845-7,"ICE 724",2609031320,6,0
"Köln Hbf",-7017661080292591369-2609031211-6,"ICE 1518",2609031333,0,1
"Köln Hbf",6951976513081370096-2609031335-1,"ICE 629",2609031335,0,0
"Köln Hbf",-4020550040361167307-2609031335-1,"ICE 951",2609031335,11,0
"Düsseldorf Hbf",-1202781486977583710-2609030819-9,"ICE 1010",2609031338,1,0
"Köln Hbf",4216288988927907099-2609031234-3,"ICE 314",2609031339,15,0
"Düsseldorf Hbf",5900362052756938804-2609030951-16,"IC 2201",2609031346,4,0
"Köln Hbf",-5676785138972199399-2609031238-4,"ICE 124",2609031346,2,0
"Köln Hbf",-8471873024121272354-2609030926-12,"ICE 519",2609031346,31,0
"Düsseldorf Hbf",-1360629902197387952-2609031350-1,"ICE 941",2609031350,15,0
"Köln Hbf",1869793107893408377-2609031031-7,"ICE 123",2609031350,10,0
"Düsseldorf Hbf",2302205434167916974-2609030914-8,"ICE 1052",2609031351,5,0
"Köln Hbf",9011011619156863439-2609030928-8,"ICE 610",2609031405,19,0
"Düsseldorf Hbf",7024771559125615258-2609030947-12,"ICE 942",2609031408,30,0
"Düsseldorf Hbf",-1028317492285744164-2609031412-1,"IC 2200",2609031412,2,0
"Düsseldorf Hbf",1498970491868650740-2609031341-3,"ICE 1011",2609031412,2,0
"Köln Hbf",4815612638303090443-2609031225-5,"ICE 315",2609031415,10,0
"Düsseldorf Hbf",-6486623871685837057-2609031417-1,"ICE 1549",2609031417,5,0
"Köln Hbf",-7906017824379584014-2609030946-8,"ICE 722",2609031422,-3,0
"Köln Hbf",2625224039751841654-2609030947-9,"ICE 952",2609031422,21,0
"Köln Hbf",4846835449118805747-2609031429-1,"ICE 1519",2609031429,4,0
"Köln Hbf",-6101997417012307279-2609031435-1,"ICE 721",2609031435,7,0
"Köln Hbf",-6270903731699972278-2609031444-1,"ICE 651",2609031444,2,0
"Köln Hbf",6610086332469437335-2609031026-10,"ICE 109",2609031448,23,1
"Düsseldorf Hbf",-553863566957669250-2609030730-16,"ICE 1033",2609031450,16,0
"Köln Hbf",-183488429436094491-2609031453-1,"IC 1146",2609031453,0,1
"Düsseldorf Hbf",338204297594764006-2609030830-9,"ICE 926",2609031456,5,0
"Köln Hbf",7702481692019596064-2609030808-12,"ICE 108",2609031505,4,0
"Köln Hbf",-4867746213436475772-2609031224-6,"IC 1145",2609031506,0,1
"Köln Hbf",-7022498938457192021-2609031052-8,"ICE 650",2609031515,39,0
"Düsseldorf Hbf",-9217867316075344623-2609031451-3,"ICE 1013",2609031518,8,0
"Köln Hbf",6519626148103819066-2609031045-8,"ICE 720",2609031522,0,0
"Düsseldorf Hbf",-7488086226986523364-2609030844-14,"ICE 1746",2609031526,4,0
"Köln Hbf",4945186918802353023-2609031411-6,"ICE 1516",2609031533,0,0
"Köln Hbf",7134230027765827287-2609031535-1,"ICE 723",2609031535,0,0
"Köln Hbf",-107298036587741504-2609031535-1,"ICE 953",2609031535,8,0
"Köln Hbf",2218943744552257469-2609031434-3,"ICE 14",2609031539,5,0
"Düsseldorf Hbf",7844358081895785158-2609031019-9,"ICE 918",2609031541,35,0
"Düsseldorf Hbf",-5658659223224507916-2609031115-11,"ICE 1546",2609031542,5,0
"Düsseldorf Hbf",-257816953041096365-2609031136-16,"IC 2203",2609031546,8,0
"Köln Hbf",4524910290568704513-2609031439-4,"ICE 122",2609031546,2,0
"Köln Hbf",5653087570567167872-2609031126-12,"ICE 611",2609031546,27,0
"Düsseldorf Hbf",6378881227509878523-2609031550-1,"ICE 943",2609031550,0,0
"Köln Hbf",-9018982874238179365-2609031238-7,"ICE 125",2609031550,19,0
"Köln Hbf",-6452407069337976676-2609031128-8,"ICE 518",2609031605,2,0
"Düsseldorf Hbf",-3330605035074967330-2609031147-12,"ICE 940",2609031607,17,0
"Düsseldorf Hbf",-8870642212391901303-2609031612-1,"IC 2008",2609031612,1,0
"Köln Hbf",-482221124538025922-2609031425-5,"ICE 17",2609031615,8,0
"Köln Hbf",375201943151232777-2609031147-9,"ICE 950",2609031621,13,0
"Köln Hbf",8429649765325465614-2609031145-8,"ICE 628",2609031623,8,0
"Köln Hbf",-6579606754577220741-2609031501-5,"ICE 1716",2609031625,-1,0
"Düsseldorf Hbf",-6267610585861270260-2609031628-1,"ICE 1520",2609031628,7,0
"Köln Hbf",5058768902280124693-2609031629-1,"ICE 1611",2609031629,4,0
"Köln Hbf",-7748634698858618038-2609031635-1,"ICE 725",2609031635,14,0
"Köln Hbf",-157208555968192668-2609031644-1,"ICE 653",2609031644,0,0
"Köln Hbf",-762086226758254325-2609031226-10,"ICE 201",2609031648,102,1
"Köln Hbf",-6827720526952345243-2609031653-1,"IC 1148",2609031653,0,1
"Düsseldorf Hbf",7010757467826963006-2609031132-8,"ICE 228",2609031657,11,0
"Düsseldorf Hbf",-2227421400595671565-2609031659-1,"ICE 929",2609031659,5,0
"Köln Hbf",-8705107722613527627-2609031059-15,"ICE 106",2609031705,3,0
"Köln Hbf",-2894975550766125611-2609031252-8,"ICE 558",2609031715,61,0
"Köln Hbf",5042424630356113204-2609031245-7,"ICE 626",2609031719,25,0
"Köln Hbf",-1057492321374091038-2609031731-1,"ICE 713",2609031731,2,0
"Köln Hbf",-8631361224774257822-2609031611-6,"ICE 1514",2609031733,2,0
"Köln Hbf",-3136626509911780378-2609031735-1,"ICE 727",2609031735,5,0
"Köln Hbf",-4550645364654346112-2609031735-1,"ICE 955",2609031735,10,0
"Köln Hbf",3763871362376381297-2609031634-3,"ICE 12",2609031740,9,0
"Düsseldorf Hbf",-1838827148333657754-2609031220-9,"ICE 916",2609031741,9,0
"Köln Hbf",-2910589038648014094-2609031326-12,"ICE 613",2609031746,133,1
"Düsseldorf Hbf",-8275737537227179086-2609031750-1,"ICE 945",2609031750,6,0
"Köln Hbf",5612128767266048221-2609031438-7,"ICE 127",2609031750,49,0
"Düsseldorf Hbf",3945307300825770553-2609031315-8,"ICE 1050",2609031751,21,0
"Köln Hbf",6954924236955692259-2609031328-8,"ICE 516",2609031805,1,0
"Köln Hbf",944231164744023574-2609031332-7,"ICE 28",2609031806,8,0
"Düsseldorf Hbf",4759852328888448180-2609030950-13,"ICE 2012",2609031807,0,1
"Düsseldorf Hbf",3702662415087684826-2609031347-12,"ICE 848",2609031807,12,0
"Köln Hbf",6423634419829337550-2609031434-11,"ICE 710",2609031808,5,0
"Düsseldorf Hbf",4745101765886089109-2609031812-1,"IC 2006",2609031812,4,0
"Düsseldorf Hbf",-8750926457781455409-2609031204-22,"IC 2152",2609031812,82,0
"Düsseldorf Hbf",-2585135652499158105-2609031741-3,"ICE 1015",2609031815,67,0
"Köln Hbf",4992819178731237054-2609031622-5,"ICE 317",2609031815,18,0
"Köln Hbf",-1900115166859559092-2609031347-9,"ICE 858",2609031822,0,0
"Köln Hbf",-4521437519262178170-2609031345-8,"ICE 624",2609031823,12,0
"Köln Hbf",-7955422278217659578-2609031703-5,"ICE 1714",2609031825,0,0
"Köln Hbf",1407594009417555306-2609031829-1,"ICE 1613",2609031829,11,0
"Köln Hbf",-2606729120318281706-2609031835-1,"ICE 729",2609031835,20,0
"Köln Hbf",-6750794421454638985-2609031420-9,"ICE 224",2609031843,3,0
"Köln Hbf",9016403526930832374-2609031844-1,"ICE 655",2609031844,15,0
"Köln Hbf",-7956047615718350819-2609031426-10,"ICE 203",2609031848,25,0
"Düsseldorf Hbf",7867558493628354270-2609031115-17,"ICE 1037",2609031850,3,0
"Köln Hbf",-2184183339020510937-2609031853-1,"IC 1140",2609031853,0,1
"Köln Hbf",-4993658562668146489-2609031359-9,"ICE 104",2609031905,2,0
"Köln Hbf",-6203972860199385760-2609031624-6,"IC 1143",2609031906,0,1
"Düsseldorf Hbf",3141971505559871903-2609031447-11,"ICE 546",2609031908,11,0
"Köln Hbf",8430642524571604487-2609031452-8,"ICE 556",2609031915,37,0
"Köln Hbf",-4997552987396627422-2609031811-6,"ICE 1512",2609031933,8,0
"Köln Hbf",4475518384167562436-2609031935-1,"ICE 821",2609031935,15,0
"Köln Hbf",-2451771813568964797-2609031936-1,"ICE 957",2609031936,3,0
"Köln Hbf",-8942408890709913676-2609031833-3,"ICE 10",2609031940,10,0
"Düsseldorf Hbf",-4055232889596422409-2609030803-29,"ICE 118",2609031945,25,0
"Düsseldorf Hbf",3778695356863398992-2609031945-1,"ICE 947",2609031945,2,0
"Düsseldorf Hbf",1492120664389609114-2609031604-14,"IC 2207",2609031946,35,0
"Köln Hbf",2576231255055476975-2609031839-4,"ICE 120",2609031946,6,0
"Köln Hbf",-5425302918995479956-2609031526-12,"ICE 615",2609031946,37,0
"Köln Hbf",-2599950570116389517-2609031638-7,"ICE 129",2609031950,25,0
"Köln Hbf",3319753175041874068-2609031953-1,"ICE 1021",2609031953,5,0
"Köln Hbf",-5040855886902453859-2609031528-8,"ICE 514",2609032005,8,0
"Düsseldorf Hbf",-9003107645534276753-2609031547-11,"ICE 846",2609032015,59,0
"Köln Hbf",4341219805487381340-2609031825-5,"ICE 19",2609032015,10,0
"Köln Hbf",-819597198211929243-2609031547-9,"ICE 856",2609032022,55,0
"Köln Hbf",7637791827350523725-2609032024-1,"ICE 823",2609032024,10,0
"Köln Hbf",5646922477923288654-2609032045-1,"ICE 657",2609032045,3,0
"Köln Hbf",-6235789055676348186-2609031626-10,"ICE 205",2609032048,29,0
"Düsseldorf Hbf",8262134096716058006-2609031353-13,"ICE 2215",2609032050,0,1
"Köln Hbf",-1473988678411286148-2609032053-1,"IC 1142",2609032053,0,1
"Köln Hbf",528258721848223012-2609031559-9,"ICE 102",2609032105,0,0
"Köln Hbf",-1797131029278033890-2609031824-6,"IC 2349",2609032106,0,1
"Düsseldorf Hbf",-5885856201096992744-2609031647-12,"ICE 544",2609032109,23,0
"Köln Hbf",6625519329407624873-2609031652-8,"ICE 554",2609032114,40,0
"Düsseldorf Hbf",6194893901306646476-2609031726-12,"ICE 617",2609032122,24,0
"Düsseldorf Hbf",-2112756721455434408-2609031648-8,"ICE 912",2609032125,81,0
"Köln Hbf",1555483896112278137-2609032014-6,"ICE 318",2609032139,15,0
"Düsseldorf Hbf",7815132584915700016-2609031716-11,"ICE 1542",2609032144,15,0
"Köln Hbf",-7056878515633598205-2609031838-7,"ICE 221",2609032146,74,0
"Düsseldorf Hbf",50770787591072936-2609031644-9,"ICE 528",2609032149,35,0
"Köln Hbf",6194893901306646476-2609031726-13,"ICE 617",2609032155,50,0
"Köln Hbf",7537395545451740415-2609031728-8,"ICE 512",2609032205,8,0
"Köln Hbf",-8088851598754426904-2609032022-4,"ICE 319",2609032215,0,0
"Köln Hbf",4711383125555203513-2609031747-9,"ICE 854",2609032222,0,0
"Köln Hbf",6195485783263057734-2609031819-8,"ICE 910",2609032230,-3,0
"Düsseldorf Hbf",4804116960335233530-2609031522-17,"IC 2444",2609032236,20,0
"Köln Hbf",6810614476303646777-2609031826-10,"ICE 207",2609032248,10,0
"Düsseldorf Hbf",1123272061820542344-2609031732-8,"ICE 24",2609032249,26,0
"Köln Hbf",-3578772766631177771-2609032024-7,"IC 2347",2609032306,0,1
"Düsseldorf Hbf",7537395545451740415-2609031728-9,"ICE 512",2609032308,23,0
"Düsseldorf Hbf",-1854738006003716349-2609031847-13,"ICE 542",2609032310,5,0
"Köln Hbf",4005400229928334385-2609031659-16,"ICE 100",2609032310,15,0
"Düsseldorf Hbf",5926473462606976417-2609031926-12,"ICE 619",2609032326,4,0
"Köln Hbf",4804116960335233530-2609031522-18,"IC 2444",2609032338,-6,0
"Köln Hbf",-6524998557445987060-2609031844-11,"ICE 524",2609032339,2,0
"Düsseldorf Hbf",4005400229928334385-2609031659-17,"ICE 100",2609032345,34,0
"Düsseldorf Hbf",3736117015423388331-2609031746-9,"ICE 526",2609032346,10,0
"Köln Hbf",7582314568044505717-2609032000-7,"IC 60403",2609032355,9,0
"Köln Hbf",5926473462606976417-2609031926-13,"ICE 619",2609040000,17,0
"Düsseldorf Hbf",-3578772766631177771-2609032024-8,"IC 2347",2609040001,0,1
"Köln Hbf",2579078581490934825-2609031852-7,"ICE 552",2609040009,30,0
"Köln Hbf",8322424274180843926-2609031928-9,"ICE 510",2609040010,0,0
"Köln Hbf",-111241669532597234-2609031947-9,"ICE 852",2609040023,25,0
"Köln Hbf",-4383803236760390820-2609031945-11,"ICE 522",2609040031,10,0
"Köln Hbf",-4463983841688751065-2609031950-9,"ICE 209",2609040046,25,0
"Düsseldorf Hbf",3337083331722830688-2609031932-8,"ICE 22",2609040051,11,0
"Köln Hbf",8503777394879306018-2609032322-7,"ICE 920",2609040205,7,0
"Köln Hbf",2774174590951633862-2609032145-10,"ICE 921",2609040307,0,0
"Köln Hbf",7130605216857004791-2609040321-1,"ICE 827",2609040321,1,0
"Köln Hbf",-1822966271854478829-2609040410-1,"ICE 1028",2609040410,0,0
"Köln Hbf",-7455087584675999219-2609040428-1,"ICE 521",2609040428,0,0
"Düsseldorf Hbf",7689753369496270134-2609040448-1,"ICE 541",2609040448,1,0
"Köln Hbf",-1981361635087318141-2609040511-1,"IC 2445",2609040511,1,0
"Köln Hbf",1179810196779242077-2609040511-1,"ICE 208",2609040511,0,0
"Düsseldorf Hbf",3596733780499351643-2609040435-3,"ICE 23",2609040520,3,0
"Köln Hbf",-397321280238564306-2609040525-1,"ICE 911",2609040525,0,0
"Köln Hbf",-486178897212069438-2609040534-1,"ICE 853",2609040534,0,0
"Köln Hbf",4753870957390372842-2609032159-11,"IC 60402",2609040544,11,0
"Düsseldorf Hbf",707692460492138158-2609032342-18,"ICE 1540",2609040546,9,1
"Köln Hbf",6856208171401458843-2609040438-4,"ICE 222",2609040546,0,0
"Köln Hbf",4230433869735770140-2609040548-1,"ICE 511",2609040548,2,0
"Köln Hbf",2178700040520449500-2609040601-1,"ICE 711",2609040601,1,0
"Köln Hbf",2686007473625185344-2609040001-12,"ICE 618",2609040604,-1,0
"Düsseldorf Hbf",-6165068286223376269-2609040511-4,"ICE 913",2609040613,0,0
"Köln Hbf",1878809338003406023-2609040627-1,"ICE 1511",2609040627,1,0
"Köln Hbf",-7151271002257875909-2609040502-6,"IC 2348",2609040645,25,0
"Köln Hbf",-8806275556870827116-2609040645-1,"ICE 553",2609040645,13,0
"Düsseldorf Hbf",-484645393417907160-2609040648-1,"ICE 543",2609040648,20,0
"Köln Hbf",8735574551800398555-2609040515-3,"ICE 101",2609040648,2,0
"Düsseldorf Hbf",542680258128049209-2609040602-3,"ICE 25",2609040657,1,0
"Düsseldorf Hbf",2686007473625185344-2609040001-13,"ICE 618",2609040657,4,0
"Köln Hbf",707692460492138158-2609032342-19,"ICE 1540",2609040659,0,1
"Köln Hbf",-2103315967753215489-2609040609-3,"IC 2443",2609040706,6,0
"Köln Hbf",6135728412348303878-2609040711-1,"ICE 206",2609040711,0,0
"Köln Hbf",8378187760869811763-2609040541-7,"ICE 826",2609040716,1,0
"Köln Hbf",-7772981549573087469-2609040733-1,"ICE 1713",2609040733,0,0
"Köln Hbf",7280780786399683236-2609040735-1,"ICE 855",2609040735,2,0
"Köln Hbf",4021377973164879687-2609040634-3,"ICE 18",2609040740,3,0
"Köln Hbf",-3687533052908579649-2609040639-4,"ICE 220",2609040746,5,0
"Köln Hbf",-4982927676060135122-2609040754-1,"ICE 513",2609040754,1,0
"Köln Hbf",-3118459641712443593-2609040601-5,"ICE 712",2609040757,1,0
"Düsseldorf Hbf",8056505330798593907-2609040630-6,"ICE 119",2609040803,7,0
"Köln Hbf",937531600424895578-2609040549-4,"ICE 616",2609040805,1,0
"Düsseldorf Hbf",2500624361212418675-2609040812-1,"IC 2206",2609040812,1,0
"Köln Hbf",-683349446891373235-2609040623-5,"ICE 11",2609040816,8,0
"Köln Hbf",1795377954048554987-2609040708-4,"ICE 824",2609040825,-3,0
"Köln Hbf",-2307934263002248776-2609040829-1,"ICE 1513",2609040829,19,0
"Köln Hbf",-5067205027928923412-2609040844-1,"ICE 555",2609040844,0,0
"Köln Hbf",-3987770513815330460-2609040539-11,"IC 2040",2609040845,16,0
"Köln Hbf",8518232099080018263-2609040426-11,"ICE 103",2609040848,18,1
"Düsseldorf Hbf",-3319510478025615006-2609040849-1,"ICE 545",2609040849,7,0
"Düsseldorf Hbf",-1790024725878292801-2609040755-3,"ICE 27",2609040902,11,0
"Köln Hbf",735896325928713766-2609040525-7,"ICE 204",2609040905,1,0
"Köln Hbf",-4092015137550028067-2609040643-5,"IC 1141",2609040906,120,0
"Düsseldorf Hbf",7140784814942585893-2609040908-1,"ICE 1036",2609040908,1,0
"Köln Hbf",5146840242049916044-2609040640-5,"ICE 656",2609040915,28,0
"Köln Hbf",-6223962037244896084-2609040441-9,"ICE 822",2609040923,0,0
"Köln Hbf",8918082092638159592-2609040812-6,"ICE 1612",2609040932,0,0
"Köln Hbf",4808505193572698730-2609040934-1,"ICE 621",2609040934,1,0
"Köln Hbf",7127812590731908748-2609040935-1,"ICE 857",2609040935,10,0
"Düsseldorf Hbf",-5947456125297650390-2609040420-9,"ICE 1014",2609040938,31,0
"Köln Hbf",-5717720788505540143-2609040833-3,"ICE 316",2609040939,8,0
"Düsseldorf Hbf",-6760724929342255350-2609040634-13,"IC 2007",2609040946,15,0
"Köln Hbf",-8155331480429548080-2609040838-4,"ICE 128",2609040946,7,0
"Köln Hbf",6512354943507599026-2609040526-12,"ICE 515",2609040946,25,1
"Köln Hbf",1800994547680145354-2609040638-7,"ICE 121",2609040948,28,0
"Düsseldorf Hbf",-6451336611813262895-2609040949-1,"ICE 847",2609040949,10,0
"Düsseldorf Hbf",-4782954664003624221-2609040526-13,"ICE 946",2609041000,10,0
"Köln Hbf",67517114520381301-2609040533-8,"ICE 614",2609041005,4,0
"Köln Hbf",4250821308365947570-2609040528-8,"ICE 1022",2609041006,65,0
"Köln Hbf",7296668088221534520-2609040825-5,"ICE 13",2609041016,7,0
"Köln Hbf",5509309536167095600-2609040544-9,"ICE 820",2609041022,3,0
"Köln Hbf",-6590078199824287896-2609040526-10,"ICE 956",2609041022,9,0
"Köln Hbf",309221757920376132-2609041029-1,"ICE 1515",2609041029,40,0
"Köln Hbf",-102525019719472236-2609041035-1,"ICE 623",2609041035,1,0
"Köln Hbf",-8614664585551473503-2609041044-1,"ICE 557",2609041044,0,0
"Köln Hbf",-3500545049874534285-2609040626-10,"ICE 105",2609041048,32,0
"Köln Hbf",8125274319994745100-2609041053-1,"ICE 2013",2609041053,0,1
"Düsseldorf Hbf",3704713885565394549-2609040954-3,"ICE 29",2609041059,19,0
"Köln Hbf",-508151058757607646-2609040716-9,"ICE 202",2609041105,1,0
"Köln Hbf",-6481439876214998765-2609040824-6,"IC 1149",2609041106,79,0
"Köln Hbf",-2664747470423541798-2609040652-8,"ICE 654",2609041114,13,0
"Köln Hbf",-7827307397706401371-2609040644-7,"ICE 728",2609041114,5,0
"Düsseldorf Hbf",3450663025951470366-2609040602-8,"ICE 1521",2609041122,9,0
"Köln Hbf",-3957012879697216923-2609041128-1,"ICE 625",2609041128,18,0
"Köln Hbf",467631948029280047-2609040747-6,"ICE 225",2609041130,47,0
"Köln Hbf",98157840525274029-2609041011-6,"ICE 1610",2609041133,5,0
"Köln Hbf",-9221432942161771616-2609041135-1,"ICE 859",2609041135,14,0
"Düsseldorf Hbf",-6324333303227400345-2609040620-9,"ICE 1012",2609041138,20,0
"Köln Hbf",-3207602294555876168-2609041034-3,"ICE 16",2609041139,10,0
"Düsseldorf Hbf",6862846665566225825-2609040834-13,"IC 2009",2609041146,9,0
"Köln Hbf",-4712053304823003938-2609041037-4,"ICE 126",2609041146,3,0
"Köln Hbf",-4602427783665327588-2609040726-12,"ICE 517",2609041146,41,1
"Düsseldorf Hbf",-3935110464616838577-2609041150-1,"ICE 849",2609041150,1,0
"Köln Hbf",-7184453857839759572-2609040728-8,"ICE 612",2609041205,12,0
"Düsseldorf Hbf",789381465621699355-2609040747-12,"ICE 944",2609041208,103,1
"Düsseldorf Hbf",-7128496410667293841-2609041141-3,"ICE 919",2609041211,5,0
"Düsseldorf Hbf",-7980618844733889465-2609041212-1,"IC 2202",2609041212,3,0
"Köln Hbf",-6382331557337532208-2609041025-5,"ICE 15",2609041215,40,0
"Köln Hbf",5394868531176279031-2609040742-8,"ICE 726",2609041222,6,0
"Köln Hbf",5065395714490050726-2609040747-9,"ICE 954",2609041222,114,0
"Köln Hbf",-8376398398323607088-2609041229-1,"ICE 1517",2609041229,5,0
"Köln Hbf",-5308110480256171895-2609041235-1,"ICE 627",2609041235,5,0
"Köln Hbf",5886092952094503689-2609041244-1,"ICE 559",2609041244,8,0
"Düsseldorf Hbf",-4720939071561043690-2609041245-1,"ICE 1747",2609041245,15,0
"Köln Hbf",-5703640496454004355-2609040825-10,"ICE 107",2609041248,13,0
"Köln Hbf",-1612168290370370104-2609041253-1,"IC 1144",2609041253,0,0
"Düsseldorf Hbf",6492627968416470339-2609041151-3,"ICE 229",2609041259,4,0
"Köln Hbf",5555371111259384160-2609040759-9,"ICE 200",2609041305,13,0
"Köln Hbf",-6208210295016408326-2609041024-6,"IC 1147",2609041306,19,0
"Düsseldorf Hbf",647457741291414840-2609041308-1,"ICE 1032",2609041308,4,0
"Köln Hbf",7029715491133337413-2609040852-8,"ICE 652",2609041315,113,0
"Köln Hbf",-4676367904559688889-2609040845-7,"ICE 724",2609041320,10,0
"Köln Hbf",-7017661080292591369-2609041211-6,"ICE 1518",2609041333,2,0
"Köln Hbf",6951976513081370096-2609041335-1,"ICE 629",2609041335,4,0
"Köln Hbf",-4020550040361167307-2609041335-1,"ICE 951",2609041335,30,0
"Düsseldorf Hbf",-1202781486977583710-2609040819-9,"ICE 1010",2609041338,0,0
"Köln Hbf",4216288988927907099-2609041234-3,"ICE 314",2609041339,5,0
"Düsseldorf Hbf",5900362052756938804-2609040951-16,"IC 2201",2609041346,12,0
"Köln Hbf",-5676785138972199399-2609041238-4,"ICE 124",2609041346,5,0
"Köln Hbf",-8471873024121272354-2609040926-12,"ICE 519",2609041346,35,0
"Düsseldorf Hbf",-1360629902197387952-2609041350-1,"ICE 941",2609041350,0,1
"Köln Hbf",1869793107893408377-2609041031-7,"ICE 123",2609041350,35,0
"Düsseldorf Hbf",2302205434167916974-2609040914-8,"ICE 1052",2609041351,57,0
"Köln Hbf",9011011619156863439-2609040928-8,"ICE 610",2609041405,1,0
"Düsseldorf Hbf",7024771559125615258-2609040947-12,"ICE 942",2609041408,117,0
"Düsseldorf Hbf",-1028317492285744164-2609041412-1,"IC 2200",2609041412,2,0
"Düsseldorf Hbf",1498970491868650740-2609041341-3,"ICE 1011",2609041412,0,0
"Köln Hbf",4815612638303090443-2609041225-5,"ICE 315",2609041415,18,0
"Düsseldorf Hbf",-6486623871685837057-2609041417-1,"ICE 1549",2609041417,2,0
"Köln Hbf",-7906017824379584014-2609040946-8,"ICE 722",2609041422,0,0
"Köln Hbf",2625224039751841654-2609040947-9,"ICE 952",2609041422,106,0
"Köln Hbf",4846835449118805747-2609041429-1,"ICE 1519",2609041429,4,0
"Köln Hbf",-6101997417012307279-2609041435-1,"ICE 721",2609041435,10,0
"Köln Hbf",-6270903731699972278-2609041444-1,"ICE 651",2609041444,25,0
"Köln Hbf",6610086332469437335-2609041026-10,"ICE 109",2609041448,25,0
"Düsseldorf Hbf",-553863566957669250-2609040730-16,"ICE 1033",2609041450,11,0
"Köln Hbf",-183488429436094491-2609041453-1,"IC 1146",2609041453,0,0
"Düsseldorf Hbf",338204297594764006-2609040827-9,"ICE 926",2609041456,12,0
"Köln Hbf",7702481692019596064-2609040808-12,"ICE 108",2609041505,9,0
"Köln Hbf",-4867746213436475772-2609041224-6,"IC 1145",2609041506,36,0
"Köln Hbf",-7022498938457192021-2609041052-8,"ICE 650",2609041515,50,0
"Düsseldorf Hbf",-9217867316075344623-2609041451-3,"ICE 1013",2609041518,14,0
"Köln Hbf",6519626148103819066-2609041045-8,"ICE 720",2609041522,40,0
"Düsseldorf Hbf",-7488086226986523364-2609040844-14,"ICE 1746",2609041526,60,0
"Köln Hbf",4945186918802353023-2609041411-6,"ICE 1516",2609041533,22,0
"Köln Hbf",7134230027765827287-2609041535-1,"ICE 723",2609041535,1,0
"Köln Hbf",-107298036587741504-2609041535-1,"ICE 953",2609041535,40,0
"Köln Hbf",2218943744552257469-2609041434-3,"ICE 14",2609041539,5,0
"Düsseldorf Hbf",7844358081895785158-2609041019-9,"ICE 918",2609041541,3,0
"Düsseldorf Hbf",-5658659223224507916-2609041115-11,"ICE 1546",2609041542,55,0
"Düsseldorf Hbf",-257816953041096365-2609041136-16,"IC 2203",2609041546,15,0
"Köln Hbf",4524910290568704513-2609041439-4,"ICE 122",2609041546,2,0
"Köln Hbf",5653087570567167872-2609041126-12,"ICE 611",2609041546,32,0
"Düsseldorf Hbf",6378881227509878523-2609041550-1,"ICE 943",2609041550,45,0
"Köln Hbf",-9018982874238179365-2609041233-7,"ICE 125",2609041550,53,0
"Köln Hbf",-6452407069337976676-2609041128-8,"ICE 518",2609041605,17,0
"Düsseldorf Hbf",-3330605035074967330-2609041147-12,"ICE 940",2609041607,77,0
"Düsseldorf Hbf",-8870642212391901303-2609041612-1,"IC 2008",2609041612,6,0
"Köln Hbf",-482221124538025922-2609041425-5,"ICE 17",2609041615,10,0
"Köln Hbf",375201943151232777-2609041147-9,"ICE 950",2609041621,61,0
"Köln Hbf",8429649765325465614-2609041145-8,"ICE 628",2609041623,27,0
"Köln Hbf",-6579606754577220741-2609041501-5,"ICE 1716",2609041625,7,0
"Düsseldorf Hbf",-6267610585861270260-2609041628-1,"ICE 1520",2609041628,5,0
"Köln Hbf",5058768902280124693-2609041629-1,"ICE 1611",2609041629,6,0
"Köln Hbf",-7748634698858618038-2609041635-1,"ICE 725",2609041635,7,0
"Köln Hbf",-157208555968192668-2609041644-1,"ICE 653",2609041644,0,0
"Köln Hbf",-762086226758254325-2609041226-10,"ICE 201",2609041648,20,0
"Köln Hbf",-6827720526952345243-2609041653-1,"IC 1148",2609041653,1,0
"Düsseldorf Hbf",7010757467826963006-2609041132-8,"ICE 228",2609041657,13,0
"Düsseldorf Hbf",-2227421400595671565-2609041659-1,"ICE 929",2609041659,0,0
"Köln Hbf",-8705107722613527627-2609041059-15,"ICE 106",2609041705,0,0
"Köln Hbf",-2894975550766125611-2609041252-8,"ICE 558",2609041715,53,0
"Köln Hbf",5042424630356113204-2609041245-7,"ICE 626",2609041719,17,0
"Köln Hbf",-1057492321374091038-2609041731-1,"ICE 713",2609041731,4,0
"Köln Hbf",-8631361224774257822-2609041611-6,"ICE 1514",2609041733,11,0
"Köln Hbf",-3136626509911780378-2609041735-1,"ICE 727",2609041735,0,0
"Köln Hbf",-4550645364654346112-2609041735-1,"ICE 955",2609041735,17,0
"Köln Hbf",3763871362376381297-2609041634-3,"ICE 12",2609041740,12,0
"Düsseldorf Hbf",-1838827148333657754-2609041220-9,"ICE 916",2609041741,13,0
"Köln Hbf",-2910589038648014094-2609041326-12,"ICE 613",2609041746,39,0
"Düsseldorf Hbf",-8275737537227179086-2609041750-1,"ICE 945",2609041750,2,0
"Köln Hbf",5612128767266048221-2609041433-7,"ICE 127",2609041750,9,0
"Düsseldorf Hbf",3945307300825770553-2609041315-8,"ICE 1050",2609041751,44,0
"Köln Hbf",6954924236955692259-2609041328-8,"ICE 516",2609041805,2,0
"Köln Hbf",944231164744023574-2609041332-7,"ICE 28",2609041806,6,0
"Düsseldorf Hbf",4759852328888448180-2609040950-13,"ICE 2012",2609041807,0,1
"Düsseldorf Hbf",3702662415087684826-2609041347-12,"ICE 848",2609041807,11,0
"Köln Hbf",6423634419829337550-2609041434-11,"ICE 710",2609041808,0,0
"Düsseldorf Hbf",4745101765886089109-2609041812-1,"IC 2006",2609041812,4,0
"Düsseldorf Hbf",-8750926457781455409-2609041204-22,"IC 2152",2609041812,91,0
"Düsseldorf Hbf",-2585135652499158105-2609041741-3,"ICE 1015",2609041815,31,0
"Köln Hbf",4992819178731237054-2609041622-5,"ICE 317",2609041815,20,0
"Köln Hbf",-1900115166859559092-2609041347-9,"ICE 858",2609041822,32,0
"Köln Hbf",-4521437519262178170-2609041345-8,"ICE 624",2609041823,-1,0
"Köln Hbf",-7955422278217659578-2609041703-5,"ICE 1714",2609041825,5,0
"Köln Hbf",1407594009417555306-2609041829-1,"ICE 1613",2609041829,0,0
"Köln Hbf",-2606729120318281706-2609041835-1,"ICE 729",2609041835,0,0
"Köln Hbf",-6750794421454638985-2609041420-9,"ICE 224",2609041843,2,0
"Köln Hbf",9016403526930832374-2609041844-1,"ICE 655",2609041844,5,0
"Köln Hbf",-7956047615718350819-2609041426-10,"ICE 203",2609041848,48,0
"Düsseldorf Hbf",7867558493628354270-2609041115-17,"ICE 1037",2609041850,31,0
"Köln Hbf",-2184183339020510937-2609041853-1,"IC 1140",2609041853,10,0
"Köln Hbf",-4993658562668146489-2609041359-9,"ICE 104",2609041905,5,0
"Köln Hbf",-6203972860199385760-2609041624-6,"IC 1143",2609041906,32,0
"Düsseldorf Hbf",3141971505559871903-2609041447-11,"ICE 546",2609041908,2,0
"Köln Hbf",8430642524571604487-2609041452-8,"ICE 556",2609041915,58,0
"Köln Hbf",-4997552987396627422-2609041811-6,"ICE 1512",2609041933,54,1
"Köln Hbf",4475518384167562436-2609041935-1,"ICE 821",2609041935,0,0
"Köln Hbf",-2451771813568964797-2609041936-1,"ICE 957",2609041936,8,0
"Köln Hbf",-8942408890709913676-2609041833-3,"ICE 10",2609041940,59,1
"Düsseldorf Hbf",-4055232889596422409-2609040803-29,"ICE 118",2609041945,8,0
"Düsseldorf Hbf",1492120664389609114-2609041604-14,"IC 2207",2609041946,22,0
"Köln Hbf",2576231255055476975-2609041839-4,"ICE 120",2609041946,130,0
"Köln Hbf",-5425302918995479956-2609041526-12,"ICE 615",2609041946,38,0
"Düsseldorf Hbf",3778695356863398992-2609041950-1,"ICE 947",2609041950,1,0
"Köln Hbf",-2599950570116389517-2609041633-7,"ICE 129",2609041950,47,0
"Köln Hbf",3319753175041874068-2609041953-1,"ICE 1021",2609041953,9,0
"Köln Hbf",-5040855886902453859-2609041528-8,"ICE 514",2609042005,65,0
"Düsseldorf Hbf",-9003107645534276753-2609041547-11,"ICE 846",2609042015,49,0
"Köln Hbf",4341219805487381340-2609041825-5,"ICE 19",2609042015,8,0
"Köln Hbf",-819597198211929243-2609041547-9,"ICE 856",2609042022,61,0
"Köln Hbf",7637791827350523725-2609042024-1,"ICE 823",2609042024,19,0
"Köln Hbf",5646922477923288654-2609042045-1,"ICE 657",2609042045,8,0
"Köln Hbf",-6235789055676348186-2609041626-10,"ICE 205",2609042048,17,0
"Düsseldorf Hbf",8262134096716058006-2609041353-13,"ICE 2215",2609042051,135,0
"Köln Hbf",-1473988678411286148-2609042053-1,"IC 1142",2609042053,0,1
"Köln Hbf",528258721848223012-2609041559-9,"ICE 102",2609042105,18,0
"Köln Hbf",-1797131029278033890-2609041824-6,"IC 2349",2609042106,20,0
"Düsseldorf Hbf",-5885856201096992744-2609041647-12,"ICE 544",2609042109,74,0
"Köln Hbf",6625519329407624873-2609041652-8,"ICE 554",2609042114,91,0
"Düsseldorf Hbf",6194893901306646476-2609041726-11,"ICE 617",2609042121,15,0
"Düsseldorf Hbf",-2112756721455434408-2609041648-8,"ICE 912",2609042125,42,0
"Köln Hbf",8262134096716058006-2609041353-14,"ICE 2215",2609042130,122,0
"Köln Hbf",-5885856201096992744-2609041647-13,"ICE 544",2609042135,74,0
"Düsseldorf Hbf",50770787591072936-2609041644-9,"ICE 528",2609042137,38,0
"Köln Hbf",1555483896112278137-2609042014-6,"ICE 318",2609042139,8,1
"Düsseldorf Hbf",-743390444667924643-2609041757-16,"IC 2209",2609042146,27,0
"Köln Hbf",-7056878515633598205-2609041833-7,"ICE 221",2609042146,25,0
"Köln Hbf",6194893901306646476-2609041726-12,"ICE 617",2609042148,12,0
"Köln Hbf",1123272061820542344-2609041732-7,"ICE 24",2609042206,85,0
"Düsseldorf Hbf",-4080761801504144103-2609041747-10,"ICE 844",2609042210,73,0
"Köln Hbf",-8088851598754426904-2609042022-4,"ICE 319",2609042215,12,0
"Köln Hbf",4711383125555203513-2609041747-9,"ICE 854",2609042222,46,0
"Düsseldorf Hbf",6810614476303646777-2609041826-11,"ICE 207",2609042225,30,0
"Düsseldorf Hbf",7537395545451740415-2609041728-9,"ICE 512",2609042226,12,0
"Düsseldorf Hbf",1123272061820542344-2609041732-8,"ICE 24",2609042232,87,0
"Düsseldorf Hbf",3736117015423388331-2609041746-9,"ICE 526",2609042236,65,0
"Köln Hbf",-3578772766631177771-2609042024-7,"IC 2347",2609042306,32,0
"Düsseldorf Hbf",-1854738006003716349-2609041847-10,"ICE 542",2609042312,43,0
"Köln Hbf",-4080761801504144103-2609041747-11,"ICE 844",2609042313,31,0
"Düsseldorf Hbf",7582314568044505717-2609042101-7,"IC 60403",2609042319,16,0
"Düsseldorf Hbf",5926473462606976417-2609041854-11,"ICE 619",2609042323,41,0
"Köln Hbf",5987880351959364904-2609042327-1,"ICE 1541",2609042327,45,0
"Düsseldorf Hbf",4005400229928334385-2609041659-17,"ICE 100",2609042337,16,1
"Köln Hbf",6810614476303646777-2609041826-12,"ICE 207",2609042337,-13,0
"Düsseldorf Hbf",-3578772766631177771-2609042024-8,"IC 2347",2609042341,27,0
"Düsseldorf Hbf",5987880351959364904-2609042327-2,"ICE 1541",2609042349,46,0
"Köln Hbf",3337083331722830688-2609041932-7,"ICE 22",2609050006,37,0
"Düsseldorf Hbf",-4737482986446738332-2609041947-10,"ICE 842",2609050008,22,0
"Düsseldorf Hbf",-111241669532597234-2609041947-10,"ICE 852",2609050008,22,0
"Köln Hbf",2579078581490934825-2609041852-7,"ICE 552",2609050009,68,0
"Köln Hbf",-1854738006003716349-2609041847-11,"ICE 542",2609050020,0,0
"Düsseldorf Hbf",-4463983841688751065-2609041950-11,"ICE 209",2609050024,59,0
"Köln Hbf",-4737482986446738332-2609041947-11,"ICE 842",2609050034,17,0
"Köln Hbf",-111241669532597234-2609041947-11,"ICE 852",2609050034,17,0
"Düsseldorf Hbf",3337083331722830688-2609041932-8,"ICE 22",2609050035,36,0
"Köln Hbf",-4463983841688751065-2609041950-12,"ICE 209",2609050056,52,0
"Köln Hbf",-4383803236760390820-2609041945-11,"ICE 522",2609050103,6,0
"Düsseldorf Hbf",1262455023520421500-2609041920-16,"ICE 550",2609050146,1,0
"Köln Hbf",8503777394879306018-2609042323-7,"ICE 920",2609050205,13,0
"Köln Hbf",1262455023520421500-2609041920-17,"ICE 550",2609050213,-3,0
"Düsseldorf Hbf",8503777394879306018-2609042323-8,"ICE 920",2609050231,14,0
"Düsseldorf Hbf",2774174590951633862-2609042145-13,"ICE 921",2609050249,22,0
"Köln Hbf",2774174590951633862-2609042145-14,"ICE 921",2609050317,19,0
"Köln Hbf",7130605216857004791-2609050321-1,"ICE 827",2609050321,0,0
"Köln Hbf",8652078400714170233-2609050425-1,"ICE 541",2609050425,0,0
"Köln Hbf",-7455087584675999219-2609050428-1,"ICE 521",2609050428,2,0
"Düsseldorf Hbf",8652078400714170233-2609050425-2,"ICE 541",2609050447,3,0
"Düsseldorf Hbf",-881594861635697900-2609050400-6,"ICE 523",2609050455,0,0
"Köln Hbf",-1981361635087318141-2609050511-1,"IC 2445",2609050511,7,0
"Köln Hbf",1179810196779242077-2609050511-1,"ICE 208",2609050511,0,0
"Köln Hbf",-784036643221120658-2609050514-1,"ICE 2214",2609050514,0,0
"Düsseldorf Hbf",3596733780499351643-2609050422-6,"ICE 23",2609050521,1,0
"Köln Hbf",-397321280238564306-2609050525-1,"ICE 911",2609050525,0,0
"Köln Hbf",-5962154382149198734-2609050526-1,"ICE 843",2609050526,0,0
"Düsseldorf Hbf",1179810196779242077-2609050511-2,"ICE 208",2609050532,1,0
"Köln Hbf",-486178897212069438-2609050534-1,"ICE 853",2609050534,0,0
"Düsseldorf Hbf",-784036643221120658-2609050514-2,"ICE 2214",2609050537,5,0
"Köln Hbf",-3745426514835261167-2609050541-1,"IC 2208",2609050541,20,0
"Köln Hbf",4753870957390372842-2609042159-11,"IC 60402",2609050544,10,0
"Düsseldorf Hbf",6685305965244098180-2609042344-14,"ICE 1540",2609050547,89,0
"Köln Hbf",4230433869735770140-2609050548-1,"ICE 511",2609050548,0,0
"Düsseldorf Hbf",-5962154382149198734-2609050526-2,"ICE 843",2609050549,1,0
"Köln Hbf",3596733780499351643-2609050422-7,"ICE 23",2609050550,0,0
"Düsseldorf Hbf",-3745426514835261167-2609050541-2,"IC 2208",2609050604,26,0
"Köln Hbf",2686007473625185344-2609050001-11,"ICE 618",2609050604,38,0
"Düsseldorf Hbf",4753870957390372842-2609042159-12,"IC 60402",2609050615,8,0
"Köln Hbf",6685305965244098180-2609042344-15,"ICE 1540",2609050615,85,0
"Düsseldorf Hbf",-7586352224211082006-2609050514-4,"ICE 525",2609050618,0,0
"Düsseldorf Hbf",8735574551800398555-2609050524-5,"ICE 101",2609050622,2,0
"Köln Hbf",-4310203737838801908-2609050625-1,"ICE 543",2609050625,0,0
"Düsseldorf Hbf",2686007473625185344-2609050001-12,"ICE 618",2609050632,39,0
"Köln Hbf",-7151271002257875909-2609050502-6,"IC 2348",2609050645,7,0
"Köln Hbf",-8806275556870827116-2609050645-1,"ICE 553",2609050645,0,0
"Düsseldorf Hbf",-4310203737838801908-2609050625-2,"ICE 543",2609050647,1,0
"Köln Hbf",8886211019858254549-2609050649-1,"ICE 222",2609050649,5,0
"Köln Hbf",8735574551800398555-2609050524-6,"ICE 101",2609050650,0,0
"Düsseldorf Hbf",-6165068286223376269-2609050554-5,"ICE 913",2609050702,1,0
"Köln Hbf",-2103315967753215489-2609050609-3,"IC 2443",2609050706,1,0
"Düsseldorf Hbf",8886211019858254549-2609050649-2,"ICE 222",2609050710,15,0
"Köln Hbf",6135728412348303878-2609050711-1,"ICE 206",2609050711,0,0
"Düsseldorf Hbf",-853844594697067860-2609050615-4,"ICE 527",2609050718,4,0
"Düsseldorf Hbf",542680258128049209-2609050621-6,"ICE 25",2609050724,5,0
"Köln Hbf",5312563495212518167-2609050726-1,"ICE 845",2609050726,0,0
"Düsseldorf Hbf",6135728412348303878-2609050711-2,"ICE 206",2609050732,4,0
"Köln Hbf",-7772981549573087469-2609050733-1,"ICE 1713",2609050733,0,0
"Köln Hbf",7280780786399683236-2609050735-1,"ICE 855",2609050735,8,0
"Düsseldorf Hbf",8378187760869811763-2609050541-8,"ICE 826",2609050737,5,0
"Köln Hbf",4021377973164879687-2609050634-3,"ICE 18",2609050740,9,0
"Köln Hbf",2082653246441066227-2609050740-1,"ICE 2310",2609050740,0,0
"Köln Hbf",-1316725331766652964-2609050603-6,"ICE 513",2609050745,4,0
"Köln Hbf",-8638855930583862299-2609050746-1,"IC 2206",2609050746,10,0
"Düsseldorf Hbf",5312563495212518167-2609050726-2,"ICE 845",2609050749,6,0
"Köln Hbf",542680258128049209-2609050621-7,"ICE 25",2609050750,5,0
"Köln Hbf",-8185131505847408296-2609050801-1,"IC 2306",2609050801,0,0
"Köln Hbf",937531600424895578-2609050549-4,"ICE 616",2609050805,1,0
"Düsseldorf Hbf",2082653246441066227-2609050740-2,"ICE 2310",2609050807,0,0
"Düsseldorf Hbf",-8638855930583862299-2609050746-2,"IC 2206",2609050810,8,0
"Köln Hbf",-683349446891373235-2609050623-5,"ICE 11",2609050816,6,1
"Düsseldorf Hbf",7320863906691937525-2609050719-4,"ICE 529",2609050818,13,0
"Düsseldorf Hbf",8518232099080018263-2609050426-11,"ICE 103",2609050822,5,0
"Köln Hbf",-1489252697791169587-2609050825-1,"ICE 545",2609050825,2,0
"Düsseldorf Hbf",-8185131505847408296-2609050801-2,"IC 2306",2609050826,1,0
"Düsseldorf Hbf",8056505330798593907-2609050706-6,"ICE 119",2609050831,4,0
"Düsseldorf Hbf",1795377954048554987-2609050708-5,"ICE 824",2609050840,2,0
"Köln Hbf",-3687533052908579649-2609050734-4,"ICE 220",2609050843,3,0
"Köln Hbf",-5067205027928923412-2609050844-1,"ICE 555",2609050844,2,0
"Düsseldorf Hbf",1800994547680145354-2609050638-7,"ICE 121",2609050845,5,0
"Köln Hbf",-3987770513815330460-2609050539-12,"IC 2040",2609050845,1,0
"Köln Hbf",6675332026866779665-2609050845-1,"ICE 1036",2609050845,0,0
"Düsseldorf Hbf",-1489252697791169587-2609050825-2,"ICE 545",2609050847,7,0
"Köln Hbf",8518232099080018263-2609050426-12,"ICE 103",2609050850,1,0
"Düsseldorf Hbf",-5947456125297650390-2609050420-9,"ICE 1014",2609050853,2,0
"Düsseldorf Hbf",400157404087783375-2609050753-5,"ICE 915",2609050902,1,0
"Köln Hbf",-3316077366275075692-2609050516-8,"ICE 204",2609050905,3,0
"Düsseldorf Hbf",6675332026866779665-2609050845-2,"ICE 1036",2609050906,4,0
"Köln Hbf",4558275999006255649-2609050643-5,"IC 2441",2609050906,7,0
"Düsseldorf Hbf",-3687533052908579649-2609050734-5,"ICE 220",2609050910,7,0
"Düsseldorf Hbf",6972548221701888574-2609050418-15,"ICE 646",2609050912,9,0
"Köln Hbf",1800994547680145354-2609050638-8,"ICE 121",2609050913,2,0
"Düsseldorf Hbf",-2521696256132503788-2609050920-1,"ICE 621",2609050920,3,0
"Düsseldorf Hbf",-1790024725878292801-2609050820-6,"ICE 27",2609050924,14,0
"Köln Hbf",-8906112445839706377-2609050926-1,"ICE 847",2609050926,2,0
"Düsseldorf Hbf",-6888861751751692665-2609050817-6,"ICE 217",2609050928,4,0
"Düsseldorf Hbf",-3316077366275075692-2609050516-9,"ICE 204",2609050932,17,0
"Köln Hbf",8918082092638159592-2609050812-6,"ICE 1612",2609050932,1,0
"Köln Hbf",7127812590731908748-2609050935-1,"ICE 857",2609050935,11,0
"Düsseldorf Hbf",-6223962037244896084-2609050441-10,"ICE 822",2609050936,15,0
"Köln Hbf",-5717720788505540143-2609050833-3,"ICE 316",2609050939,1,0
"Düsseldorf Hbf",-6760724929342255350-2609050634-13,"IC 2007",2609050946,3,0
"Köln Hbf",-3482704518387342076-2609050946-1,"IC 2204",2609050946,7,0
"Köln Hbf",6512354943507599026-2609050526-12,"ICE 515",2609050946,7,0
"Düsseldorf Hbf",-8906112445839706377-2609050926-2,"ICE 847",2609050949,10,0
"Köln Hbf",-1790024725878292801-2609050820-7,"ICE 27",2609050952,11,0
"Köln Hbf",67517114520381301-2609050533-8,"ICE 614",2609051005,0,0
"Köln Hbf",4250821308365947570-2609050528-8,"ICE 1022",2609051006,55,0
"Düsseldorf Hbf",-3482704518387342076-2609050946-2,"IC 2204",2609051008,17,0
"Düsseldorf Hbf",-4782954664003624221-2609050526-12,"ICE 946",2609051008,21,0
"Köln Hbf",-6760724929342255350-2609050634-14,"IC 2007",2609051014,1,0
"Köln Hbf",7296668088221534520-2609050825-5,"ICE 13",2609051016,16,0
"Düsseldorf Hbf",7692347899239356115-2609051019-1,"ICE 623",2609051019,0,0
"Düsseldorf Hbf",-3500545049874534285-2609050626-11,"ICE 105",2609051022,14,0
"Köln Hbf",-6590078199824287896-2609050526-11,"ICE 956",2609051022,2,0
"Köln Hbf",309221757920376132-2609051029-1,"ICE 1515",2609051029,1,0
"Düsseldorf Hbf",4250821308365947570-2609050528-9,"ICE 1022",2609051035,54,0
"Düsseldorf Hbf",5509309536167095600-2609050544-10,"ICE 820",2609051040,0,0
"Köln Hbf",-8155331480429548080-2609050934-4,"ICE 128",2609051043,4,0
"Köln Hbf",-8614664585551473503-2609051044-1,"ICE 557",2609051044,1,0
"Düsseldorf Hbf",467631948029280047-2609050831-7,"ICE 225",2609051045,11,0
"Köln Hbf",5248730939501738569-2609050602-15,"IC 2042",2609051045,10,0
"Düsseldorf Hbf",211585818996437737-2609051048-1,"ICE 547",2609051048,2,0
"Köln Hbf",-3500545049874534285-2609050626-12,"ICE 105",2609051050,10,0
"Düsseldorf Hbf",-6324333303227400345-2609050620-9,"ICE 1012",2609051053,1,0
"Köln Hbf",8125274319994745100-2609051053-1,"ICE 2013",2609051053,20,0
"Köln Hbf",-5484826633666848988-2609051059-1,"ICE 903",2609051059,10,0
"Köln Hbf",-508151058757607646-2609050716-9,"ICE 202",2609051105,3,0
"Köln Hbf",6110717110533777360-2609050824-6,"IC 2049",2609051106,14,0
"Düsseldorf Hbf",2417110662322496020-2609050647-10,"ICE 644",2609051109,17,0
"Düsseldorf Hbf",-8155331480429548080-2609050934-5,"ICE 128",2609051110,8,0
"Köln Hbf",467631948029280047-2609050831-8,"ICE 225",2609051114,13,0
"Köln Hbf",-2664747470423541798-2609050652-8,"ICE 654",2609051114,27,0
"Düsseldorf Hbf",-1863724056778564852-2609051117-1,"ICE 625",2609051117,0,0
"Düsseldorf Hbf",3450663025951470366-2609050602-8,"ICE 1521",2609051119,12,0
"Düsseldorf Hbf",3704713885565394549-2609051024-4,"ICE 29",2609051124,15,0
"Düsseldorf Hbf",-508151058757607646-2609050716-10,"ICE 202",2609051132,11,0
"Köln Hbf",98157840525274029-2609051011-6,"ICE 1610",2609051133,3,0
"Köln Hbf",-9221432942161771616-2609051135-1,"ICE 859",2609051135,5,0
"Düsseldorf Hbf",-7827307397706401371-2609050644-8,"ICE 728",2609051137,11,0
"Köln Hbf",-3207602294555876168-2609051034-3,"ICE 16",2609051139,11,0
"Köln Hbf",3450663025951470366-2609050602-9,"ICE 1521",2609051145,8,0
"Düsseldorf Hbf",6862846665566225825-2609050834-13,"IC 2009",2609051146,7,0
"Köln Hbf",-8775310893499181309-2609051146-1,"IC 2202",2609051146,1,0
"Köln Hbf",-4602427783665327588-2609050726-12,"ICE 517",2609051146,9,0
"Düsseldorf Hbf",-3935110464616838577-2609051150-1,"ICE 849",2609051150,0,0
"Köln Hbf",3704713885565394549-2609051024-5,"ICE 29",2609051150,15,0
"Köln Hbf",-7184453857839759572-2609050728-8,"ICE 612",2609051205,2,0
"Düsseldorf Hbf",-8775310893499181309-2609051146-2,"IC 2202",2609051208,4,0
"Düsseldorf Hbf",789381465621699355-2609050747-10,"ICE 944",2609051208,59,0
"Köln Hbf",4555217987378332456-2609050713-11,"ICE 1548",2609051209,2,0
"Köln Hbf",6862846665566225825-2609050834-14,"IC 2009",2609051214,3,0
"Köln Hbf",-6382331557337532208-2609051025-5,"ICE 15",2609051215,3,0
"Düsseldorf Hbf",-7766800689315712550-2609051219-1,"ICE 627",2609051219,0,0
"Düsseldorf Hbf",-5703640496454004355-2609050825-11,"ICE 107",2609051222,4,0
"Köln Hbf",5065395714490050726-2609050747-9,"ICE 954",2609051222,4,0
"Köln Hbf",-8376398398323607088-2609051229-1,"ICE 1517",2609051229,12,0
"Düsseldorf Hbf",5394868531176279031-2609050742-9,"ICE 726",2609051240,23,0
"Köln Hbf",-4712053304823003938-2609051134-4,"ICE 126",2609051243,9,0
"Köln Hbf",5886092952094503689-2609051244-1,"ICE 559",2609051244,7,0
"Düsseldorf Hbf",1869793107893408377-2609051031-7,"ICE 123",2609051245,6,0
"Köln Hbf",-6199411325888200524-2609050640-18,"IC 2044",2609051245,2,0
"Köln Hbf",607281138257369836-2609051245-1,"ICE 1032",2609051245,0,0
"Düsseldorf Hbf",-5225265888807154878-2609051248-1,"ICE 549",2609051248,1,0
"Köln Hbf",-5703640496454004355-2609050825-12,"ICE 107",2609051250,0,0
"Düsseldorf Hbf",-1202781486977583710-2609050819-9,"ICE 1010",2609051253,2,0
"Düsseldorf Hbf",-5763151150910106247-2609051155-5,"ICE 919",2609051302,37,0
"Köln Hbf",5555371111259384160-2609050759-9,"ICE 200",2609051305,6,0
"Düsseldorf Hbf",607281138257369836-2609051245-2,"ICE 1032",2609051306,2,0
"Köln Hbf",-4063923105147557882-2609051024-6,"IC 2047",2609051306,23,0
"Düsseldorf Hbf",-4712053304823003938-2609051134-5,"ICE 126",2609051310,15,0
"Düsseldorf Hbf",-3811000113167125819-2609050847-11,"ICE 642",2609051311,33,0
"Köln Hbf",1869793107893408377-2609051031-8,"ICE 123",2609051314,7,0
"Köln Hbf",7029715491133337413-2609050852-8,"ICE 652",2609051315,17,0
"Düsseldorf Hbf",2307301279586290347-2609051321-1,"ICE 629",2609051321,15,0
"Düsseldorf Hbf",6492627968416470339-2609051221-6,"ICE 229",2609051324,33,0
"Düsseldorf Hbf",5555371111259384160-2609050759-10,"ICE 200",2609051332,9,0
"Köln Hbf",-7017661080292591369-2609051211-6,"ICE 1518",2609051333,1,0
"Köln Hbf",201535978532296242-2609051334-1,"ICE 1549",2609051334,0,0
"Köln Hbf",-4020550040361167307-2609051335-1,"ICE 951",2609051335,10,0
"Düsseldorf Hbf",-4676367904559688889-2609050845-8,"ICE 724",2609051337,51,0
"Köln Hbf",4216288988927907099-2609051234-3,"ICE 314",2609051339,12,0
"Düsseldorf Hbf",5900362052756938804-2609050951-16,"IC 2201",2609051346,42,0
"Köln Hbf",-3185038341433261764-2609051346-1,"IC 2200",2609051346,2,0
"Köln Hbf",-8471873024121272354-2609050926-12,"ICE 519",2609051346,5,0
"Köln Hbf",5107362971919069355-2609050931-7,"ICE 926",2609051347,21,0
"Düsseldorf Hbf",-1360629902197387952-2609051350-1,"ICE 941",2609051350,3,0
"Köln Hbf",6492627968416470339-2609051221-7,"ICE 229",2609051352,32,0
"Köln Hbf",9011011619156863439-2609050928-8,"ICE 610",2609051405,2,0
"Düsseldorf Hbf",-3185038341433261764-2609051346-2,"IC 2200",2609051408,12,0
"Düsseldorf Hbf",7024771559125615258-2609050947-10,"ICE 942",2609051408,64,0
"Düsseldorf Hbf",5107362971919069355-2609050931-8,"ICE 926",2609051413,21,0
"Köln Hbf",5900362052756938804-2609050951-17,"IC 2201",2609051414,36,0
"Köln Hbf",4815612638303090443-2609051225-5,"ICE 315",2609051415,5,0
"Düsseldorf Hbf",-758807154932475400-2609051419-1,"ICE 721",2609051419,2,0
"Düsseldorf Hbf",6610086332469437335-2609051026-11,"ICE 109",2609051422,30,0
"Köln Hbf",2625224039751841654-2609050947-9,"ICE 952",2609051422,26,0
"Köln Hbf",4846835449118805747-2609051429-1,"ICE 1519",2609051429,0,0
"Düsseldorf Hbf",-7906017824379584014-2609050946-9,"ICE 722",2609051436,95,1
"Köln Hbf",-5676785138972199399-2609051334-4,"ICE 124",2609051443,10,0
"Köln Hbf",-6270903731699972278-2609051444-1,"ICE 651",2609051444,1,0
"Düsseldorf Hbf",-9018982874238179365-2609051233-7,"ICE 125",2609051445,28,0
"Köln Hbf",-5299413353021537464-2609050722-21,"IC 2046",2609051445,12,0
"Düsseldorf Hbf",7188954872564278301-2609051448-1,"ICE 641",2609051448,30,0
"Düsseldorf Hbf",-553863566957669250-2609050730-17,"ICE 1033",2609051450,15,0
"Köln Hbf",6610086332469437335-2609051026-12,"ICE 109",2609051450,27,1
"Düsseldorf Hbf",7844358081895785158-2609051019-9,"ICE 918",2609051453,14,0
"Düsseldorf Hbf",8564432605510706771-2609051353-5,"ICE 1011",2609051501,45,0
"Köln Hbf",7702481692019596064-2609050808-12,"ICE 108",2609051505,6,0
"Köln Hbf",999348998582534522-2609051224-6,"IC 2045",2609051506,7,0
"Düsseldorf Hbf",-5676785138972199399-2609051334-5,"ICE 124",2609051510,19,0
"Düsseldorf Hbf",8642793912640631890-2609051047-11,"ICE 640",2609051511,55,0
"Köln Hbf",-9018982874238179365-2609051233-8,"ICE 125",2609051513,29,1
"Köln Hbf",-7022498938457192021-2609051052-8,"ICE 650",2609051515,50,0
"Düsseldorf Hbf",5311537321398817844-2609051520-1,"ICE 723",2609051520,4,0
"Köln Hbf",-553863566957669250-2609050730-18,"ICE 1033",2609051520,10,0
"Düsseldorf Hbf",-1497213994658544450-2609051154-6,"ICE 927",2609051522,58,0
"Düsseldorf Hbf",7702481692019596064-2609050808-13,"ICE 108",2609051532,6,0
"Köln Hbf",4945186918802353023-2609051411-6,"ICE 1516",2609051533,0,0
"Köln Hbf",-107298036587741504-2609051535-1,"ICE 953",2609051535,4,0
"Düsseldorf Hbf",6519626148103819066-2609051045-9,"ICE 720",2609051536,35,0
"Köln Hbf",2218943744552257469-2609051434-3,"ICE 14",2609051539,13,0
"Düsseldorf Hbf",-257816953041096365-2609051136-16,"IC 2203",2609051546,29,0
"Köln Hbf",8187582116097718743-2609051546-1,"IC 2008",2609051546,0,0
"Köln Hbf",5653087570567167872-2609051126-12,"ICE 611",2609051546,10,0
"Düsseldorf Hbf",6378881227509878523-2609051550-1,"ICE 943",2609051550,2,0
"Köln Hbf",-1497213994658544450-2609051154-7,"ICE 927",2609051551,56,0
"Köln Hbf",-6452407069337976676-2609051128-8,"ICE 518",2609051605,1,0
"Köln Hbf",7010757467826963006-2609051132-7,"ICE 228",2609051606,76,0
"Düsseldorf Hbf",8187582116097718743-2609051546-2,"IC 2008",2609051608,13,0
"Düsseldorf Hbf",-3330605035074967330-2609051147-10,"ICE 940",2609051608,48,0
"Köln Hbf",-257816953041096365-2609051136-17,"IC 2203",2609051614,25,0
"Köln Hbf",-482221124538025922-2609051425-5,"ICE 17",2609051615,6,1
"Düsseldorf Hbf",6556040714554725251-2609051619-1,"ICE 725",2609051619,0,1
"Köln Hbf",375201943151232777-2609051147-9,"ICE 950",2609051621,5,0
"Düsseldorf Hbf",-762086226758254325-2609051226-11,"ICE 201",2609051622,24,0
"Köln Hbf",5058768902280124693-2609051629-1,"ICE 1611",2609051629,1,1
"Düsseldorf Hbf",7010757467826963006-2609051132-8,"ICE 228",2609051632,78,0
"Düsseldorf Hbf",8429649765325465614-2609051145-9,"ICE 628",2609051640,165,0
"Köln Hbf",4524910290568704513-2609051534-4,"ICE 122",2609051643,16,1
"Köln Hbf",-157208555968192668-2609051644-1,"ICE 653",2609051644,2,0
"Düsseldorf Hbf",5612128767266048221-2609051433-7,"ICE 127",2609051645,22,0
"Köln Hbf",-5036776284380011862-2609050922-21,"IC 2048",2609051645,5,1
"Düsseldorf Hbf",-5511541014003594580-2609051648-1,"ICE 643",2609051648,20,0
"Düsseldorf Hbf",6330890959881575446-2609050953-14,"ICE 2311",2609051650,40,0
"Köln Hbf",-762086226758254325-2609051226-12,"ICE 201",2609051650,21,0
"Düsseldorf Hbf",-1838827148333657754-2609051220-9,"ICE 916",2609051653,118,0
"Düsseldorf Hbf",-3817868649342238371-2609051326-8,"IC 2305",2609051659,14,0
"Düsseldorf Hbf",2333246513660073790-2609051553-5,"ICE 1013",2609051703,15,0
"Köln Hbf",-8705107722613527627-2609051059-15,"ICE 106",2609051705,200,0
"Düsseldorf Hbf",4524910290568704513-2609051534-5,"ICE 122",2609051710,18,1
"Köln Hbf",-893148775004719136-2609051711-1,"IC 2043",2609051711,1,0
"Düsseldorf Hbf",-8713208741749436113-2609051247-11,"ICE 548",2609051712,3,0
"Köln Hbf",5612128767266048221-2609051433-8,"ICE 127",2609051713,24,1
"Köln Hbf",-2894975550766125611-2609051252-8,"ICE 558",2609051715,25,0
"Köln Hbf",6330890959881575446-2609050953-15,"ICE 2311",2609051719,50,0
"Düsseldorf Hbf",6757774550243091278-2609051720-1,"ICE 727",2609051720,22,0
"Düsseldorf Hbf",-2924322226173910183-2609051703-3,"ICE 929",2609051724,4,0
"Düsseldorf Hbf",-8705107722613527627-2609051059-16,"ICE 106",2609051732,201,0
"Köln Hbf",-3817868649342238371-2609051326-9,"IC 2305",2609051733,9,0
"Köln Hbf",-8631361224774257822-2609051611-6,"ICE 1514",2609051733,0,1
"Köln Hbf",-4550645364654346112-2609051735-1,"ICE 955",2609051735,10,0
"Düsseldorf Hbf",5042424630356113204-2609051245-8,"ICE 626",2609051738,127,0
"Köln Hbf",3763871362376381297-2609051634-3,"ICE 12",2609051740,1,1
"Düsseldorf Hbf",-2882197430592295029-2609051351-16,"IC 2205",2609051746,15,0
"Köln Hbf",-2910589038648014094-2609051326-12,"ICE 613",2609051746,17,0
"Düsseldorf Hbf",-8275737537227179086-2609051750-1,"ICE 945",2609051750,1,0
"Köln Hbf",-2924322226173910183-2609051703-4,"ICE 929",2609051750,9,0
"Düsseldorf Hbf",4759852328888448180-2609050950-15,"ICE 2012",2609051756,20,0
"Köln Hbf",6954924236955692259-2609051328-8,"ICE 516",2609051805,135,0
"Köln Hbf",944231164744023574-2609051332-7,"ICE 28",2609051806,25,0
"Düsseldorf Hbf",3702662415087684826-2609051347-10,"ICE 848",2609051808,17,0
"Köln Hbf",-2882197430592295029-2609051351-17,"IC 2205",2609051814,20,0
"Köln Hbf",4992819178731237054-2609051625-5,"ICE 317",2609051815,6,1
"Düsseldorf Hbf",-3019965818182152821-2609051821-1,"ICE 729",2609051821,0,1
"Düsseldorf Hbf",-7956047615718350819-2609051426-11,"ICE 203",2609051822,6,0
"Köln Hbf",-1900115166859559092-2609051347-9,"ICE 858",2609051822,8,0
"Düsseldorf Hbf",1459720362045900384-2609051235-10,"ICE 216",2609051824,0,1
"Köln Hbf",-7955422278217659578-2609051703-5,"ICE 1714",2609051825,0,1
"Köln Hbf",1407594009417555306-2609051829-1,"ICE 1613",2609051829,0,1
"Düsseldorf Hbf",944231164744023574-2609051332-8,"ICE 28",2609051832,32,0
"Düsseldorf Hbf",-4521437519262178170-2609051345-9,"ICE 624",2609051836,121,1
"Köln Hbf",-6750794421454638985-2609051420-9,"ICE 224",2609051843,17,1
"Köln Hbf",9016403526930832374-2609051844-1,"ICE 655",2609051844,1,0
"Düsseldorf Hbf",-2599950570116389517-2609051633-7,"ICE 129",2609051845,26,0
"Köln Hbf",-4140470391187734614-2609051122-21,"IC 2440",2609051845,7,1
"Düsseldorf Hbf",4447890004106418758-2609051848-1,"ICE 645",2609051848,11,0
"Düsseldorf Hbf",7867558493628354270-2609051115-18,"ICE 1037",2609051850,14,0
"Köln Hbf",-7956047615718350819-2609051426-12,"ICE 203",2609051850,19,0
"Düsseldorf Hbf",-6727683722954373951-2609051754-5,"ICE 1015",2609051901,0,1
"Köln Hbf",-4993658562668146489-2609051359-9,"ICE 104",2609051905,100,0
"Köln Hbf",3024320540544332138-2609051624-6,"IC 2041",2609051906,0,1
"Düsseldorf Hbf",3141971505559871903-2609051447-10,"ICE 546",2609051908,54,0
"Düsseldorf Hbf",-6750794421454638985-2609051420-10,"ICE 224",2609051910,19,1
"Köln Hbf",-2599950570116389517-2609051633-8,"ICE 129",2609051913,47,0
"Köln Hbf",8430642524571604487-2609051452-8,"ICE 556",2609051915,32,0
"Düsseldorf Hbf",-3738461847412237185-2609051918-1,"ICE 821",2609051918,57,1
"Köln Hbf",7867558493628354270-2609051115-19,"ICE 1037",2609051920,17,0
"Düsseldorf Hbf",2312296716933966404-2609051554-4,"ICE 1021",2609051921,16,0
"Düsseldorf Hbf",-4055232889596422409-2609050803-29,"ICE 118",2609051924,82,1
"Düsseldorf Hbf",-4993658562668146489-2609051359-10,"ICE 104",2609051932,102,0
"Köln Hbf",-4997552987396627422-2609051811-6,"ICE 1512",2609051933,0,1
"Düsseldorf Hbf",-2142784246140329213-2609051445-8,"ICE 622",2609051936,115,0
"Köln Hbf",3141971505559871903-2609051447-11,"ICE 546",2609051936,52,0
"Köln Hbf",-2451771813568964797-2609051936-1,"ICE 957",2609051936,9,0
"Köln Hbf",-8942408890709913676-2609051833-3,"ICE 10",2609051940,9,1
"Düsseldorf Hbf",1492120664389609114-2609051604-14,"IC 2207",2609051946,23,0
"Köln Hbf",-5425302918995479956-2609051526-12,"ICE 615",2609051946,17,0
"Düsseldorf Hbf",3778695356863398992-2609051950-1,"ICE 947",2609051950,3,0
"Köln Hbf",2312296716933966404-2609051554-5,"ICE 1021",2609051950,37,0
"Köln Hbf",-5040855886902453859-2609051528-8,"ICE 514",2609052005,64,0
"Köln Hbf",-8926157399752465663-2609051532-7,"ICE 26",2609052006,38,0
"Düsseldorf Hbf",798259414142998527-2609052009-1,"ICE 823",2609052009,0,1
"Düsseldorf Hbf",-9003107645534276753-2609051547-9,"ICE 846",2609052013,20,0
"Köln Hbf",1492120664389609114-2609051604-15,"IC 2207",2609052014,21,0
"Köln Hbf",4341219805487381340-2609051825-5,"ICE 19",2609052015,8,0
"Düsseldorf Hbf",-6235789055676348186-2609051626-11,"ICE 205",2609052022,0,0
"Köln Hbf",-819597198211929243-2609051547-9,"ICE 856",2609052022,20,0
"Düsseldorf Hbf",-8926157399752465663-2609051532-8,"ICE 26",2609052032,40,0
"Düsseldorf Hbf",-1188267942167451229-2609051545-9,"ICE 620",2609052037,74,0
"Köln Hbf",2576231255055476975-2609051934-4,"ICE 120",2609052043,58,0
"Düsseldorf Hbf",-7056878515633598205-2609051833-7,"ICE 221",2609052045,17,0
"Köln Hbf",-7949491460536242261-2609051322-21,"IC 2442",2609052045,18,0
"Köln Hbf",-6235789055676348186-2609051626-12,"ICE 205",2609052050,41,0
"Düsseldorf Hbf",-977669644680017628-2609051620-9,"ICE 912",2609052053,58,0
"Düsseldorf Hbf",8262134096716058006-2609051353-14,"ICE 2215",2609052059,27,0
"Köln Hbf",528258721848223012-2609051559-9,"ICE 102",2609052105,52,0
"Köln Hbf",-1797131029278033890-2609051824-6,"IC 2349",2609052106,0,1
"Düsseldorf Hbf",2576231255055476975-2609051934-5,"ICE 120",2609052110,79,0
"Düsseldorf Hbf",-5885856201096992744-2609051647-10,"ICE 544",2609052112,34,0
"Köln Hbf",-7056878515633598205-2609051833-8,"ICE 221",2609052113,10,0
"Köln Hbf",6625519329407624873-2609051652-8,"ICE 554",2609052114,35,0
"Köln Hbf",8388183103841403836-2609051516-14,"ICE 1544",2609052119,35,0
"Düsseldorf Hbf",6194893901306646476-2609051726-11,"ICE 617",2609052121,16,0
"Köln Hbf",8262134096716058006-2609051353-15,"ICE 2215",2609052131,23,0
"Düsseldorf Hbf",50770787591072936-2609051644-9,"ICE 528",2609052137,52,0
"Köln Hbf",1555483896112278137-2609052014-6,"ICE 318",2609052139,43,0
"Köln Hbf",-5885856201096992744-2609051647-11,"ICE 544",2609052140,30,0
"Köln Hbf",1123272061820542344-2609051732-7,"ICE 24",2609052147,43,0
"Köln Hbf",6194893901306646476-2609051726-12,"ICE 617",2609052148,21,0
"Düsseldorf Hbf",-4080761801504144103-2609051747-10,"ICE 844",2609052208,32,0
"Düsseldorf Hbf",1123272061820542344-2609051732-8,"ICE 24",2609052213,47,0
"Köln Hbf",-8088851598754426904-2609052025-5,"ICE 319",2609052215,11,1
"Düsseldorf Hbf",6810614476303646777-2609051826-11,"ICE 207",2609052222,1,0
"Köln Hbf",4711383125555203513-2609051747-9,"ICE 854",2609052222,26,0
"Düsseldorf Hbf",4804116960335233530-2609051521-18,"IC 2444",2609052229,33,0
"Köln Hbf",-4080761801504144103-2609051747-11,"ICE 844",2609052234,30,0
"Köln Hbf",6810614476303646777-2609051826-12,"ICE 207",2609052251,-2,0
"Köln Hbf",4804116960335233530-2609051521-19,"IC 2444",2609052257,31,0
"Köln Hbf",-3578772766631177771-2609052024-7,"IC 2347",2609052306,108,0
"Düsseldorf Hbf",-1854738006003716349-2609051847-10,"ICE 542",2609052312,24,0
"Köln Hbf",7537395545451740415-2609051728-7,"ICE 512",2609052314,111,0
"Düsseldorf Hbf",7582314568044505717-2609052101-7,"IC 60403",2609052319,10,0
"Düsseldorf Hbf",5926473462606976417-2609051854-10,"ICE 619",2609052323,48,0
"Köln Hbf",5987880351959364904-2609052327-1,"ICE 1541",2609052327,3,0
"Köln Hbf",3736117015423388331-2609051746-8,"ICE 526",2609052334,86,0
"Köln Hbf",-1854738006003716349-2609051847-11,"ICE 542",2609052339,18,0
"Düsseldorf Hbf",-3578772766631177771-2609052024-8,"IC 2347",2609052341,102,0
"Köln Hbf",7582314568044505717-2609052101-8,"IC 60403",2609052345,15,0
"Düsseldorf Hbf",5987880351959364904-2609052327-2,"ICE 1541",2609052349,3,0
"Köln Hbf",5926473462606976417-2609051854-11,"ICE 619",2609052349,46,0
"Köln Hbf",6195485783263057734-2609051819-7,"ICE 910",2609052354,70,0
"Düsseldorf Hbf",3736117015423388331-2609051746-9,"ICE 526",2609052357,87,0
"Köln Hbf",3337083331722830688-2609051932-7,"ICE 22",2609060006,46,0
"Düsseldorf Hbf",-4737482986446738332-2609051947-10,"ICE 842",2609060008,44,0
"Düsseldorf Hbf",-111241669532597234-2609051947-10,"ICE 852",2609060008,44,0
"Köln Hbf",2579078581490934825-2609051852-7,"ICE 552",2609060009,8,0
"Düsseldorf Hbf",-4463983841688751065-2609051950-11,"ICE 209",2609060024,31,0
"Köln Hbf",4005400229928334385-2609051659-15,"ICE 100",2609060030,70,0
"Köln Hbf",-4737482986446738332-2609051947-11,"ICE 842",2609060034,41,0
"Köln Hbf",-111241669532597234-2609051947-11,"ICE 852",2609060034,41,0
"Düsseldorf Hbf",3337083331722830688-2609051932-8,"ICE 22",2609060035,45,0
"Köln Hbf",-6524998557445987060-2609051844-8,"ICE 524",2609060035,88,0
"Köln Hbf",-4463983841688751065-2609051950-12,"ICE 209",2609060051,29,0
"Köln Hbf",-4383803236760390820-2609051945-9,"ICE 522",2609060126,35,0
"Köln Hbf",8322424274180843926-2609051928-9,"ICE 510",2609060141,23,0
"Düsseldorf Hbf",2774174590951633862-2609052145-13,"ICE 921",2609060249,104,0
"Köln Hbf",2774174590951633862-2609052145-14,"ICE 921",2609060315,108,0
"Köln Hbf",7130605216857004791-2609060321-1,"ICE 827",2609060321,0,0
"Köln Hbf",-7455087584675999219-2609060428-1,"ICE 521",2609060428,0,0
"Düsseldorf Hbf",-881594861635697900-2609060400-6,"ICE 523",2609060455,1,0
"Köln Hbf",1179810196779242077-2609060511-1,"ICE 208",2609060511,0,0
"Köln Hbf",-784036643221120658-2609060514-1,"ICE 2214",2609060514,0,0
"Düsseldorf Hbf",3596733780499351643-2609060422-6,"ICE 23",2609060521,2,0
"Köln Hbf",-5962154382149198734-2609060526-1,"ICE 843",2609060526,0,0
"Düsseldorf Hbf",1179810196779242077-2609060511-2,"ICE 208",2609060532,1,0
"Düsseldorf Hbf",-784036643221120658-2609060514-2,"ICE 2214",2609060537,3,0
"Köln Hbf",4753870957390372842-2609052159-12,"IC 60402",2609060544,5,0
"Düsseldorf Hbf",707692460492138158-2609052338-15,"ICE 1540",2609060547,7,0
"Köln Hbf",4230433869735770140-2609060548-1,"ICE 511",2609060548,1,0
"Düsseldorf Hbf",-5962154382149198734-2609060526-2,"ICE 843",2609060549,1,0
"Köln Hbf",3596733780499351643-2609060422-7,"ICE 23",2609060550,0,0
"Köln Hbf",2686007473625185344-2609060001-12,"ICE 618",2609060604,52,1
"Düsseldorf Hbf",4753870957390372842-2609052159-13,"IC 60402",2609060615,7,0
"Köln Hbf",707692460492138158-2609052338-16,"ICE 1540",2609060615,2,0
"Düsseldorf Hbf",-7586352224211082006-2609060514-4,"ICE 525",2609060618,0,0
"Düsseldorf Hbf",8735574551800398555-2609060524-5,"ICE 101",2609060622,1,0
"Köln Hbf",-4310203737838801908-2609060625-1,"ICE 543",2609060625,0,0
"Düsseldorf Hbf",2686007473625185344-2609060001-13,"ICE 618",2609060632,54,1
"Köln Hbf",-7151271002257875909-2609060502-6,"IC 2348",2609060645,7,0
"Köln Hbf",-8806275556870827116-2609060645-1,"ICE 553",2609060645,0,0
"Düsseldorf Hbf",-4310203737838801908-2609060625-2,"ICE 543",2609060647,4,0
"Köln Hbf",8886211019858254549-2609060649-1,"ICE 222",2609060649,0,0
"Köln Hbf",8735574551800398555-2609060524-6,"ICE 101",2609060650,0,0
"Düsseldorf Hbf",8886211019858254549-2609060649-2,"ICE 222",2609060710,1,0
"Köln Hbf",7366829146503955313-2609060711-1,"IC 2443",2609060711,1,0
"Köln Hbf",6135728412348303878-2609060711-1,"ICE 206",2609060711,0,0
"Düsseldorf Hbf",-853844594697067860-2609060615-4,"ICE 527",2609060718,0,0
"Düsseldorf Hbf",542680258128049209-2609060621-6,"ICE 25",2609060724,1,0
"Köln Hbf",5312563495212518167-2609060726-1,"ICE 845",2609060726,0,0
"Düsseldorf Hbf",6135728412348303878-2609060711-2,"ICE 206",2609060732,3,0
"Köln Hbf",-7772981549573087469-2609060733-1,"ICE 1713",2609060733,0,0
"Köln Hbf",7280780786399683236-2609060735-1,"ICE 855",2609060735,10,0
"Düsseldorf Hbf",8378187760869811763-2609060541-8,"ICE 826",2609060737,13,0
"Köln Hbf",4021377973164879687-2609060634-3,"ICE 18",2609060740,11,0
"Köln Hbf",2082653246441066227-2609060740-1,"ICE 2310",2609060740,2,0
"Köln Hbf",-1316725331766652964-2609060603-6,"ICE 513",2609060745,1,0
"Köln Hbf",-8638855930583862299-2609060746-1,"IC 2206",2609060746,3,0
"Düsseldorf Hbf",5312563495212518167-2609060726-2,"ICE 845",2609060749,0,0
"Köln Hbf",542680258128049209-2609060621-7,"ICE 25",2609060750,4,0
"Köln Hbf",-8185131505847408296-2609060801-1,"IC 2306",2609060801,0,0
"Köln Hbf",937531600424895578-2609060549-4,"ICE 616",2609060805,2,0
"Düsseldorf Hbf",2082653246441066227-2609060740-2,"ICE 2310",2609060807,3,0
"Düsseldorf Hbf",-8638855930583862299-2609060746-2,"IC 2206",2609060810,5,0
"Köln Hbf",-683349446891373235-2609060623-5,"ICE 11",2609060816,11,0
"Düsseldorf Hbf",7320863906691937525-2609060719-4,"ICE 529",2609060818,1,0
"Düsseldorf Hbf",8518232099080018263-2609060426-11,"ICE 103",2609060822,7,1
"Köln Hbf",-1489252697791169587-2609060825-1,"ICE 545",2609060825,1,0
"Düsseldorf Hbf",-8185131505847408296-2609060801-2,"IC 2306",2609060826,1,0
"Düsseldorf Hbf",8056505330798593907-2609060706-6,"ICE 119",2609060831,8,0
"Düsseldorf Hbf",1795377954048554987-2609060708-5,"ICE 824",2609060840,-1,0
"Köln Hbf",-3687533052908579649-2609060734-4,"ICE 220",2609060843,0,0
"Köln Hbf",-5067205027928923412-2609060844-1,"ICE 555",2609060844,4,0
"Düsseldorf Hbf",1800994547680145354-2609060640-7,"ICE 121",2609060845,5,0
"Köln Hbf",-3987770513815330460-2609060539-12,"IC 2040",2609060845,3,0
"Köln Hbf",6675332026866779665-2609060845-1,"ICE 1036",2609060845,0,0
"Düsseldorf Hbf",-1489252697791169587-2609060825-2,"ICE 545",2609060847,6,0
"Köln Hbf",8518232099080018263-2609060426-12,"ICE 103",2609060850,5,1
"Düsseldorf Hbf",400157404087783375-2609060753-5,"ICE 915",2609060902,1,0
"Köln Hbf",-3316077366275075692-2609060516-8,"ICE 204",2609060905,1,0
"Düsseldorf Hbf",6675332026866779665-2609060845-2,"ICE 1036",2609060906,2,0
"Köln Hbf",4558275999006255649-2609060643-5,"IC 2441",2609060906,1,0
"Düsseldorf Hbf",-3687533052908579649-2609060734-5,"ICE 220",2609060910,4,0
"Köln Hbf",1800994547680145354-2609060640-8,"ICE 121",2609060913,2,0
"Düsseldorf Hbf",-2521696256132503788-2609060920-1,"ICE 621",2609060920,2,0
"Düsseldorf Hbf",-1790024725878292801-2609060820-6,"ICE 27",2609060924,8,0
"Köln Hbf",-8906112445839706377-2609060926-1,"ICE 847",2609060926,3,0
"Düsseldorf Hbf",-6888861751751692665-2609060817-6,"ICE 217",2609060928,5,0
"Düsseldorf Hbf",-3316077366275075692-2609060516-9,"ICE 204",2609060932,3,0
"Köln Hbf",8918082092638159592-2609060812-6,"ICE 1612",2609060932,1,0
"Köln Hbf",7127812590731908748-2609060935-1,"ICE 857",2609060935,10,0
"Köln Hbf",-5717720788505540143-2609060833-3,"ICE 316",2609060939,6,0
"Köln Hbf",-3482704518387342076-2609060946-1,"IC 2204",2609060946,1,0
"Köln Hbf",6512354943507599026-2609060526-12,"ICE 515",2609060946,2,0
"Düsseldorf Hbf",-8906112445839706377-2609060926-2,"ICE 847",2609060949,1,0
"Köln Hbf",-1790024725878292801-2609060820-7,"ICE 27",2609060952,7,0
"Köln Hbf",67517114520381301-2609060533-8,"ICE 614",2609061005,0,0
"Köln Hbf",4250821308365947570-2609060528-8,"ICE 1022",2609061006,4,0
"Düsseldorf Hbf",-3482704518387342076-2609060946-2,"IC 2204",2609061008,2,0
"Düsseldorf Hbf",-4782954664003624221-2609060526-12,"ICE 946",2609061008,72,0
"Köln Hbf",7296668088221534520-2609060825-5,"ICE 13",2609061016,0,0
"Düsseldorf Hbf",7692347899239356115-2609061019-1,"ICE 623",2609061019,0,0
"Düsseldorf Hbf",-3500545049874534285-2609060626-11,"ICE 105",2609061022,2,0
"Köln Hbf",605085576810829439-2609061024-1,"ICE 547",2609061024,3,0
"Köln Hbf",309221757920376132-2609061029-1,"ICE 1515",2609061029,0,0
"Düsseldorf Hbf",4250821308365947570-2609060528-9,"ICE 1022",2609061035,4,0
"Düsseldorf Hbf",5509309536167095600-2609060544-10,"ICE 820",2609061040,1,0
"Köln Hbf",-8155331480429548080-2609060934-4,"ICE 128",2609061043,11,0
"Köln Hbf",-8614664585551473503-2609061044-1,"ICE 557",2609061044,0,0
"Düsseldorf Hbf",467631948029280047-2609060831-7,"ICE 225",2609061045,14,0
"Köln Hbf",5248730939501738569-2609060602-15,"IC 2042",2609061045,39,0
"Düsseldorf Hbf",605085576810829439-2609061024-2,"ICE 547",2609061047,4,0
"Köln Hbf",-3500545049874534285-2609060626-12,"ICE 105",2609061050,1,0
"Köln Hbf",8125274319994745100-2609061053-1,"ICE 2013",2609061053,15,0
"Köln Hbf",-508151058757607646-2609060716-9,"ICE 202",2609061105,10,0
"Köln Hbf",6110717110533777360-2609060824-6,"IC 2049",2609061106,0,0
"Düsseldorf Hbf",2417110662322496020-2609060647-10,"ICE 644",2609061109,75,0
"Düsseldorf Hbf",-8155331480429548080-2609060934-5,"ICE 128",2609061110,28,0
"Köln Hbf",467631948029280047-2609060831-8,"ICE 225",2609061114,15,0
"Köln Hbf",-2664747470423541798-2609060652-8,"ICE 654",2609061114,78,0
"Düsseldorf Hbf",-8863207438757954687-2609061020-4,"ICE 625",2609061115,10,0
"Düsseldorf Hbf",3704713885565394549-2609061024-4,"ICE 29",2609061124,6,0
"Düsseldorf Hbf",-508151058757607646-2609060716-10,"ICE 202",2609061132,11,0
"Köln Hbf",98157840525274029-2609061011-6,"ICE 1610",2609061133,8,0
"Köln Hbf",-9221432942161771616-2609061135-1,"ICE 859",2609061135,9,0
"Düsseldorf Hbf",-7827307397706401371-2609060644-8,"ICE 728",2609061137,17,0
"Köln Hbf",-3207602294555876168-2609061034-3,"ICE 16",2609061139,13,0
"Düsseldorf Hbf",6862846665566225825-2609060834-13,"IC 2009",2609061146,21,0
"Köln Hbf",-8775310893499181309-2609061146-1,"IC 2202",2609061146,0,0
"Köln Hbf",-4602427783665327588-2609060726-12,"ICE 517",2609061146,14,0
"Düsseldorf Hbf",-3935110464616838577-2609061150-1,"ICE 849",2609061150,1,0
"Köln Hbf",3704713885565394549-2609061024-5,"ICE 29",2609061150,2,0
"Köln Hbf",-8386336934533711188-2609060728-9,"ICE 1020",2609061205,43,0
"Köln Hbf",-7184453857839759572-2609060728-8,"ICE 612",2609061205,3,0
"Düsseldorf Hbf",-8775310893499181309-2609061146-2,"IC 2202",2609061208,3,0
"Düsseldorf Hbf",789381465621699355-2609060747-10,"ICE 944",2609061208,21,0
"Köln Hbf",4555217987378332456-2609060713-11,"ICE 1548",2609061209,58,0
"Köln Hbf",6862846665566225825-2609060834-14,"IC 2009",2609061214,22,0
"Köln Hbf",-6382331557337532208-2609061025-5,"ICE 15",2609061215,3,0
"Düsseldorf Hbf",-7766800689315712550-2609061219-1,"ICE 627",2609061219,0,0
"Düsseldorf Hbf",-5703640496454004355-2609060825-11,"ICE 107",2609061222,30,0
"Köln Hbf",5065395714490050726-2609060747-9,"ICE 954",2609061222,8,0
"Köln Hbf",-8376398398323607088-2609061229-1,"ICE 1517",2609061229,0,0
"Düsseldorf Hbf",-8386336934533711188-2609060728-10,"ICE 1020",2609061230,45,0
"Düsseldorf Hbf",5394868531176279031-2609060742-9,"ICE 726",2609061240,0,1
"Köln Hbf",-4712053304823003938-2609061134-4,"ICE 126",2609061243,0,0
"Köln Hbf",5886092952094503689-2609061244-1,"ICE 559",2609061244,30,0
"Düsseldorf Hbf",1869793107893408377-2609061031-7,"ICE 123",2609061245,24,0
"Köln Hbf",-6199411325888200524-2609060640-18,"IC 2044",2609061245,11,0
"Köln Hbf",607281138257369836-2609061245-1,"ICE 1032",2609061245,0,0
"Düsseldorf Hbf",-5225265888807154878-2609061248-1,"ICE 549",2609061248,1,0
"Köln Hbf",-5703640496454004355-2609060825-12,"ICE 107",2609061250,27,0
"Düsseldorf Hbf",-1202781486977583710-2609060819-9,"ICE 1010",2609061253,0,0
"Düsseldorf Hbf",-5763151150910106247-2609061155-5,"ICE 919",2609061302,6,0
"Köln Hbf",5555371111259384160-2609060759-9,"ICE 200",2609061305,8,0
"Düsseldorf Hbf",607281138257369836-2609061245-2,"ICE 1032",2609061306,0,0
"Köln Hbf",-4063923105147557882-2609061024-6,"IC 2047",2609061306,44,0
"Düsseldorf Hbf",-4712053304823003938-2609061134-5,"ICE 126",2609061310,3,0
"Düsseldorf Hbf",-3811000113167125819-2609060847-11,"ICE 642",2609061311,18,0
"Köln Hbf",1869793107893408377-2609061031-8,"ICE 123",2609061314,27,0
"Köln Hbf",7029715491133337413-2609060852-8,"ICE 652",2609061315,8,0
"Düsseldorf Hbf",2307301279586290347-2609061321-1,"ICE 629",2609061321,7,0
"Düsseldorf Hbf",6492627968416470339-2609061221-6,"ICE 229",2609061324,9,0
"Düsseldorf Hbf",5555371111259384160-2609060759-10,"ICE 200",2609061332,10,0
"Köln Hbf",-7017661080292591369-2609061211-6,"ICE 1518",2609061333,7,0
"Köln Hbf",201535978532296242-2609061334-1,"ICE 1549",2609061334,0,1
"Köln Hbf",-4020550040361167307-2609061335-1,"ICE 951",2609061335,9,0
"Düsseldorf Hbf",-4676367904559688889-2609060845-8,"ICE 724",2609061337,-1,0
"Köln Hbf",4216288988927907099-2609061234-3,"ICE 314",2609061339,11,0
"Düsseldorf Hbf",5900362052756938804-2609060951-16,"IC 2201",2609061346,9,0
"Köln Hbf",-3185038341433261764-2609061346-1,"IC 2200",2609061346,0,0
"Köln Hbf",-8471873024121272354-2609060926-12,"ICE 519",2609061346,19,0
"Köln Hbf",338204297594764006-2609060827-8,"ICE 926",2609061347,24,0
"Düsseldorf Hbf",-1360629902197387952-2609061350-1,"ICE 941",2609061350,1,0
"Köln Hbf",6492627968416470339-2609061221-7,"ICE 229",2609061352,2,0
"Köln Hbf",9011011619156863439-2609060928-8,"ICE 610",2609061405,0,0
"Düsseldorf Hbf",-3185038341433261764-2609061346-2,"IC 2200",2609061408,8,0
"Düsseldorf Hbf",7024771559125615258-2609060947-10,"ICE 942",2609061408,11,0
"Düsseldorf Hbf",338204297594764006-2609060827-9,"ICE 926",2609061413,24,0
"Köln Hbf",5900362052756938804-2609060951-17,"IC 2201",2609061414,11,0
"Köln Hbf",4815612638303090443-2609061225-5,"ICE 315",2609061415,1,0
"Düsseldorf Hbf",-758807154932475400-2609061419-1,"ICE 721",2609061419,0,1
"Düsseldorf Hbf",6610086332469437335-2609061026-11,"ICE 109",2609061422,12,0
"Köln Hbf",2625224039751841654-2609060947-9,"ICE 952",2609061422,0,0
"Köln Hbf",4846835449118805747-2609061429-1,"ICE 1519",2609061429,0,0
"Düsseldorf Hbf",-7906017824379584014-2609060946-9,"ICE 722",2609061436,4,0
"Köln Hbf",-5676785138972199399-2609061334-4,"ICE 124",2609061443,2,0
"Köln Hbf",-6270903731699972278-2609061444-1,"ICE 651",2609061444,1,0
"Düsseldorf Hbf",-9018982874238179365-2609061233-7,"ICE 125",2609061445,13,0
"Köln Hbf",-5299413353021537464-2609060722-21,"IC 2046",2609061445,11,0
"Düsseldorf Hbf",7188954872564278301-2609061448-1,"ICE 641",2609061448,1,0
"Düsseldorf Hbf",-553863566957669250-2609060730-17,"ICE 1033",2609061450,38,0
"Köln Hbf",6610086332469437335-2609061026-12,"ICE 109",2609061450,6,0
"Düsseldorf Hbf",7844358081895785158-2609061019-9,"ICE 918",2609061453,0,0
"Düsseldorf Hbf",8564432605510706771-2609061353-5,"ICE 1011",2609061501,31,0
"Köln Hbf",7702481692019596064-2609060808-12,"ICE 108",2609061505,0,0
"Köln Hbf",999348998582534522-2609061224-6,"IC 2045",2609061506,9,0
"Düsseldorf Hbf",-5676785138972199399-2609061334-5,"ICE 124",2609061510,4,0
"Düsseldorf Hbf",8642793912640631890-2609061047-11,"ICE 640",2609061511,27,0
"Köln Hbf",-9018982874238179365-2609061233-8,"ICE 125",2609061513,37,0
"Köln Hbf",-7022498938457192021-2609061052-8,"ICE 650",2609061515,25,0
"Düsseldorf Hbf",5311537321398817844-2609061520-1,"ICE 723",2609061520,0,0
"Köln Hbf",-553863566957669250-2609060730-18,"ICE 1033",2609061520,46,0
"Düsseldorf Hbf",-1497213994658544450-2609061154-6,"ICE 927",2609061522,24,0
"Düsseldorf Hbf",7702481692019596064-2609060808-13,"ICE 108",2609061532,2,0
"Köln Hbf",4945186918802353023-2609061411-6,"ICE 1516",2609061533,0,0
"Köln Hbf",-107298036587741504-2609061535-1,"ICE 953",2609061535,6,0
"Düsseldorf Hbf",6519626148103819066-2609061045-9,"ICE 720",2609061536,1,0
"Köln Hbf",2218943744552257469-2609061434-3,"ICE 14",2609061539,8,0
"Düsseldorf Hbf",-257816953041096365-2609061136-16,"IC 2203",2609061546,35,0
"Köln Hbf",8187582116097718743-2609061546-1,"IC 2008",2609061546,5,0
"Köln Hbf",5653087570567167872-2609061126-12,"ICE 611",2609061546,9,0
"Düsseldorf Hbf",6378881227509878523-2609061550-1,"ICE 943",2609061550,7,0
"Köln Hbf",-1497213994658544450-2609061154-7,"ICE 927",2609061551,23,0
"Köln Hbf",-6452407069337976676-2609061128-8,"ICE 518",2609061605,20,0
"Köln Hbf",7010757467826963006-2609061132-7,"ICE 228",2609061606,10,0
"Köln Hbf",-8732834586368903752-2609061607-1,"ICE 1520",2609061607,0,0
"Düsseldorf Hbf",8187582116097718743-2609061546-2,"IC 2008",2609061608,6,0
"Düsseldorf Hbf",-3330605035074967330-2609061147-10,"ICE 940",2609061608,-1,0
"Köln Hbf",-257816953041096365-2609061136-17,"IC 2203",2609061614,45,0
"Köln Hbf",-482221124538025922-2609061425-5,"ICE 17",2609061615,6,0
"Düsseldorf Hbf",6556040714554725251-2609061619-1,"ICE 725",2609061619,8,0
"Köln Hbf",375201943151232777-2609061147-9,"ICE 950",2609061621,-5,0
"Düsseldorf Hbf",-762086226758254325-2609061226-11,"ICE 201",2609061622,18,0
"Düsseldorf Hbf",-8732834586368903752-2609061607-2,"ICE 1520",2609061627,49,0
"Köln Hbf",5058768902280124693-2609061629-1,"ICE 1611",2609061629,5,0
"Düsseldorf Hbf",7010757467826963006-2609061132-8,"ICE 228",2609061632,25,0
"Düsseldorf Hbf",8429649765325465614-2609061145-9,"ICE 628",2609061640,15,0
"Köln Hbf",4524910290568704513-2609061534-4,"ICE 122",2609061643,3,0
"Köln Hbf",-157208555968192668-2609061644-1,"ICE 653",2609061644,2,0
"Düsseldorf Hbf",5612128767266048221-2609061433-7,"ICE 127",2609061645,35,0
"Köln Hbf",-5036776284380011862-2609060922-21,"IC 2048",2609061645,2,0
"Düsseldorf Hbf",-5511541014003594580-2609061648-1,"ICE 643",2609061648,2,0
"Düsseldorf Hbf",6330890959881575446-2609060953-14,"ICE 2311",2609061650,26,0
"Köln Hbf",-762086226758254325-2609061226-12,"ICE 201",2609061650,16,0
"Düsseldorf Hbf",-1838827148333657754-2609061220-9,"ICE 916",2609061653,44,0
"Düsseldorf Hbf",-3817868649342238371-2609061326-8,"IC 2305",2609061659,5,0
"Düsseldorf Hbf",2333246513660073790-2609061553-5,"ICE 1013",2609061703,4,0
"Köln Hbf",-8669482232192962175-2609061204-11,"ICE 106",2609061705,7,0
"Köln Hbf",4759852328888448180-2609060950-13,"ICE 2012",2609061706,14,0
"Düsseldorf Hbf",4524910290568704513-2609061534-5,"ICE 122",2609061710,11,0
"Köln Hbf",-893148775004719136-2609061711-1,"IC 2043",2609061711,13,0
"Düsseldorf Hbf",-8713208741749436113-2609061247-11,"ICE 548",2609061712,17,0
"Köln Hbf",5612128767266048221-2609061433-8,"ICE 127",2609061713,53,0
"Köln Hbf",-2894975550766125611-2609061252-8,"ICE 558",2609061715,79,0
"Köln Hbf",6330890959881575446-2609060953-15,"ICE 2311",2609061719,24,0
"Düsseldorf Hbf",6757774550243091278-2609061720-1,"ICE 727",2609061720,4,0
"Düsseldorf Hbf",-2924322226173910183-2609061703-3,"ICE 929",2609061724,24,0
"Düsseldorf Hbf",-8669482232192962175-2609061204-12,"ICE 106",2609061732,12,0
"Köln Hbf",-3817868649342238371-2609061326-9,"IC 2305",2609061733,-1,0
"Köln Hbf",-8631361224774257822-2609061611-6,"ICE 1514",2609061733,5,0
"Köln Hbf",-4550645364654346112-2609061735-1,"ICE 955",2609061735,10,0
"Düsseldorf Hbf",5042424630356113204-2609061245-8,"ICE 626",2609061738,1,0
"Köln Hbf",3763871362376381297-2609061634-3,"ICE 12",2609061740,6,0
"Düsseldorf Hbf",4759852328888448180-2609060950-14,"ICE 2012",2609061742,13,0
"Düsseldorf Hbf",-2882197430592295029-2609061351-16,"IC 2205",2609061746,7,0
"Köln Hbf",-3282400354544978678-2609061746-1,"IC 2006",2609061746,0,0
"Köln Hbf",-2910589038648014094-2609061326-12,"ICE 613",2609061746,4,0
"Düsseldorf Hbf",-8275737537227179086-2609061750-1,"ICE 945",2609061750,5,0
"Köln Hbf",-2924322226173910183-2609061703-4,"ICE 929",2609061750,24,0
"Köln Hbf",6954924236955692259-2609061328-8,"ICE 516",2609061805,1,0
"Köln Hbf",944231164744023574-2609061332-7,"ICE 28",2609061806,4,0
"Düsseldorf Hbf",-3282400354544978678-2609061746-2,"IC 2006",2609061808,13,0
"Düsseldorf Hbf",3702662415087684826-2609061347-10,"ICE 848",2609061808,40,0
"Köln Hbf",-2882197430592295029-2609061351-17,"IC 2205",2609061814,5,0
"Köln Hbf",4992819178731237054-2609061625-5,"ICE 317",2609061815,9,0
"Düsseldorf Hbf",-3019965818182152821-2609061821-1,"ICE 729",2609061821,15,0
"Düsseldorf Hbf",-7956047615718350819-2609061426-11,"ICE 203",2609061822,30,0
"Köln Hbf",-1900115166859559092-2609061347-9,"ICE 858",2609061822,17,0
"Düsseldorf Hbf",1459720362045900384-2609061235-10,"ICE 216",2609061824,52,1
"Köln Hbf",-7955422278217659578-2609061703-5,"ICE 1714",2609061825,1,0
"Köln Hbf",1407594009417555306-2609061829-1,"ICE 1613",2609061829,10,0
"Düsseldorf Hbf",944231164744023574-2609061332-8,"ICE 28",2609061832,31,0
"Düsseldorf Hbf",-4521437519262178170-2609061345-9,"ICE 624",2609061836,45,0
"Köln Hbf",-6750794421454638985-2609061420-9,"ICE 224",2609061843,36,0
"Köln Hbf",9016403526930832374-2609061844-1,"ICE 655",2609061844,0,0
"Düsseldorf Hbf",-2599950570116389517-2609061633-7,"ICE 129",2609061845,5,0
"Köln Hbf",-4140470391187734614-2609061122-21,"IC 2440",2609061845,28,0
"Düsseldorf Hbf",4447890004106418758-2609061848-1,"ICE 645",2609061848,10,0
"Düsseldorf Hbf",7867558493628354270-2609061115-18,"ICE 1037",2609061850,20,0
"Köln Hbf",-7956047615718350819-2609061426-12,"ICE 203",2609061850,27,0
"Düsseldorf Hbf",-6727683722954373951-2609061754-5,"ICE 1015",2609061901,2,0
"Köln Hbf",-4993658562668146489-2609061359-9,"ICE 104",2609061905,44,0
"Köln Hbf",3024320540544332138-2609061624-6,"IC 2041",2609061906,23,0
"Düsseldorf Hbf",3141971505559871903-2609061447-10,"ICE 546",2609061908,60,0
"Düsseldorf Hbf",-6750794421454638985-2609061420-10,"ICE 224",2609061910,51,0
"Köln Hbf",-2599950570116389517-2609061633-8,"ICE 129",2609061913,15,0
"Köln Hbf",8430642524571604487-2609061452-8,"ICE 556",2609061915,73,0
"Düsseldorf Hbf",-3738461847412237185-2609061918-1,"ICE 821",2609061918,7,0
"Köln Hbf",7867558493628354270-2609061115-19,"ICE 1037",2609061920,31,0
"Düsseldorf Hbf",2312296716933966404-2609061554-4,"ICE 1021",2609061921,48,0
"Düsseldorf Hbf",-4055232889596422409-2609060803-29,"ICE 118",2609061924,0,1
"Düsseldorf Hbf",-4993658562668146489-2609061359-10,"ICE 104",2609061932,39,1
"Köln Hbf",-4997552987396627422-2609061811-6,"ICE 1512",2609061933,3,0
"Düsseldorf Hbf",-2142784246140329213-2609061445-8,"ICE 622",2609061936,1,1
"Köln Hbf",3141971505559871903-2609061447-11,"ICE 546",2609061936,57,0
"Köln Hbf",-2451771813568964797-2609061936-1,"ICE 957",2609061936,5,0
"Köln Hbf",-8942408890709913676-2609061833-3,"ICE 10",2609061940,10,0
"Düsseldorf Hbf",1492120664389609114-2609061604-14,"IC 2207",2609061946,10,0
"Köln Hbf",-5425302918995479956-2609061526-12,"ICE 615",2609061946,30,0
"Düsseldorf Hbf",3778695356863398992-2609061950-1,"ICE 947",2609061950,0,0
"Köln Hbf",2312296716933966404-2609061554-5,"ICE 1021",2609061950,44,0
"Köln Hbf",-5040855886902453859-2609061528-8,"ICE 514",2609062005,39,0
"Köln Hbf",-8926157399752465663-2609061532-7,"ICE 26",2609062006,15,0
"Düsseldorf Hbf",798259414142998527-2609062009-1,"ICE 823",2609062009,13,0
"Düsseldorf Hbf",-9003107645534276753-2609061547-9,"ICE 846",2609062013,31,0
"Köln Hbf",1492120664389609114-2609061604-15,"IC 2207",2609062014,4,0
"Köln Hbf",4341219805487381340-2609061825-5,"ICE 19",2609062015,20,0
"Düsseldorf Hbf",-6235789055676348186-2609061626-11,"ICE 205",2609062022,11,0
"Köln Hbf",-819597198211929243-2609061547-9,"ICE 856",2609062022,35,0
"Düsseldorf Hbf",-8926157399752465663-2609061532-8,"ICE 26",2609062032,20,1
"Düsseldorf Hbf",-1188267942167451229-2609061545-9,"ICE 620",2609062037,3,1
"Köln Hbf",2576231255055476975-2609061934-4,"ICE 120",2609062043,6,0
"Düsseldorf Hbf",-7056878515633598205-2609061833-7,"ICE 221",2609062045,11,0
"Köln Hbf",-7949491460536242261-2609061322-21,"IC 2442",2609062045,24,0
"Köln Hbf",5646922477923288654-2609062045-1,"ICE 657",2609062045,15,0
"Köln Hbf",-6235789055676348186-2609061626-12,"ICE 205",2609062050,12,0
"Düsseldorf Hbf",-977669644680017628-2609061620-9,"ICE 912",2609062053,0,1
"Düsseldorf Hbf",8262134096716058006-2609061353-14,"ICE 2215",2609062059,29,0
"Köln Hbf",528258721848223012-2609061559-9,"ICE 102",2609062105,7,0
"Köln Hbf",-1797131029278033890-2609061824-6,"IC 2349",2609062106,36,0
"Düsseldorf Hbf",2576231255055476975-2609061934-5,"ICE 120",2609062110,16,0
"Düsseldorf Hbf",-5885856201096992744-2609061647-10,"ICE 544",2609062112,25,0
"Köln Hbf",-7056878515633598205-2609061833-8,"ICE 221",2609062113,19,0
"Köln Hbf",6625519329407624873-2609061652-8,"ICE 554",2609062114,42,0
"Köln Hbf",8388183103841403836-2609061516-14,"ICE 1544",2609062119,54,0
"Düsseldorf Hbf",6194893901306646476-2609061726-11,"ICE 617",2609062121,0,0
"Köln Hbf",8262134096716058006-2609061353-15,"ICE 2215",2609062131,19,0
"Düsseldorf Hbf",50770787591072936-2609061644-9,"ICE 528",2609062137,4,0
"Köln Hbf",1555483896112278137-2609062014-6,"ICE 318",2609062139,5,0
"Köln Hbf",-5885856201096992744-2609061647-11,"ICE 544",2609062140,21,0
"Köln Hbf",1123272061820542344-2609061732-7,"ICE 24",2609062147,34,0
"Köln Hbf",6194893901306646476-2609061726-12,"ICE 617",2609062148,1,0
"Köln Hbf",5343082994331393331-2609061618-14,"ICE 902",2609062155,2,0
"Köln Hbf",7537395545451740415-2609061728-8,"ICE 512",2609062205,8,0
"Düsseldorf Hbf",-4080761801504144103-2609061747-10,"ICE 844",2609062208,20,0
"Düsseldorf Hbf",1123272061820542344-2609061732-8,"ICE 24",2609062213,42,0
"Köln Hbf",-8088851598754426904-2609062025-5,"ICE 319",2609062215,10,0
"Düsseldorf Hbf",6810614476303646777-2609061826-11,"ICE 207",2609062222,9,0
"Köln Hbf",4711383125555203513-2609061747-9,"ICE 854",2609062222,19,0
"Köln Hbf",6195485783263057734-2609061819-8,"ICE 910",2609062230,6,0
"Köln Hbf",-4080761801504144103-2609061747-11,"ICE 844",2609062234,21,0
"Düsseldorf Hbf",3736117015423388331-2609061746-9,"ICE 526",2609062236,5,0
"Düsseldorf Hbf",7582314568044505717-2609062001-6,"IC 60403",2609062242,3,0
"Köln Hbf",4804116960335233530-2609061522-21,"IC 2444",2609062245,25,0
"Köln Hbf",6810614476303646777-2609061826-12,"ICE 207",2609062251,18,0
"Köln Hbf",-3578772766631177771-2609062024-7,"IC 2347",2609062306,16,0
"Köln Hbf",7582314568044505717-2609062001-7,"IC 60403",2609062308,18,0
"Köln Hbf",-8594352727855485953-2609061804-12,"ICE 100",2609062310,3,0
"Köln Hbf",5987880351959364904-2609062310-1,"ICE 1541",2609062310,27,0
"Düsseldorf Hbf",-1854738006003716349-2609061847-10,"ICE 542",2609062312,28,1
"Köln Hbf",2579078581490934825-2609061852-8,"ICE 552",2609062315,26,0
"Düsseldorf Hbf",5926473462606976417-2609061926-11,"ICE 619",2609062323,10,0
"Köln Hbf",-6524998557445987060-2609061842-11,"ICE 524",2609062339,13,0
"Düsseldorf Hbf",5987880351959364904-2609062310-2,"ICE 1541",2609062347,36,0
"Köln Hbf",-1854738006003716349-2609061847-11,"ICE 542",2609062348,28,0
"Köln Hbf",5926473462606976417-2609061926-12,"ICE 619",2609062349,5,0
"Düsseldorf Hbf",-8594352727855485953-2609061804-13,"ICE 100",2609062353,4,0
"Köln Hbf",3337083331722830688-2609061932-7,"ICE 22",2609070006,5,0
"Düsseldorf Hbf",-4737482986446738332-2609061947-10,"ICE 842",2609070008,18,1
"Köln Hbf",8322424274180843926-2609061928-9,"ICE 510",2609070010,1,0
"Köln Hbf",-111241669532597234-2609061947-9,"ICE 852",2609070023,41,0
"Düsseldorf Hbf",-4463983841688751065-2609062026-12,"ICE 209",2609070024,1,0
"Köln Hbf",-4383803236760390820-2609061945-9,"ICE 522",2609070042,11,0
"Köln Hbf",-4737482986446738332-2609061947-11,"ICE 842",2609070044,0,0
"Düsseldorf Hbf",3337083331722830688-2609061932-8,"ICE 22",2609070047,7,0
"Köln Hbf",-4463983841688751065-2609062026-13,"ICE 209",2609070059,-9,0
"Köln Hbf",8503777394879306018-2609062323-7,"ICE 920",2609070205,0,0
"Düsseldorf Hbf",8503777394879306018-2609062323-8,"ICE 920",2609070239,2,0
"Düsseldorf Hbf",2774174590951633862-2609062225-14,"ICE 921",2609070249,9,0
"Köln Hbf",7130605216857004791-2609070321-1,"ICE 827",2609070321,0,0
"Köln Hbf",2774174590951633862-2609062225-15,"ICE 921",2609070322,7,0
"Köln Hbf",-1822966271854478829-2609070346-1,"ICE 1028",2609070346,0,0
"Köln Hbf",8652078400714170233-2609070405-1,"ICE 541",2609070405,0,0
"Düsseldorf Hbf",-1822966271854478829-2609070346-3,"ICE 1028",2609070424,0,0
"Köln Hbf",-7455087584675999219-2609070428-1,"ICE 521",2609070428,0,0
"Köln Hbf",6284591161410129597-2609070445-1,"ICE 551",2609070445,0,0
"Düsseldorf Hbf",8652078400714170233-2609070405-2,"ICE 541",2609070446,1,0
"Düsseldorf Hbf",-881594861635697900-2609070400-6,"ICE 523",2609070455,3,0
"Köln Hbf",-1981361635087318141-2609070511-1,"IC 2445",2609070511,0,0
"Köln Hbf",1179810196779242077-2609070511-1,"ICE 208",2609070511,0,0
"Köln Hbf",-784036643221120658-2609070514-1,"ICE 2214",2609070514,1,0
"Düsseldorf Hbf",3596733780499351643-2609070422-6,"ICE 23",2609070522,1,0
"Köln Hbf",-397321280238564306-2609070525-1,"ICE 911",2609070525,0,1
"Köln Hbf",-5962154382149198734-2609070526-1,"ICE 843",2609070526,12,0
"Düsseldorf Hbf",1179810196779242077-2609070511-2,"ICE 208",2609070532,2,0
"Köln Hbf",-486178897212069438-2609070534-1,"ICE 853",2609070534,0,0
"Düsseldorf Hbf",-784036643221120658-2609070514-2,"ICE 2214",2609070537,5,0
"Köln Hbf",4753870957390372842-2609061936-17,"IC 60402",2609070544,6,0
"Düsseldorf Hbf",707692460492138158-2609062338-15,"ICE 1540",2609070547,12,0
"Köln Hbf",4230433869735770140-2609070548-1,"ICE 511",2609070548,0,0
"Düsseldorf Hbf",-5962154382149198734-2609070526-2,"ICE 843",2609070549,13,0
"Köln Hbf",3596733780499351643-2609070422-7,"ICE 23",2609070549,0,0
"Köln Hbf",2178700040520449500-2609070601-1,"ICE 711",2609070601,0,1
"Köln Hbf",2686007473625185344-2609070001-11,"ICE 618",2609070604,110,0
"Köln Hbf",-7723883505152961116-2609070611-1,"ICE 312",2609070611,0,0
"Düsseldorf Hbf",4753870957390372842-2609061936-18,"IC 60402",2609070615,5,0
"Köln Hbf",707692460492138158-2609062338-16,"ICE 1540",2609070615,9,0
"Düsseldorf Hbf",-7586352224211082006-2609070514-4,"ICE 525",2609070618,1,0
"Düsseldorf Hbf",8735574551800398555-2609070524-5,"ICE 101",2609070622,12,0
"Köln Hbf",-4310203737838801908-2609070625-1,"ICE 543",2609070625,0,0
"Köln Hbf",1878809338003406023-2609070627-1,"ICE 1511",2609070627,0,1
"Düsseldorf Hbf",2686007473625185344-2609070001-12,"ICE 618",2609070632,110,0
"Köln Hbf",6856208171401458843-2609070534-4,"ICE 222",2609070643,4,1
"Köln Hbf",-7151271002257875909-2609070502-6,"IC 2348",2609070645,1,0
"Köln Hbf",-8806275556870827116-2609070645-1,"ICE 553",2609070645,20,0
"Düsseldorf Hbf",-4310203737838801908-2609070625-2,"ICE 543",2609070647,2,0
"Köln Hbf",8735574551800398555-2609070524-6,"ICE 101",2609070650,17,0
"Düsseldorf Hbf",-6165068286223376269-2609070554-5,"ICE 913",2609070702,0,1
"Köln Hbf",-2103315967753215489-2609070609-3,"IC 2443",2609070706,41,0
"Düsseldorf Hbf",6856208171401458843-2609070534-5,"ICE 222",2609070710,6,0
"Köln Hbf",6135728412348303878-2609070711-1,"ICE 206",2609070711,0,0
"Düsseldorf Hbf",-853844594697067860-2609070615-4,"ICE 527",2609070718,2,0
"Düsseldorf Hbf",542680258128049209-2609070621-6,"ICE 25",2609070724,1,0
"Köln Hbf",5312563495212518167-2609070726-1,"ICE 845",2609070726,0,0
"Düsseldorf Hbf",6135728412348303878-2609070711-2,"ICE 206",2609070732,2,0
"Köln Hbf",-7772981549573087469-2609070733-1,"ICE 1713",2609070733,0,1
"Köln Hbf",7280780786399683236-2609070735-1,"ICE 855",2609070735,5,0
"Düsseldorf Hbf",8378187760869811763-2609070541-8,"ICE 826",2609070737,0,1
"Köln Hbf",4021377973164879687-2609070634-3,"ICE 18",2609070740,30,1
"Köln Hbf",2082653246441066227-2609070740-1,"ICE 2310",2609070740,30,0
"Köln Hbf",-1316725331766652964-2609070603-6,"ICE 513",2609070745,15,0
"Köln Hbf",-8638855930583862299-2609070746-1,"IC 2206",2609070746,15,0
"Düsseldorf Hbf",5312563495212518167-2609070726-2,"ICE 845",2609070749,1,0
"Köln Hbf",542680258128049209-2609070621-7,"ICE 25",2609070750,1,0
"Köln Hbf",-3118459641712443593-2609070601-5,"ICE 712",2609070755,2,1
"Köln Hbf",937531600424895578-2609070549-4,"ICE 616",2609070805,90,0
"Düsseldorf Hbf",2082653246441066227-2609070740-2,"ICE 2310",2609070807,34,0
"Düsseldorf Hbf",-8638855930583862299-2609070746-2,"IC 2206",2609070810,21,0
"Köln Hbf",-683349446891373235-2609070623-5,"ICE 11",2609070816,10,0
"Düsseldorf Hbf",7320863906691937525-2609070719-4,"ICE 529",2609070818,4,0
"Düsseldorf Hbf",8518232099080018263-2609070426-11,"ICE 103",2609070822,10,0
"Köln Hbf",-1489252697791169587-2609070825-1,"ICE 545",2609070825,6,0
"Köln Hbf",-2307934263002248776-2609070829-1,"ICE 1513",2609070829,11,0
"Düsseldorf Hbf",8056505330798593907-2609070706-6,"ICE 119",2609070831,15,0
"Düsseldorf Hbf",1795377954048554987-2609070708-5,"ICE 824",2609070840,90,0
"Köln Hbf",-3687533052908579649-2609070734-4,"ICE 220",2609070843,0,1
"Köln Hbf",-5067205027928923412-2609070844-1,"ICE 555",2609070844,7,0
"Düsseldorf Hbf",1800994547680145354-2609070638-7,"ICE 121",2609070845,5,0
"Köln Hbf",-3987770513815330460-2609070539-12,"IC 2040",2609070845,2,0
"Köln Hbf",6675332026866779665-2609070845-1,"ICE 1036",2609070845,12,0
"Düsseldorf Hbf",-1489252697791169587-2609070825-2,"ICE 545",2609070847,7,0
"Köln Hbf",8518232099080018263-2609070426-12,"ICE 103",2609070850,5,0
"Düsseldorf Hbf",-5947456125297650390-2609070420-9,"ICE 1014",2609070853,0,1
"Düsseldorf Hbf",400157404087783375-2609070753-5,"ICE 915",2609070902,11,0
"Köln Hbf",735896325928713766-2609070525-7,"ICE 204",2609070905,5,0
"Düsseldorf Hbf",6675332026866779665-2609070845-2,"ICE 1036",2609070906,26,0
"Köln Hbf",-6677242931208971931-2609070813-3,"IC 2441",2609070906,7,0
"Düsseldorf Hbf",-3687533052908579649-2609070734-5,"ICE 220",2609070910,7,0
"Düsseldorf Hbf",6972548221701888574-2609070418-15,"ICE 646",2609070912,10,0
"Köln Hbf",1800994547680145354-2609070638-8,"ICE 121",2609070913,1,0
"Köln Hbf",-4488195745363015090-2609070450-8,"ICE 656",2609070915,8,0
"Düsseldorf Hbf",-2521696256132503788-2609070920-1,"ICE 621",2609070920,5,0
"Düsseldorf Hbf",-1790024725878292801-2609070820-6,"ICE 27",2609070924,13,0
"Köln Hbf",-8906112445839706377-2609070926-1,"ICE 847",2609070926,0,0
"Düsseldorf Hbf",-6888861751751692665-2609070817-6,"ICE 217",2609070928,3,0
"Düsseldorf Hbf",735896325928713766-2609070525-8,"ICE 204",2609070932,10,0
"Köln Hbf",8918082092638159592-2609070812-6,"ICE 1612",2609070932,24,0
"Köln Hbf",7127812590731908748-2609070935-1,"ICE 857",2609070935,2,0
"Düsseldorf Hbf",-6223962037244896084-2609070441-10,"ICE 822",2609070936,17,0
"Köln Hbf",-5717720788505540143-2609070833-3,"ICE 316",2609070939,6,0
"Düsseldorf Hbf",-6760724929342255350-2609070634-13,"IC 2007",2609070946,6,0
"Köln Hbf",-3482704518387342076-2609070946-1,"IC 2204",2609070946,0,0
"Köln Hbf",6512354943507599026-2609070526-12,"ICE 515",2609070946,19,0
"Düsseldorf Hbf",-8906112445839706377-2609070926-2,"ICE 847",2609070949,0,0
"Köln Hbf",-1790024725878292801-2609070820-7,"ICE 27",2609070952,13,0
"Köln Hbf",67517114520381301-2609070533-8,"ICE 614",2609071005,0,0
"Köln Hbf",4250821308365947570-2609070528-8,"ICE 1022",2609071006,25,0
"Düsseldorf Hbf",-3482704518387342076-2609070946-2,"IC 2204",2609071008,7,0
"Düsseldorf Hbf",-4782954664003624221-2609070526-12,"ICE 946",2609071008,45,0
"Köln Hbf",-6760724929342255350-2609070634-14,"IC 2007",2609071014,2,0
"Köln Hbf",7296668088221534520-2609070825-5,"ICE 13",2609071016,12,0
"Düsseldorf Hbf",7692347899239356115-2609071019-1,"ICE 623",2609071019,1,0
"Düsseldorf Hbf",-3500545049874534285-2609070626-11,"ICE 105",2609071022,12,0
"Köln Hbf",-6590078199824287896-2609070526-11,"ICE 956",2609071022,7,0
"Köln Hbf",309221757920376132-2609071029-1,"ICE 1515",2609071029,0,0
"Düsseldorf Hbf",4250821308365947570-2609070528-9,"ICE 1022",2609071035,25,0
"Düsseldorf Hbf",5509309536167095600-2609070544-10,"ICE 820",2609071040,18,0
"Köln Hbf",-8155331480429548080-2609070934-4,"ICE 128",2609071043,12,0
"Köln Hbf",-8614664585551473503-2609071044-1,"ICE 557",2609071044,1,0
"Düsseldorf Hbf",467631948029280047-2609070831-7,"ICE 225",2609071045,13,0
"Köln Hbf",5248730939501738569-2609070602-15,"IC 2042",2609071045,29,0
"Düsseldorf Hbf",211585818996437737-2609071048-1,"ICE 547",2609071048,10,0
"Köln Hbf",-3500545049874534285-2609070626-12,"ICE 105",2609071050,7,0
"Düsseldorf Hbf",-6324333303227400345-2609070620-9,"ICE 1012",2609071053,9,0
"Köln Hbf",8125274319994745100-2609071053-1,"ICE 2013",2609071053,1,0
"Köln Hbf",-508151058757607646-2609070716-9,"ICE 202",2609071105,2,0
"Köln Hbf",6110717110533777360-2609070824-6,"IC 2049",2609071106,11,0
"Düsseldorf Hbf",2417110662322496020-2609070647-10,"ICE 644",2609071109,20,0
"Düsseldorf Hbf",-8155331480429548080-2609070934-5,"ICE 128",2609071110,20,0
"Köln Hbf",467631948029280047-2609070831-8,"ICE 225",2609071114,8,0
"Köln Hbf",-2664747470423541798-2609070652-8,"ICE 654",2609071114,28,0
"Düsseldorf Hbf",-1863724056778564852-2609071117-1,"ICE 625",2609071117,1,0
"Düsseldorf Hbf",3450663025951470366-2609070602-8,"ICE 1521",2609071119,21,0
"Düsseldorf Hbf",3704713885565394549-2609071024-4,"ICE 29",2609071124,20,0
"Düsseldorf Hbf",-508151058757607646-2609070716-10,"ICE 202",2609071132,3,0
"Köln Hbf",98157840525274029-2609071011-6,"ICE 1610",2609071133,28,0
"Köln Hbf",-9221432942161771616-2609071135-1,"ICE 859",2609071135,11,0
"Düsseldorf Hbf",-7827307397706401371-2609070644-8,"ICE 728",2609071137,7,0
"Köln Hbf",-3207602294555876168-2609071034-3,"ICE 16",2609071139,13,0
"Köln Hbf",3450663025951470366-2609070602-9,"ICE 1521",2609071145,18,0
"Düsseldorf Hbf",6862846665566225825-2609070834-13,"IC 2009",2609071146,9,0
"Köln Hbf",-8775310893499181309-2609071146-1,"IC 2202",2609071146,6,0
"Köln Hbf",-4602427783665327588-2609070726-12,"ICE 517",2609071146,42,1
"Düsseldorf Hbf",-3935110464616838577-2609071150-1,"ICE 849",2609071150,0,0
"Köln Hbf",3704713885565394549-2609071024-5,"ICE 29",2609071150,20,0
"Köln Hbf",-8386336934533711188-2609070728-9,"ICE 1020",2609071205,62,0
"Köln Hbf",-7184453857839759572-2609070728-8,"ICE 612",2609071205,9,0
"Düsseldorf Hbf",-8775310893499181309-2609071146-2,"IC 2202",2609071208,15,0
"Düsseldorf Hbf",789381465621699355-2609070747-10,"ICE 944",2609071208,25,0
"Köln Hbf",4555217987378332456-2609070713-11,"ICE 1548",2609071209,34,0
"Köln Hbf",6862846665566225825-2609070834-14,"IC 2009",2609071214,7,0
"Köln Hbf",-6382331557337532208-2609071025-5,"ICE 15",2609071215,27,0
"Düsseldorf Hbf",-7766800689315712550-2609071219-1,"ICE 627",2609071219,2,0
"Düsseldorf Hbf",-5703640496454004355-2609070825-11,"ICE 107",2609071222,24,0
"Köln Hbf",5065395714490050726-2609070747-9,"ICE 954",2609071222,13,0
"Köln Hbf",-8376398398323607088-2609071229-1,"ICE 1517",2609071229,3,0
"Düsseldorf Hbf",-8386336934533711188-2609070728-10,"ICE 1020",2609071230,64,0
"Düsseldorf Hbf",5394868531176279031-2609070742-9,"ICE 726",2609071240,50,0
"Köln Hbf",-4712053304823003938-2609071134-4,"ICE 126",2609071243,6,0
"Köln Hbf",5886092952094503689-2609071244-1,"ICE 559",2609071244,4,0
"Düsseldorf Hbf",1869793107893408377-2609071031-7,"ICE 123",2609071245,27,0
"Köln Hbf",666711005360005078-2609070522-21,"IC 2044",2609071245,16,0
"Köln Hbf",607281138257369836-2609071245-1,"ICE 1032",2609071245,0,0
"Düsseldorf Hbf",-5225265888807154878-2609071248-1,"ICE 549",2609071248,1,0
"Köln Hbf",-5703640496454004355-2609070825-12,"ICE 107",2609071250,19,0
"Düsseldorf Hbf",-1202781486977583710-2609070819-9,"ICE 1010",2609071253,35,0
"Düsseldorf Hbf",-5763151150910106247-2609071155-5,"ICE 919",2609071302,2,0
"Köln Hbf",5555371111259384160-2609070759-9,"ICE 200",2609071305,10,0
"Düsseldorf Hbf",607281138257369836-2609071245-2,"ICE 1032",2609071306,1,0
"Köln Hbf",-4063923105147557882-2609071024-6,"IC 2047",2609071306,15,0
"Düsseldorf Hbf",-4712053304823003938-2609071134-5,"ICE 126",2609071310,9,0
"Düsseldorf Hbf",-3811000113167125819-2609070847-11,"ICE 642",2609071311,11,0
"Köln Hbf",1869793107893408377-2609071031-8,"ICE 123",2609071314,27,1
"Köln Hbf",7029715491133337413-2609070852-8,"ICE 652",2609071315,34,0
"Düsseldorf Hbf",2307301279586290347-2609071321-1,"ICE 629",2609071321,3,0
"Düsseldorf Hbf",6492627968416470339-2609071221-6,"ICE 229",2609071324,13,0
"Köln Hbf",-2157107938954049243-2609071101-6,"ICE 311",2609071324,4,0
"Düsseldorf Hbf",5555371111259384160-2609070759-10,"ICE 200",2609071332,18,0
"Köln Hbf",-7017661080292591369-2609071211-6,"ICE 1518",2609071333,3,0
"Köln Hbf",201535978532296242-2609071334-1,"ICE 1549",2609071334,0,0
"Köln Hbf",-4020550040361167307-2609071335-1,"ICE 951",2609071335,11,0
"Düsseldorf Hbf",-4676367904559688889-2609070845-8,"ICE 724",2609071337,15,0
"Köln Hbf",4216288988927907099-2609071234-3,"ICE 314",2609071339,8,0
"Düsseldorf Hbf",5900362052756938804-2609070951-16,"IC 2201",2609071346,21,0
"Köln Hbf",-3185038341433261764-2609071346-1,"IC 2200",2609071346,0,0
"Köln Hbf",-8471873024121272354-2609070926-12,"ICE 519",2609071346,6,0
"Köln Hbf",338204297594764006-2609070827-8,"ICE 926",2609071347,21,0
"Düsseldorf Hbf",-1360629902197387952-2609071350-1,"ICE 941",2609071350,7,0
"Köln Hbf",6492627968416470339-2609071221-7,"ICE 229",2609071352,11,0
"Köln Hbf",9011011619156863439-2609070928-8,"ICE 610",2609071405,83,0
"Düsseldorf Hbf",-3185038341433261764-2609071346-2,"IC 2200",2609071408,4,0
"Düsseldorf Hbf",7024771559125615258-2609070947-10,"ICE 942",2609071408,72,0
"Düsseldorf Hbf",338204297594764006-2609070827-9,"ICE 926",2609071413,29,0
"Köln Hbf",5900362052756938804-2609070951-17,"IC 2201",2609071414,23,0
"Köln Hbf",4815612638303090443-2609071225-5,"ICE 315",2609071415,15,0
"Düsseldorf Hbf",-758807154932475400-2609071419-1,"ICE 721",2609071419,18,0
"Düsseldorf Hbf",6610086332469437335-2609071026-11,"ICE 109",2609071422,10,0
"Köln Hbf",2625224039751841654-2609070947-9,"ICE 952",2609071422,56,0
"Köln Hbf",4846835449118805747-2609071429-1,"ICE 1519",2609071429,0,0
"Düsseldorf Hbf",-7906017824379584014-2609070946-9,"ICE 722",2609071436,16,0
"Köln Hbf",-8784598530479710827-2609071438-1,"ICE 310",2609071438,0,0
"Köln Hbf",-5676785138972199399-2609071334-4,"ICE 124",2609071443,0,0
"Köln Hbf",-6270903731699972278-2609071444-1,"ICE 651",2609071444,0,0
"Düsseldorf Hbf",-9018982874238179365-2609071238-7,"ICE 125",2609071445,9,0
"Köln Hbf",-5299413353021537464-2609070722-21,"IC 2046",2609071445,48,0
"Düsseldorf Hbf",7188954872564278301-2609071448-1,"ICE 641",2609071448,27,0
"Düsseldorf Hbf",-553863566957669250-2609070730-17,"ICE 1033",2609071450,21,0
"Köln Hbf",6610086332469437335-2609071026-12,"ICE 109",2609071450,7,0
"Düsseldorf Hbf",7844358081895785158-2609071019-9,"ICE 918",2609071453,41,0
"Düsseldorf Hbf",8564432605510706771-2609071353-5,"ICE 1011",2609071501,2,0
"Köln Hbf",7702481692019596064-2609070838-12,"ICE 108",2609071505,4,0
"Köln Hbf",999348998582534522-2609071224-6,"IC 2045",2609071506,27,1
"Düsseldorf Hbf",-5676785138972199399-2609071334-5,"ICE 124",2609071510,5,0
"Düsseldorf Hbf",8642793912640631890-2609071047-11,"ICE 640",2609071511,43,0
"Köln Hbf",-9018982874238179365-2609071238-8,"ICE 125",2609071513,23,0
"Köln Hbf",-7022498938457192021-2609071052-8,"ICE 650",2609071515,38,0
"Düsseldorf Hbf",5311537321398817844-2609071520-1,"ICE 723",2609071520,3,0
"Köln Hbf",-553863566957669250-2609070730-18,"ICE 1033",2609071520,26,0
"Düsseldorf Hbf",-1497213994658544450-2609071154-6,"ICE 927",2609071522,7,0
"Düsseldorf Hbf",7702481692019596064-2609070838-13,"ICE 108",2609071532,4,0
"Köln Hbf",4945186918802353023-2609071411-6,"ICE 1516",2609071533,3,0
"Köln Hbf",-107298036587741504-2609071535-1,"ICE 953",2609071535,10,0
"Düsseldorf Hbf",6519626148103819066-2609071045-9,"ICE 720",2609071536,23,0
"Köln Hbf",2218943744552257469-2609071434-3,"ICE 14",2609071539,17,0
"Düsseldorf Hbf",-257816953041096365-2609071136-16,"IC 2203",2609071546,19,0
"Köln Hbf",8187582116097718743-2609071546-1,"IC 2008",2609071546,1,0
"Köln Hbf",5653087570567167872-2609071126-12,"ICE 611",2609071546,20,0
"Düsseldorf Hbf",6378881227509878523-2609071550-1,"ICE 943",2609071550,1,0
"Köln Hbf",-1497213994658544450-2609071154-7,"ICE 927",2609071551,11,0
"Köln Hbf",-6452407069337976676-2609071128-8,"ICE 518",2609071605,76,0
"Köln Hbf",7010757467826963006-2609071132-7,"ICE 228",2609071606,5,0
"Köln Hbf",-8732834586368903752-2609071607-1,"ICE 1520",2609071607,0,0
"Düsseldorf Hbf",8187582116097718743-2609071546-2,"IC 2008",2609071608,6,0
"Düsseldorf Hbf",-3330605035074967330-2609071147-10,"ICE 940",2609071608,15,0
"Köln Hbf",-257816953041096365-2609071136-17,"IC 2203",2609071614,22,0
"Köln Hbf",-482221124538025922-2609071425-5,"ICE 17",2609071615,9,0
"Düsseldorf Hbf",6556040714554725251-2609071619-1,"ICE 725",2609071619,0,0
"Köln Hbf",375201943151232777-2609071147-9,"ICE 950",2609071621,5,0
"Düsseldorf Hbf",-762086226758254325-2609071226-11,"ICE 201",2609071622,14,0
"Köln Hbf",-6579606754577220741-2609071501-5,"ICE 1716",2609071625,1,0
"Düsseldorf Hbf",-8732834586368903752-2609071607-2,"ICE 1520",2609071627,3,0
"Köln Hbf",5058768902280124693-2609071629-1,"ICE 1611",2609071629,0,0
"Düsseldorf Hbf",7010757467826963006-2609071132-8,"ICE 228",2609071632,3,0
"Düsseldorf Hbf",8429649765325465614-2609071145-9,"ICE 628",2609071640,31,0
"Köln Hbf",4524910290568704513-2609071534-4,"ICE 122",2609071643,17,0
"Köln Hbf",-157208555968192668-2609071644-1,"ICE 653",2609071644,2,0
"Düsseldorf Hbf",5612128767266048221-2609071438-7,"ICE 127",2609071645,9,0
"Köln Hbf",-5036776284380011862-2609070922-21,"IC 2048",2609071645,19,0
"Düsseldorf Hbf",-5511541014003594580-2609071648-1,"ICE 643",2609071648,10,0
"Düsseldorf Hbf",6330890959881575446-2609070953-14,"ICE 2311",2609071650,30,0
"Köln Hbf",-762086226758254325-2609071226-12,"ICE 201",2609071650,14,0
"Düsseldorf Hbf",-1838827148333657754-2609071220-9,"ICE 916",2609071653,56,0
"Düsseldorf Hbf",2333246513660073790-2609071553-5,"ICE 1013",2609071703,9,0
"Köln Hbf",-8705107722613527627-2609071059-15,"ICE 106",2609071705,11,0
"Köln Hbf",-7566186731885125077-2609071305-8,"ICE 2012",2609071706,96,1
"Düsseldorf Hbf",4524910290568704513-2609071534-5,"ICE 122",2609071710,21,0
"Köln Hbf",-893148775004719136-2609071711-1,"IC 2043",2609071711,0,0
"Düsseldorf Hbf",-8713208741749436113-2609071247-11,"ICE 548",2609071712,57,0
"Köln Hbf",5612128767266048221-2609071438-8,"ICE 127",2609071713,9,0
"Köln Hbf",-2894975550766125611-2609071252-8,"ICE 558",2609071715,52,0
"Köln Hbf",6330890959881575446-2609070953-15,"ICE 2311",2609071719,32,0
"Düsseldorf Hbf",6757774550243091278-2609071720-1,"ICE 727",2609071720,14,0
"Düsseldorf Hbf",-2924322226173910183-2609071703-3,"ICE 929",2609071724,14,0
"Köln Hbf",-1057492321374091038-2609071731-1,"ICE 713",2609071731,0,0
"Düsseldorf Hbf",-8705107722613527627-2609071059-16,"ICE 106",2609071732,12,0
"Köln Hbf",-8631361224774257822-2609071611-6,"ICE 1514",2609071733,16,0
"Köln Hbf",-4550645364654346112-2609071735-1,"ICE 955",2609071735,14,0
"Düsseldorf Hbf",5042424630356113204-2609071245-8,"ICE 626",2609071738,22,0
"Köln Hbf",3763871362376381297-2609071634-3,"ICE 12",2609071740,5,0
"Düsseldorf Hbf",-7566186731885125077-2609071305-9,"ICE 2012",2609071742,96,1
"Düsseldorf Hbf",-2882197430592295029-2609071351-16,"IC 2205",2609071746,21,0
"Köln Hbf",-3282400354544978678-2609071746-1,"IC 2006",2609071746,0,0
"Köln Hbf",-2910589038648014094-2609071326-12,"ICE 613",2609071746,17,0
"Düsseldorf Hbf",-8275737537227179086-2609071750-1,"ICE 945",2609071750,1,0
"Köln Hbf",-2924322226173910183-2609071703-4,"ICE 929",2609071750,17,0
"Köln Hbf",6954924236955692259-2609071328-8,"ICE 516",2609071805,10,0
"Köln Hbf",944231164744023574-2609071332-7,"ICE 28",2609071806,29,0
"Düsseldorf Hbf",-3282400354544978678-2609071746-2,"IC 2006",2609071808,5,0
"Düsseldorf Hbf",3702662415087684826-2609071347-10,"ICE 848",2609071808,41,0
"Köln Hbf",6423634419829337550-2609071434-11,"ICE 710",2609071808,11,0
"Köln Hbf",-2882197430592295029-2609071351-17,"IC 2205",2609071814,18,0
"Köln Hbf",4992819178731237054-2609071622-5,"ICE 317",2609071815,12,0
"Düsseldorf Hbf",-3019965818182152821-2609071821-1,"ICE 729",2609071821,2,0
"Düsseldorf Hbf",-7956047615718350819-2609071426-11,"ICE 203",2609071822,10,0
"Köln Hbf",-1900115166859559092-2609071347-9,"ICE 858",2609071822,29,0
"Düsseldorf Hbf",1459720362045900384-2609071235-10,"ICE 216",2609071824,0,1
"Köln Hbf",-7955422278217659578-2609071703-5,"ICE 1714",2609071825,0,1
"Köln Hbf",1407594009417555306-2609071829-1,"ICE 1613",2609071829,0,0
"Düsseldorf Hbf",944231164744023574-2609071332-8,"ICE 28",2609071832,32,0
"Düsseldorf Hbf",-4521437519262178170-2609071345-9,"ICE 624",2609071836,56,0
"Köln Hbf",-6750794421454638985-2609071420-9,"ICE 224",2609071843,19,1
"Köln Hbf",9016403526930832374-2609071844-1,"ICE 655",2609071844,15,0
"Düsseldorf Hbf",-2599950570116389517-2609071638-7,"ICE 129",2609071845,20,0
"Köln Hbf",-4140470391187734614-2609071122-21,"IC 2440",2609071845,3,1
"Düsseldorf Hbf",4447890004106418758-2609071848-1,"ICE 645",2609071848,3,0
"Düsseldorf Hbf",7867558493628354270-2609071115-18,"ICE 1037",2609071850,29,0
"Köln Hbf",-7956047615718350819-2609071426-12,"ICE 203",2609071850,6,0
"Düsseldorf Hbf",-6727683722954373951-2609071754-5,"ICE 1015",2609071901,12,0
"Köln Hbf",-4758242349678413284-2609071238-12,"ICE 104",2609071905,0,0
"Köln Hbf",3024320540544332138-2609071624-6,"IC 2041",2609071906,0,1
"Düsseldorf Hbf",3141971505559871903-2609071447-10,"ICE 546",2609071908,16,0
"Düsseldorf Hbf",-6750794421454638985-2609071420-10,"ICE 224",2609071910,21,0
"Köln Hbf",-2599950570116389517-2609071638-8,"ICE 129",2609071913,27,0
"Köln Hbf",8430642524571604487-2609071452-8,"ICE 556",2609071915,31,0
"Düsseldorf Hbf",-3738461847412237185-2609071918-1,"ICE 821",2609071918,30,0
"Köln Hbf",7867558493628354270-2609071115-19,"ICE 1037",2609071920,36,0
"Düsseldorf Hbf",2312296716933966404-2609071554-4,"ICE 1021",2609071921,0,1
"Düsseldorf Hbf",-4055232889596422409-2609070803-29,"ICE 118",2609071924,3,0
"Düsseldorf Hbf",-4758242349678413284-2609071238-13,"ICE 104",2609071932,4,0
"Köln Hbf",-4997552987396627422-2609071811-6,"ICE 1512",2609071933,2,0
"Düsseldorf Hbf",-2142784246140329213-2609071445-8,"ICE 622",2609071936,5,0
"Köln Hbf",3141971505559871903-2609071447-11,"ICE 546",2609071936,14,0
"Köln Hbf",-8942408890709913676-2609071833-3,"ICE 10",2609071940,3,0
"Düsseldorf Hbf",1492120664389609114-2609071604-14,"IC 2207",2609071946,25,0
"Köln Hbf",-5425302918995479956-2609071526-12,"ICE 615",2609071946,10,0
"Düsseldorf Hbf",3778695356863398992-2609071950-1,"ICE 947",2609071950,1,0
"Köln Hbf",2312296716933966404-2609071554-5,"ICE 1021",2609071950,5,1
"Köln Hbf",-5040855886902453859-2609071528-8,"ICE 514",2609072005,0,0
"Köln Hbf",-8926157399752465663-2609071532-7,"ICE 26",2609072006,33,0
"Düsseldorf Hbf",798259414142998527-2609072009-1,"ICE 823",2609072009,0,0
"Düsseldorf Hbf",-9003107645534276753-2609071547-9,"ICE 846",2609072013,17,0
"Köln Hbf",1492120664389609114-2609071604-15,"IC 2207",2609072014,28,0
"Köln Hbf",4341219805487381340-2609071825-5,"ICE 19",2609072015,4,0
"Düsseldorf Hbf",-6235789055676348186-2609071626-11,"ICE 205",2609072022,6,0
"Köln Hbf",-819597198211929243-2609071547-9,"ICE 856",2609072022,15,0
"Düsseldorf Hbf",-8926157399752465663-2609071532-8,"ICE 26",2609072032,34,0
"Düsseldorf Hbf",-1188267942167451229-2609071545-9,"ICE 620",2609072037,22,0
"Köln Hbf",2576231255055476975-2609071934-4,"ICE 120",2609072043,9,0
"Düsseldorf Hbf",-7056878515633598205-2609071838-7,"ICE 221",2609072045,3,0
"Köln Hbf",-7949491460536242261-2609071322-21,"IC 2442",2609072045,2,1
"Köln Hbf",5646922477923288654-2609072045-1,"ICE 657",2609072045,0,0
"Köln Hbf",-6235789055676348186-2609071626-12,"ICE 205",2609072048,5,0
"Düsseldorf Hbf",-977669644680017628-2609071620-9,"ICE 912",2609072053,9,0
"Düsseldorf Hbf",8262134096716058006-2609071353-14,"ICE 2215",2609072059,11,0
"Köln Hbf",-7971996062035411059-2609071438-12,"ICE 102",2609072105,0,0
"Köln Hbf",-1797131029278033890-2609071824-6,"IC 2349",2609072106,0,1
"Düsseldorf Hbf",2576231255055476975-2609071934-5,"ICE 120",2609072110,17,0
"Düsseldorf Hbf",-5885856201096992744-2609071647-10,"ICE 544",2609072112,42,0
"Köln Hbf",-7056878515633598205-2609071838-8,"ICE 221",2609072113,3,0
"Köln Hbf",6625519329407624873-2609071652-8,"ICE 554",2609072114,24,0
"Köln Hbf",8388183103841403836-2609071516-14,"ICE 1544",2609072119,19,0
"Düsseldorf Hbf",6194893901306646476-2609071726-11,"ICE 617",2609072121,18,0
"Köln Hbf",5268242451257549226-2609071901-6,"ICE 313",2609072124,3,0
"Köln Hbf",8262134096716058006-2609071353-15,"ICE 2215",2609072131,2,0
"Düsseldorf Hbf",50770787591072936-2609071644-9,"ICE 528",2609072137,5,0
"Köln Hbf",1555483896112278137-2609072014-6,"ICE 318",2609072139,4,0
"Köln Hbf",-5885856201096992744-2609071647-11,"ICE 544",2609072140,39,0
"Köln Hbf",1123272061820542344-2609071732-7,"ICE 24",2609072147,48,0
"Köln Hbf",6194893901306646476-2609071726-12,"ICE 617",2609072148,20,0
"Köln Hbf",7537395545451740415-2609071728-8,"ICE 512",2609072205,9,0
"Düsseldorf Hbf",1123272061820542344-2609071732-8,"ICE 24",2609072213,49,0
"Düsseldorf Hbf",-4080761801504144103-2609071747-8,"ICE 844",2609072213,13,0
"Köln Hbf",-8088851598754426904-2609072025-5,"ICE 319",2609072215,10,0
"Köln Hbf",4711383125555203513-2609071747-9,"ICE 854",2609072222,16,0
"Köln Hbf",6195485783263057734-2609071819-8,"ICE 910",2609072230,4,0
"Düsseldorf Hbf",6810614476303646777-2609071826-9,"ICE 207",2609072233,1,0
"Köln Hbf",4804116960335233530-2609071522-21,"IC 2444",2609072245,37,0
"Düsseldorf Hbf",3736117015423388331-2609071746-9,"ICE 526",2609072246,1,0
"Köln Hbf",5987880351959364904-2609072246-1,"ICE 1541",2609072246,20,0
"Köln Hbf",-4080761801504144103-2609071747-9,"ICE 844",2609072249,1,0
"Köln Hbf",6810614476303646777-2609071826-10,"ICE 207",2609072303,-5,0
"Köln Hbf",-3578772766631177771-2609072024-7,"IC 2347",2609072306,0,1
"Köln Hbf",4005400229928334385-2609071659-16,"ICE 100",2609072310,7,0
"Köln Hbf",2579078581490934825-2609071852-8,"ICE 552",2609072315,65,0
"Köln Hbf",-6524998557445987060-2609071844-11,"ICE 524",2609072339,7,0
"Köln Hbf",7582314568044505717-2609072101-5,"IC 60403",2609072345,36,0
"Köln Hbf",5926473462606976417-2609071926-10,"ICE 619",2609072353,11,0
"Köln Hbf",-1854738006003716349-2609071847-9,"ICE 542",2609072359,46,0
"Köln Hbf",3337083331722830688-2609071932-7,"ICE 22",2609080006,23,0
"Köln Hbf",8322424274180843926-2609071928-9,"ICE 510",2609080010,3,0
"Köln Hbf",-4383803236760390820-2609071945-12,"ICE 522",2609080031,3,0
"Köln Hbf",-4737482986446738332-2609071947-8,"ICE 842",2609080039,24,0
"Köln Hbf",-4463983841688751065-2609072026-10,"ICE 209",2609080102,23,0
"Köln Hbf",8503777394879306018-2609072328-7,"ICE 920",2609080205,7,0
"Köln Hbf",2774174590951633862-2609072225-11,"ICE 921",2609080316,-4,0
"Köln Hbf",7130605216857004791-2609080321-1,"ICE 827",2609080321,0,0
"Köln Hbf",-1822966271854478829-2609080337-1,"ICE 1028",2609080337,0,0
"Köln Hbf",8652078400714170233-2609080408-1,"ICE 541",2609080408,0,0
"Köln Hbf",-7455087584675999219-2609080428-1,"ICE 521",2609080428,0,0
"Düsseldorf Hbf",-881594861635697900-2609080323-4,"ICE 523",2609080431,0,0
"Köln Hbf",-1981361635087318141-2609080511-1,"IC 2445",2609080511,0,0
"Köln Hbf",1179810196779242077-2609080511-1,"ICE 208",2609080511,0,0
"Düsseldorf Hbf",3596733780499351643-2609080422-6,"ICE 23",2609080522,3,0
"Köln Hbf",-397321280238564306-2609080525-1,"ICE 911",2609080525,0,0
"Köln Hbf",-5962154382149198734-2609080526-1,"ICE 843",2609080526,2,0
"Düsseldorf Hbf",1179810196779242077-2609080511-2,"ICE 208",2609080532,1,0
"Köln Hbf",-486178897212069438-2609080534-1,"ICE 853",2609080534,4,0
"Köln Hbf",4753870957390372842-2609072159-11,"IC 60402",2609080544,7,0
"Düsseldorf Hbf",707692460492138158-2609072337-15,"ICE 1540",2609080547,25,0
"Köln Hbf",4230433869735770140-2609080548-1,"ICE 511",2609080548,3,0
"Düsseldorf Hbf",-5962154382149198734-2609080526-2,"ICE 843",2609080549,2,0
"Köln Hbf",3596733780499351643-2609080422-7,"ICE 23",2609080549,0,0
"Köln Hbf",2178700040520449500-2609080601-1,"ICE 711",2609080601,0,0
"Köln Hbf",2686007473625185344-2609080001-12,"ICE 618",2609080604,0,0
"Köln Hbf",-7723883505152961116-2609080611-1,"ICE 312",2609080611,9,0
"Düsseldorf Hbf",4753870957390372842-2609072159-12,"IC 60402",2609080615,5,0
"Köln Hbf",707692460492138158-2609072337-16,"ICE 1540",2609080615,34,0
"Düsseldorf Hbf",-7586352224211082006-2609080514-4,"ICE 525",2609080618,11,0
"Düsseldorf Hbf",8735574551800398555-2609080524-5,"ICE 101",2609080622,28,0
"Köln Hbf",-4310203737838801908-2609080625-1,"ICE 543",2609080625,1,0
"Köln Hbf",1878809338003406023-2609080627-1,"ICE 1511",2609080627,0,0
"Düsseldorf Hbf",2686007473625185344-2609080001-13,"ICE 618",2609080632,1,0
"Köln Hbf",6856208171401458843-2609080534-4,"ICE 222",2609080643,7,0
"Köln Hbf",-7151271002257875909-2609080502-6,"IC 2348",2609080645,0,1
"Köln Hbf",-8806275556870827116-2609080645-1,"ICE 553",2609080645,-3,0
"Düsseldorf Hbf",-4310203737838801908-2609080625-2,"ICE 543",2609080647,3,0
"Köln Hbf",8735574551800398555-2609080524-6,"ICE 101",2609080650,24,0
"Düsseldorf Hbf",-6165068286223376269-2609080554-5,"ICE 913",2609080702,12,0
"Düsseldorf Hbf",6856208171401458843-2609080534-5,"ICE 222",2609080710,8,0
"Köln Hbf",7366829146503955313-2609080711-1,"IC 2443",2609080711,0,0
"Köln Hbf",6135728412348303878-2609080711-1,"ICE 206",2609080711,0,0
"Düsseldorf Hbf",-853844594697067860-2609080615-4,"ICE 527",2609080718,10,0
"Düsseldorf Hbf",542680258128049209-2609080621-6,"ICE 25",2609080724,20,0
"Köln Hbf",5312563495212518167-2609080726-1,"ICE 845",2609080726,0,0
"Düsseldorf Hbf",6135728412348303878-2609080711-2,"ICE 206",2609080732,2,0
"Köln Hbf",-7772981549573087469-2609080733-1,"ICE 1713",2609080733,0,0
"Köln Hbf",7280780786399683236-2609080735-1,"ICE 855",2609080735,7,0
"Düsseldorf Hbf",8378187760869811763-2609080541-8,"ICE 826",2609080737,0,0
"Köln Hbf",4021377973164879687-2609080634-3,"ICE 18",2609080740,11,0
"Köln Hbf",2082653246441066227-2609080740-1,"ICE 2310",2609080740,2,0
"Köln Hbf",-1316725331766652964-2609080603-6,"ICE 513",2609080745,14,0
"Köln Hbf",-8638855930583862299-2609080746-1,"IC 2206",2609080746,9,0
"Düsseldorf Hbf",5312563495212518167-2609080726-2,"ICE 845",2609080749,1,0
"Köln Hbf",542680258128049209-2609080621-7,"ICE 25",2609080750,19,0
"Köln Hbf",-3118459641712443593-2609080601-5,"ICE 712",2609080755,3,0
"Köln Hbf",937531600424895578-2609080549-4,"ICE 616",2609080805,0,0
"Düsseldorf Hbf",2082653246441066227-2609080740-2,"ICE 2310",2609080807,5,0
"Düsseldorf Hbf",-8638855930583862299-2609080746-2,"IC 2206",2609080810,10,0
"Köln Hbf",-683349446891373235-2609080623-5,"ICE 11",2609080816,9,0
"Düsseldorf Hbf",7320863906691937525-2609080719-4,"ICE 529",2609080818,34,0
"Düsseldorf Hbf",8518232099080018263-2609080426-11,"ICE 103",2609080822,8,0
"Köln Hbf",-1489252697791169587-2609080825-1,"ICE 545",2609080825,1,0
"Köln Hbf",-2307934263002248776-2609080829-1,"ICE 1513",2609080829,12,0
"Düsseldorf Hbf",8056505330798593907-2609080706-6,"ICE 119",2609080831,16,0
"Düsseldorf Hbf",1795377954048554987-2609080708-5,"ICE 824",2609080840,3,0
"Köln Hbf",-3687533052908579649-2609080734-4,"ICE 220",2609080843,4,0
"Köln Hbf",-5067205027928923412-2609080844-1,"ICE 555",2609080844,2,0
"Düsseldorf Hbf",1800994547680145354-2609080638-7,"ICE 121",2609080845,11,0
"Köln Hbf",-3987770513815330460-2609080539-12,"IC 2040",2609080845,0,1
"Köln Hbf",6675332026866779665-2609080845-1,"ICE 1036",2609080845,1,0
"Düsseldorf Hbf",-1489252697791169587-2609080825-2,"ICE 545",2609080847,2,0
"Köln Hbf",8518232099080018263-2609080426-12,"ICE 103",2609080850,8,0
"Düsseldorf Hbf",-5947456125297650390-2609080405-9,"ICE 1014",2609080853,1,0
"Düsseldorf Hbf",400157404087783375-2609080753-5,"ICE 915",2609080902,17,0
"Köln Hbf",735896325928713766-2609080525-7,"ICE 204",2609080905,9,0
"Düsseldorf Hbf",6675332026866779665-2609080845-2,"ICE 1036",2609080906,3,0
"Köln Hbf",4558275999006255649-2609080643-5,"IC 2441",2609080906,0,1
"Düsseldorf Hbf",-3687533052908579649-2609080734-5,"ICE 220",2609080910,11,0
"Köln Hbf",1800994547680145354-2609080638-8,"ICE 121",2609080913,10,0
"Düsseldorf Hbf",6972548221701888574-2609080406-15,"ICE 646",2609080915,36,0
"Köln Hbf",5146840242049916044-2609080640-5,"ICE 656",2609080915,34,0
"Düsseldorf Hbf",-2521696256132503788-2609080920-1,"ICE 621",2609080920,1,0
"Düsseldorf Hbf",-1790024725878292801-2609080820-6,"ICE 27",2609080924,30,0
"Köln Hbf",-8906112445839706377-2609080926-1,"ICE 847",2609080926,0,0
"Düsseldorf Hbf",-6888861751751692665-2609080817-6,"ICE 217",2609080928,13,0
"Düsseldorf Hbf",735896325928713766-2609080525-8,"ICE 204",2609080932,11,0
"Köln Hbf",8918082092638159592-2609080812-6,"ICE 1612",2609080932,4,0
"Köln Hbf",7127812590731908748-2609080935-1,"ICE 857",2609080935,1,0
"Düsseldorf Hbf",-6223962037244896084-2609080441-10,"ICE 822",2609080936,10,0
"Köln Hbf",-5717720788505540143-2609080833-3,"ICE 316",2609080939,13,0
"Düsseldorf Hbf",-6760724929342255350-2609080634-13,"IC 2007",2609080946,14,0
"Köln Hbf",-3482704518387342076-2609080946-1,"IC 2204",2609080946,1,0
"Köln Hbf",6512354943507599026-2609080526-12,"ICE 515",2609080946,27,0
"Düsseldorf Hbf",-8906112445839706377-2609080926-2,"ICE 847",2609080949,2,0
"Köln Hbf",-1790024725878292801-2609080820-7,"ICE 27",2609080952,28,0
"Köln Hbf",67517114520381301-2609080533-8,"ICE 614",2609081005,0,0
"Köln Hbf",4250821308365947570-2609080528-8,"ICE 1022",2609081006,0,1
"Düsseldorf Hbf",-3482704518387342076-2609080946-2,"IC 2204",2609081008,4,0
"Düsseldorf Hbf",-4782954664003624221-2609080526-12,"ICE 946",2609081008,54,0
"Köln Hbf",-6760724929342255350-2609080634-14,"IC 2007",2609081014,13,0
"Köln Hbf",7296668088221534520-2609080825-5,"ICE 13",2609081016,7,0
"Düsseldorf Hbf",7692347899239356115-2609081019-1,"ICE 623",2609081019,0,0
"Düsseldorf Hbf",-3500545049874534285-2609080626-11,"ICE 105",2609081022,5,0
"Köln Hbf",-6590078199824287896-2609080526-11,"ICE 956",2609081022,40,0
"Köln Hbf",309221757920376132-2609081029-1,"ICE 1515",2609081029,0,0
"Düsseldorf Hbf",4250821308365947570-2609080528-9,"ICE 1022",2609081035,0,1
"Düsseldorf Hbf",5509309536167095600-2609080544-10,"ICE 820",2609081040,9,0
"Köln Hbf",-8155331480429548080-2609080934-4,"ICE 128",2609081043,1,0
"Köln Hbf",-8614664585551473503-2609081044-1,"ICE 557",2609081044,4,0
"Düsseldorf Hbf",467631948029280047-2609080831-7,"ICE 225",2609081045,10,0
"Köln Hbf",5248730939501738569-2609080602-15,"IC 2042",2609081045,34,0
"Düsseldorf Hbf",211585818996437737-2609081048-1,"ICE 547",2609081048,1,0
"Köln Hbf",-3500545049874534285-2609080626-12,"ICE 105",2609081050,7,0
"Düsseldorf Hbf",-6324333303227400345-2609080620-9,"ICE 1012",2609081053,4,0
"Köln Hbf",8125274319994745100-2609081053-1,"ICE 2013",2609081053,0,1
"Köln Hbf",-508151058757607646-2609080716-9,"ICE 202",2609081105,0,0
"Köln Hbf",6110717110533777360-2609080824-6,"IC 2049",2609081106,0,1
"Düsseldorf Hbf",2417110662322496020-2609080647-10,"ICE 644",2609081109,47,0
"Düsseldorf Hbf",-8155331480429548080-2609080934-5,"ICE 128",2609081110,6,0
"Köln Hbf",467631948029280047-2609080831-8,"ICE 225",2609081114,24,0
"Köln Hbf",-2664747470423541798-2609080652-8,"ICE 654",2609081114,66,0
"Düsseldorf Hbf",-1863724056778564852-2609081117-1,"ICE 625",2609081117,1,0
"Düsseldorf Hbf",3450663025951470366-2609080602-8,"ICE 1521",2609081119,27,0
"Düsseldorf Hbf",3704713885565394549-2609081024-4,"ICE 29",2609081124,15,0
"Düsseldorf Hbf",-508151058757607646-2609080716-10,"ICE 202",2609081132,4,0
"Köln Hbf",98157840525274029-2609081011-6,"ICE 1610",2609081133,0,0
"Köln Hbf",-9221432942161771616-2609081135-1,"ICE 859",2609081135,3,0
"Düsseldorf Hbf",-7827307397706401371-2609080644-8,"ICE 728",2609081137,65,1
"Köln Hbf",-3207602294555876168-2609081034-3,"ICE 16",2609081139,3,0
"Köln Hbf",3450663025951470366-2609080602-9,"ICE 1521",2609081145,23,0
"Düsseldorf Hbf",6862846665566225825-2609080834-13,"IC 2009",2609081146,21,1
"Köln Hbf",-8775310893499181309-2609081146-1,"IC 2202",2609081146,10,0
"Köln Hbf",-4602427783665327588-2609080726-12,"ICE 517",2609081146,30,0
"Düsseldorf Hbf",-3935110464616838577-2609081150-1,"ICE 849",2609081150,10,0
"Köln Hbf",3704713885565394549-2609081024-5,"ICE 29",2609081150,15,0
"Köln Hbf",-8386336934533711188-2609080728-9,"ICE 1020",2609081205,32,0
"Köln Hbf",-7184453857839759572-2609080728-8,"ICE 612",2609081205,6,0
"Düsseldorf Hbf",-8775310893499181309-2609081146-2,"IC 2202",2609081208,15,0
"Düsseldorf Hbf",789381465621699355-2609080747-10,"ICE 944",2609081208,49,0
"Köln Hbf",4555217987378332456-2609080713-11,"ICE 1548",2609081209,40,0
"Köln Hbf",6862846665566225825-2609080834-14,"IC 2009",2609081214,17,1
"Köln Hbf",-6382331557337532208-2609081025-5,"ICE 15",2609081215,4,0
"Düsseldorf Hbf",-7766800689315712550-2609081219-1,"ICE 627",2609081219,1,0
"Düsseldorf Hbf",-5703640496454004355-2609080825-11,"ICE 107",2609081222,17,0
"Köln Hbf",5065395714490050726-2609080747-9,"ICE 954",2609081222,20,0
"Köln Hbf",-8376398398323607088-2609081229-1,"ICE 1517",2609081229,7,0
"Düsseldorf Hbf",-8386336934533711188-2609080728-10,"ICE 1020",2609081230,38,0
"Düsseldorf Hbf",5394868531176279031-2609080742-9,"ICE 726",2609081240,134,0
"Köln Hbf",-4712053304823003938-2609081134-4,"ICE 126",2609081243,16,0
"Köln Hbf",5886092952094503689-2609081244-1,"ICE 559",2609081244,3,0
"Düsseldorf Hbf",1869793107893408377-2609081031-7,"ICE 123",2609081245,30,0
"Köln Hbf",666711005360005078-2609080522-21,"IC 2044",2609081245,0,1
"Köln Hbf",607281138257369836-2609081245-1,"ICE 1032",2609081245,4,0
"Düsseldorf Hbf",-5225265888807154878-2609081248-1,"ICE 549",2609081248,2,0
"Köln Hbf",-5703640496454004355-2609080825-12,"ICE 107",2609081250,14,0
"Düsseldorf Hbf",-1202781486977583710-2609080819-9,"ICE 1010",2609081253,0,0
"Düsseldorf Hbf",-5763151150910106247-2609081155-5,"ICE 919",2609081302,14,0
"Köln Hbf",5555371111259384160-2609080759-9,"ICE 200",2609081305,1,0
"Düsseldorf Hbf",607281138257369836-2609081245-2,"ICE 1032",2609081306,6,0
"Köln Hbf",-4063923105147557882-2609081024-6,"IC 2047",2609081306,0,1
"Düsseldorf Hbf",-4712053304823003938-2609081134-5,"ICE 126",2609081310,20,0
"Düsseldorf Hbf",-3811000113167125819-2609080847-11,"ICE 642",2609081311,43,0
"Köln Hbf",1869793107893408377-2609081031-8,"ICE 123",2609081314,36,0
"Köln Hbf",7029715491133337413-2609080852-8,"ICE 652",2609081315,37,0
"Düsseldorf Hbf",2307301279586290347-2609081321-1,"ICE 629",2609081321,0,1
"Düsseldorf Hbf",6492627968416470339-2609081221-6,"ICE 229",2609081324,16,0
"Köln Hbf",-2157107938954049243-2609081101-6,"ICE 311",2609081324,3,0
"Düsseldorf Hbf",5555371111259384160-2609080759-10,"ICE 200",2609081332,7,0
"Köln Hbf",-7017661080292591369-2609081211-6,"ICE 1518",2609081333,0,0
"Köln Hbf",201535978532296242-2609081334-1,"ICE 1549",2609081334,0,0
"Köln Hbf",-4020550040361167307-2609081335-1,"ICE 951",2609081335,12,0
"Düsseldorf Hbf",-4676367904559688889-2609080845-8,"ICE 724",2609081337,52,0
"Köln Hbf",4216288988927907099-2609081234-3,"ICE 314",2609081339,2,0
"Düsseldorf Hbf",5900362052756938804-2609080951-16,"IC 2201",2609081346,77,0
"Köln Hbf",-3185038341433261764-2609081346-1,"IC 2200",2609081346,0,1
"Köln Hbf",-8471873024121272354-2609080926-12,"ICE 519",2609081346,12,0
"Düsseldorf Hbf",-1360629902197387952-2609081350-1,"ICE 941",2609081350,1,0
"Köln Hbf",6492627968416470339-2609081221-7,"ICE 229",2609081352,14,0
"Köln Hbf",9011011619156863439-2609080928-8,"ICE 610",2609081405,4,0
"Köln Hbf",338204297594764006-2609080827-10,"ICE 926",2609081406,147,1
"Düsseldorf Hbf",-3185038341433261764-2609081346-2,"IC 2200",2609081408,0,1
"Düsseldorf Hbf",7024771559125615258-2609080947-10,"ICE 942",2609081408,31,0
"Köln Hbf",5900362052756938804-2609080951-17,"IC 2201",2609081414,86,0
"Köln Hbf",4815612638303090443-2609081225-5,"ICE 315",2609081415,4,0
"Düsseldorf Hbf",-758807154932475400-2609081419-1,"ICE 721",2609081419,0,1
"Düsseldorf Hbf",6610086332469437335-2609081026-11,"ICE 109",2609081422,9,0
"Köln Hbf",2625224039751841654-2609080947-9,"ICE 952",2609081422,20,0
"Köln Hbf",4846835449118805747-2609081429-1,"ICE 1519",2609081429,0,0
"Düsseldorf Hbf",338204297594764006-2609080827-11,"ICE 926",2609081432,149,1
"Düsseldorf Hbf",-7906017824379584014-2609080946-9,"ICE 722",2609081436,92,0
"Köln Hbf",-8784598530479710827-2609081438-1,"ICE 310",2609081438,0,0
"Köln Hbf",-5676785138972199399-2609081334-4,"ICE 124",2609081443,2,0
"Köln Hbf",-6270903731699972278-2609081444-1,"ICE 651",2609081444,2,0
"Düsseldorf Hbf",-9018982874238179365-2609081238-7,"ICE 125",2609081445,18,0
"Köln Hbf",-5299413353021537464-2609080722-21,"IC 2046",2609081445,0,1
"Düsseldorf Hbf",7188954872564278301-2609081448-1,"ICE 641",2609081448,0,0
"Düsseldorf Hbf",-553863566957669250-2609080730-17,"ICE 1033",2609081450,0,0
"Köln Hbf",6610086332469437335-2609081026-12,"ICE 109",2609081450,6,0
"Düsseldorf Hbf",7844358081895785158-2609081019-9,"ICE 918",2609081453,21,0
"Düsseldorf Hbf",8564432605510706771-2609081353-5,"ICE 1011",2609081501,12,0
"Köln Hbf",7702481692019596064-2609080838-12,"ICE 108",2609081505,5,0
"Köln Hbf",999348998582534522-2609081224-6,"IC 2045",2609081506,0,1
"Düsseldorf Hbf",-5676785138972199399-2609081334-5,"ICE 124",2609081510,1,0
"Düsseldorf Hbf",8642793912640631890-2609081047-11,"ICE 640",2609081511,17,0
"Köln Hbf",-9018982874238179365-2609081238-8,"ICE 125",2609081513,14,0
"Köln Hbf",-7022498938457192021-2609081052-8,"ICE 650",2609081515,34,0
"Düsseldorf Hbf",5311537321398817844-2609081520-1,"ICE 723",2609081520,10,0
"Köln Hbf",-553863566957669250-2609080730-18,"ICE 1033",2609081520,-3,0
"Düsseldorf Hbf",-1497213994658544450-2609081154-6,"ICE 927",2609081522,25,0
"Düsseldorf Hbf",7702481692019596064-2609080838-13,"ICE 108",2609081532,4,0
"Köln Hbf",4945186918802353023-2609081411-6,"ICE 1516",2609081533,22,0
"Köln Hbf",-107298036587741504-2609081535-1,"ICE 953",2609081535,0,0
"Düsseldorf Hbf",6519626148103819066-2609081045-9,"ICE 720",2609081536,43,0
"Köln Hbf",2218943744552257469-2609081434-3,"ICE 14",2609081539,16,0
"Düsseldorf Hbf",-257816953041096365-2609081136-16,"IC 2203",2609081546,55,0
"Köln Hbf",8187582116097718743-2609081546-1,"IC 2008",2609081546,0,1
"Köln Hbf",5653087570567167872-2609081126-12,"ICE 611",2609081546,19,0
"Düsseldorf Hbf",6378881227509878523-2609081550-1,"ICE 943",2609081550,1,0
"Köln Hbf",-1497213994658544450-2609081154-7,"ICE 927",2609081551,21,0
"Köln Hbf",-6452407069337976676-2609081128-8,"ICE 518",2609081605,1,0
"Köln Hbf",7010757467826963006-2609081132-9,"ICE 228",2609081606,22,0
"Köln Hbf",-8732834586368903752-2609081607-1,"ICE 1520",2609081607,6,0
"Düsseldorf Hbf",8187582116097718743-2609081546-2,"IC 2008",2609081608,0,1
"Düsseldorf Hbf",-3330605035074967330-2609081147-10,"ICE 940",2609081608,14,0
"Köln Hbf",-257816953041096365-2609081136-17,"IC 2203",2609081614,56,0
"Köln Hbf",-482221124538025922-2609081425-5,"ICE 17",2609081615,3,0
"Düsseldorf Hbf",6556040714554725251-2609081619-1,"ICE 725",2609081619,16,0
"Köln Hbf",375201943151232777-2609081147-9,"ICE 950",2609081621,15,0
"Düsseldorf Hbf",-762086226758254325-2609081226-11,"ICE 201",2609081622,13,0
"Köln Hbf",-6579606754577220741-2609081501-5,"ICE 1716",2609081625,4,0
"Düsseldorf Hbf",-8732834586368903752-2609081607-2,"ICE 1520",2609081627,8,0
"Köln Hbf",5058768902280124693-2609081629-1,"ICE 1611",2609081629,0,0
"Düsseldorf Hbf",7010757467826963006-2609081132-10,"ICE 228",2609081632,23,1
"Düsseldorf Hbf",8429649765325465614-2609081145-9,"ICE 628",2609081640,29,0
"Köln Hbf",4524910290568704513-2609081534-4,"ICE 122",2609081643,46,0
"Köln Hbf",-157208555968192668-2609081644-1,"ICE 653",2609081644,0,0
"Düsseldorf Hbf",5612128767266048221-2609081438-7,"ICE 127",2609081645,6,0
"Köln Hbf",-5036776284380011862-2609080922-21,"IC 2048",2609081645,0,1
"Düsseldorf Hbf",-5511541014003594580-2609081648-1,"ICE 643",2609081648,1,0
"Düsseldorf Hbf",6330890959881575446-2609080953-14,"ICE 2311",2609081650,33,0
"Köln Hbf",-762086226758254325-2609081226-12,"ICE 201",2609081650,10,0
"Düsseldorf Hbf",-1838827148333657754-2609081220-9,"ICE 916",2609081653,5,1
"Düsseldorf Hbf",2333246513660073790-2609081553-5,"ICE 1013",2609081703,1,0
"Köln Hbf",-8705107722613527627-2609081059-15,"ICE 106",2609081705,2,0
"Köln Hbf",-7566186731885125077-2609081305-8,"ICE 2012",2609081706,0,1
"Düsseldorf Hbf",4524910290568704513-2609081534-5,"ICE 122",2609081710,47,0
"Köln Hbf",-893148775004719136-2609081711-1,"IC 2043",2609081711,4,0
"Düsseldorf Hbf",-8713208741749436113-2609081247-11,"ICE 548",2609081712,58,0
"Köln Hbf",5612128767266048221-2609081438-8,"ICE 127",2609081713,1,0
"Köln Hbf",-2894975550766125611-2609081252-8,"ICE 558",2609081715,64,0
"Köln Hbf",6330890959881575446-2609080953-15,"ICE 2311",2609081719,41,0
"Düsseldorf Hbf",6757774550243091278-2609081720-1,"ICE 727",2609081720,10,0
"Düsseldorf Hbf",-2924322226173910183-2609081703-3,"ICE 929",2609081724,9,0
"Köln Hbf",-1057492321374091038-2609081731-1,"ICE 713",2609081731,0,0
"Düsseldorf Hbf",-8705107722613527627-2609081059-16,"ICE 106",2609081732,2,0
"Köln Hbf",-8631361224774257822-2609081611-6,"ICE 1514",2609081733,4,0
"Köln Hbf",-4550645364654346112-2609081735-1,"ICE 955",2609081735,1,0
"Düsseldorf Hbf",5042424630356113204-2609081245-8,"ICE 626",2609081738,0,0
"Köln Hbf",3763871362376381297-2609081634-3,"ICE 12",2609081740,5,0
"Düsseldorf Hbf",-7566186731885125077-2609081305-9,"ICE 2012",2609081742,0,1
"Düsseldorf Hbf",-8275737537227179086-2609081745-1,"ICE 945",2609081745,4,0
"Düsseldorf Hbf",-2882197430592295029-2609081351-16,"IC 2205",2609081746,17,0
"Köln Hbf",-3282400354544978678-2609081746-1,"IC 2006",2609081746,10,0
"Köln Hbf",-2910589038648014094-2609081326-12,"ICE 613",2609081746,18,0
"Köln Hbf",-2924322226173910183-2609081703-4,"ICE 929",2609081750,12,0
"Köln Hbf",6954924236955692259-2609081328-8,"ICE 516",2609081805,2,0
"Köln Hbf",944231164744023574-2609081332-9,"ICE 28",2609081806,16,0
"Düsseldorf Hbf",-3282400354544978678-2609081746-2,"IC 2006",2609081808,17,0
"Düsseldorf Hbf",3702662415087684826-2609081347-10,"ICE 848",2609081808,32,0
"Köln Hbf",6423634419829337550-2609081434-11,"ICE 710",2609081808,6,0
"Köln Hbf",-2882197430592295029-2609081351-17,"IC 2205",2609081814,20,0
"Köln Hbf",4992819178731237054-2609081622-5,"ICE 317",2609081815,1,0
"Düsseldorf Hbf",-3019965818182152821-2609081821-1,"ICE 729",2609081821,6,0
"Düsseldorf Hbf",-7956047615718350819-2609081426-11,"ICE 203",2609081822,2,0
"Köln Hbf",-1900115166859559092-2609081347-9,"ICE 858",2609081822,27,0
"Düsseldorf Hbf",1459720362045900384-2609081235-10,"ICE 216",2609081824,4,0
"Köln Hbf",-7955422278217659578-2609081703-5,"ICE 1714",2609081825,4,0
"Köln Hbf",1407594009417555306-2609081829-1,"ICE 1613",2609081829,0,0
"Düsseldorf Hbf",944231164744023574-2609081332-10,"ICE 28",2609081832,17,0
"Düsseldorf Hbf",-4521437519262178170-2609081345-9,"ICE 624",2609081836,0,0
"Köln Hbf",-6750794421454638985-2609081420-9,"ICE 224",2609081843,12,0
"Köln Hbf",9016403526930832374-2609081844-1,"ICE 655",2609081844,13,0
"Düsseldorf Hbf",-2599950570116389517-2609081638-7,"ICE 129",2609081845,44,0
"Köln Hbf",-4140470391187734614-2609081122-21,"IC 2440",2609081845,0,1
"Düsseldorf Hbf",4447890004106418758-2609081848-1,"ICE 645",2609081848,8,0
"Düsseldorf Hbf",7867558493628354270-2609081115-18,"ICE 1037",2609081850,11,0
"Köln Hbf",-7956047615718350819-2609081426-12,"ICE 203",2609081850,2,0
"Düsseldorf Hbf",-6727683722954373951-2609081754-5,"ICE 1015",2609081901,11,0
"Köln Hbf",-4758242349678413284-2609081238-12,"ICE 104",2609081905,2,0
"Köln Hbf",3024320540544332138-2609081624-6,"IC 2041",2609081906,0,1
"Düsseldorf Hbf",3141971505559871903-2609081447-10,"ICE 546",2609081908,37,0
"Düsseldorf Hbf",-6750794421454638985-2609081420-10,"ICE 224",2609081910,17,0
"Köln Hbf",-2599950570116389517-2609081638-8,"ICE 129",2609081913,40,0
"Köln Hbf",8430642524571604487-2609081452-8,"ICE 556",2609081915,42,0
"Düsseldorf Hbf",-3738461847412237185-2609081918-1,"ICE 821",2609081918,40,0
"Köln Hbf",7867558493628354270-2609081115-19,"ICE 1037",2609081920,3,0
"Düsseldorf Hbf",2312296716933966404-2609081554-4,"ICE 1021",2609081921,32,0
"Düsseldorf Hbf",-4055232889596422409-2609080803-29,"ICE 118",2609081924,7,0
"Düsseldorf Hbf",-4758242349678413284-2609081238-13,"ICE 104",2609081932,4,0
"Köln Hbf",-4997552987396627422-2609081811-6,"ICE 1512",2609081933,-1,0
"Düsseldorf Hbf",-2142784246140329213-2609081445-8,"ICE 622",2609081936,36,0
"Köln Hbf",3141971505559871903-2609081447-11,"ICE 546",2609081936,34,0
"Köln Hbf",-8942408890709913676-2609081833-3,"ICE 10",2609081940,4,0
"Düsseldorf Hbf",1492120664389609114-2609081604-14,"IC 2207",2609081946,16,0
"Köln Hbf",-5425302918995479956-2609081526-12,"ICE 615",2609081946,3,0
"Düsseldorf Hbf",3778695356863398992-2609081950-1,"ICE 947",2609081950,1,0
"Köln Hbf",2312296716933966404-2609081554-5,"ICE 1021",2609081950,30,0
"Köln Hbf",-5040855886902453859-2609081528-8,"ICE 514",2609082005,21,0
"Köln Hbf",-8926157399752465663-2609081532-9,"ICE 26",2609082006,11,0
"Düsseldorf Hbf",798259414142998527-2609082009-1,"ICE 823",2609082009,4,0
"Düsseldorf Hbf",-9003107645534276753-2609081547-9,"ICE 846",2609082013,50,0
"Köln Hbf",1492120664389609114-2609081604-15,"IC 2207",2609082014,22,0
"Köln Hbf",4341219805487381340-2609081825-5,"ICE 19",2609082015,5,0
"Düsseldorf Hbf",-6235789055676348186-2609081626-11,"ICE 205",2609082022,1,0
"Köln Hbf",-819597198211929243-2609081547-9,"ICE 856",2609082022,46,0
"Düsseldorf Hbf",-8926157399752465663-2609081532-10,"ICE 26",2609082032,8,0
"Düsseldorf Hbf",-1188267942167451229-2609081545-9,"ICE 620",2609082037,33,0
"Köln Hbf",2576231255055476975-2609081934-4,"ICE 120",2609082043,1,0
"Düsseldorf Hbf",-7056878515633598205-2609081838-7,"ICE 221",2609082045,31,0
"Köln Hbf",-7949491460536242261-2609081322-21,"IC 2442",2609082045,0,1
"Köln Hbf",5646922477923288654-2609082045-1,"ICE 657",2609082045,0,0
"Köln Hbf",-6235789055676348186-2609081626-12,"ICE 205",2609082048,1,0
"Düsseldorf Hbf",-977669644680017628-2609081620-9,"ICE 912",2609082053,22,0
"Köln Hbf",-7971996062035411059-2609081438-12,"ICE 102",2609082105,9,0
"Köln Hbf",-1797131029278033890-2609081824-6,"IC 2349",2609082106,0,1
"Düsseldorf Hbf",2576231255055476975-2609081934-5,"ICE 120",2609082110,3,0
"Düsseldorf Hbf",-5885856201096992744-2609081647-10,"ICE 544",2609082112,60,0
"Köln Hbf",-7056878515633598205-2609081838-8,"ICE 221",2609082113,22,0
"Köln Hbf",6625519329407624873-2609081652-8,"ICE 554",2609082114,70,0
"Köln Hbf",8388183103841403836-2609081516-14,"ICE 1544",2609082119,21,0
"Düsseldorf Hbf",6194893901306646476-2609081726-11,"ICE 617",2609082121,13,0
"Köln Hbf",5268242451257549226-2609081901-6,"ICE 313",2609082124,1,0
"Düsseldorf Hbf",50770787591072936-2609081644-9,"ICE 528",2609082137,38,0
"Köln Hbf",1555483896112278137-2609082014-6,"ICE 318",2609082139,2,0
"Köln Hbf",-5885856201096992744-2609081647-11,"ICE 544",2609082140,57,0
"Köln Hbf",6194893901306646476-2609081726-12,"ICE 617",2609082148,12,0
"Köln Hbf",7537395545451740415-2609081728-8,"ICE 512",2609082205,0,0
"Köln Hbf",1123272061820542344-2609081732-9,"ICE 24",2609082206,27,0
"Düsseldorf Hbf",-4080761801504144103-2609081747-8,"ICE 844",2609082213,34,0
"Köln Hbf",-8088851598754426904-2609082025-5,"ICE 319",2609082215,22,0
"Köln Hbf",4711383125555203513-2609081747-9,"ICE 854",2609082222,22,0
"Köln Hbf",6195485783263057734-2609081819-8,"ICE 910",2609082230,0,0
"Düsseldorf Hbf",1123272061820542344-2609081732-10,"ICE 24",2609082232,28,0
"Düsseldorf Hbf",6810614476303646777-2609081826-9,"ICE 207",2609082233,0,0
"Köln Hbf",4804116960335233530-2609081522-21,"IC 2444",2609082245,40,0
"Düsseldorf Hbf",3736117015423388331-2609081746-9,"ICE 526",2609082246,16,0
"Köln Hbf",5987880351959364904-2609082246-1,"ICE 1541",2609082246,0,0
"Köln Hbf",-4080761801504144103-2609081747-9,"ICE 844",2609082249,23,0
"Köln Hbf",6810614476303646777-2609081826-10,"ICE 207",2609082303,-1,0
"Köln Hbf",-3578772766631177771-2609082024-7,"IC 2347",2609082306,0,1
"Köln Hbf",4005400229928334385-2609081659-16,"ICE 100",2609082310,0,0
"Köln Hbf",2579078581490934825-2609081852-8,"ICE 552",2609082315,36,0
"Köln Hbf",-6524998557445987060-2609081844-11,"ICE 524",2609082339,3,0
"Köln Hbf",7582314568044505717-2609082101-5,"IC 60403",2609082345,39,0
"Köln Hbf",5926473462606976417-2609081926-10,"ICE 619",2609082353,10,0
"Köln Hbf",-1854738006003716349-2609081847-9,"ICE 542",2609082359,31,0
"Köln Hbf",3337083331722830688-2609081932-9,"ICE 22",2609090006,25,0
"Köln Hbf",8322424274180843926-2609081928-9,"ICE 510",2609090010,1,0
"Köln Hbf",-4383803236760390820-2609081945-12,"ICE 522",2609090031,25,0
"Köln Hbf",-4737482986446738332-2609081947-8,"ICE 842",2609090039,19,0
"Köln Hbf",-4463983841688751065-2609082026-10,"ICE 209",2609090102,8,0
"Köln Hbf",8503777394879306018-2609082322-9,"ICE 920",2609090205,0,1
"Köln Hbf",7130605216857004791-2609090321-1,"ICE 827",2609090321,5,0
"Köln Hbf",2774174590951633862-2609082225-10,"ICE 921",2609090321,0,0
"Köln Hbf",-1822966271854478829-2609090337-1,"ICE 1028",2609090337,0,0
"Köln Hbf",8652078400714170233-2609090408-1,"ICE 541",2609090408,1,0
"Köln Hbf",-7455087584675999219-2609090428-1,"ICE 521",2609090428,0,0
"Düsseldorf Hbf",-881594861635697900-2609090323-4,"ICE 523",2609090431,0,0
"Köln Hbf",-1981361635087318141-2609090511-1,"IC 2445",2609090511,18,0
"Köln Hbf",1179810196779242077-2609090511-1,"ICE 208",2609090511,0,0
"Düsseldorf Hbf",3596733780499351643-2609090422-6,"ICE 23",2609090522,9,0
"Köln Hbf",-397321280238564306-2609090525-1,"ICE 911",2609090525,0,0
"Köln Hbf",-5962154382149198734-2609090526-1,"ICE 843",2609090526,30,0
"Düsseldorf Hbf",1179810196779242077-2609090511-2,"ICE 208",2609090532,1,0
"Köln Hbf",-486178897212069438-2609090534-1,"ICE 853",2609090534,30,0
"Köln Hbf",4753870957390372842-2609082159-14,"IC 60402",2609090544,73,1
"Düsseldorf Hbf",8446418061730467865-2609090015-13,"ICE 1540",2609090547,30,0
"Köln Hbf",4230433869735770140-2609090548-1,"ICE 511",2609090548,15,0
"Düsseldorf Hbf",-5962154382149198734-2609090526-2,"ICE 843",2609090549,31,0
"Köln Hbf",3596733780499351643-2609090422-7,"ICE 23",2609090549,6,0
"Köln Hbf",2178700040520449500-2609090601-1,"ICE 711",2609090601,0,0
"Köln Hbf",2686007473625185344-2609082352-12,"ICE 618",2609090604,0,0
"Köln Hbf",-7723883505152961116-2609090611-1,"ICE 312",2609090611,0,0
"Düsseldorf Hbf",4753870957390372842-2609082159-15,"IC 60402",2609090615,0,1
"Köln Hbf",8446418061730467865-2609090015-14,"ICE 1540",2609090615,28,0
"Düsseldorf Hbf",-7586352224211082006-2609090514-4,"ICE 525",2609090618,4,0
"Düsseldorf Hbf",8735574551800398555-2609090524-5,"ICE 101",2609090622,12,0
"Köln Hbf",-4310203737838801908-2609090625-1,"ICE 543",2609090625,6,0
"Köln Hbf",1878809338003406023-2609090627-1,"ICE 1511",2609090627,1,0
"Düsseldorf Hbf",2686007473625185344-2609082352-13,"ICE 618",2609090632,1,0
"Köln Hbf",6856208171401458843-2609090534-4,"ICE 222",2609090643,1,1
"Köln Hbf",-7151271002257875909-2609090502-6,"IC 2348",2609090645,3,0
"Köln Hbf",-8806275556870827116-2609090645-1,"ICE 553",2609090645,30,0
"Düsseldorf Hbf",-4310203737838801908-2609090625-2,"ICE 543",2609090647,9,0
"Köln Hbf",8735574551800398555-2609090524-6,"ICE 101",2609090650,8,0
"Düsseldorf Hbf",-6165068286223376269-2609090554-5,"ICE 913",2609090702,1,0
"Köln Hbf",-2103315967753215489-2609090609-3,"IC 2443",2609090706,74,0
"Düsseldorf Hbf",6856208171401458843-2609090534-5,"ICE 222",2609090710,0,1
"Köln Hbf",6135728412348303878-2609090711-1,"ICE 206",2609090711,0,0
"Düsseldorf Hbf",-853844594697067860-2609090615-4,"ICE 527",2609090718,5,0
"Düsseldorf Hbf",542680258128049209-2609090621-6,"ICE 25",2609090724,4,0
"Köln Hbf",5312563495212518167-2609090726-1,"ICE 845",2609090726,0,0
"Düsseldorf Hbf",6135728412348303878-2609090711-2,"ICE 206",2609090732,3,0
"Köln Hbf",-7772981549573087469-2609090733-1,"ICE 1713",2609090733,0,0
"Köln Hbf",7280780786399683236-2609090735-1,"ICE 855",2609090735,12,0
"Düsseldorf Hbf",8378187760869811763-2609090541-8,"ICE 826",2609090737,0,0
"Köln Hbf",4021377973164879687-2609090634-3,"ICE 18",2609090740,0,0
"Köln Hbf",2082653246441066227-2609090740-1,"ICE 2310",2609090740,0,0
"Köln Hbf",-1316725331766652964-2609090603-6,"ICE 513",2609090745,17,0
"Köln Hbf",-8638855930583862299-2609090746-1,"IC 2206",2609090746,20,0
"Düsseldorf Hbf",5312563495212518167-2609090726-2,"ICE 845",2609090749,0,0
"Köln Hbf",542680258128049209-2609090621-7,"ICE 25",2609090750,1,0
"Köln Hbf",-3118459641712443593-2609090600-7,"ICE 712",2609090757,0,0
"Köln Hbf",937531600424895578-2609090549-4,"ICE 616",2609090805,7,0
"Düsseldorf Hbf",2082653246441066227-2609090740-2,"ICE 2310",2609090807,1,0
"Düsseldorf Hbf",-8638855930583862299-2609090746-2,"IC 2206",2609090810,66,0
"Köln Hbf",-683349446891373235-2609090623-5,"ICE 11",2609090816,8,0
"Düsseldorf Hbf",7320863906691937525-2609090719-4,"ICE 529",2609090818,7,0
"Düsseldorf Hbf",8518232099080018263-2609090426-11,"ICE 103",2609090822,13,0
"Köln Hbf",-1489252697791169587-2609090825-1,"ICE 545",2609090825,6,0
"Köln Hbf",-2307934263002248776-2609090829-1,"ICE 1513",2609090829,30,1
"Düsseldorf Hbf",8056505330798593907-2609090706-6,"ICE 119",2609090831,11,0
"Düsseldorf Hbf",1795377954048554987-2609090708-5,"ICE 824",2609090840,22,1
"Köln Hbf",-3687533052908579649-2609090734-4,"ICE 220",2609090843,0,1
"Köln Hbf",-5067205027928923412-2609090844-1,"ICE 555",2609090844,0,0
"Düsseldorf Hbf",1800994547680145354-2609090638-7,"ICE 121",2609090845,0,1
"Köln Hbf",-3987770513815330460-2609090539-12,"IC 2040",2609090845,19,0
"Köln Hbf",6675332026866779665-2609090845-1,"ICE 1036",2609090845,0,0
"Düsseldorf Hbf",-1489252697791169587-2609090825-2,"ICE 545",2609090847,12,0
"Köln Hbf",8518232099080018263-2609090426-12,"ICE 103",2609090850,8,0
"Düsseldorf Hbf",-5947456125297650390-2609090411-9,"ICE 1014",2609090853,0,0
"Düsseldorf Hbf",400157404087783375-2609090753-5,"ICE 915",2609090902,1,0
"Köln Hbf",735896325928713766-2609090525-7,"ICE 204",2609090905,12,0
"Düsseldorf Hbf",6675332026866779665-2609090845-2,"ICE 1036",2609090906,2,0
"Köln Hbf",4558275999006255649-2609090643-7,"IC 2441",2609090906,16,0
"Düsseldorf Hbf",-3687533052908579649-2609090734-5,"ICE 220",2609090910,0,1
"Düsseldorf Hbf",6972548221701888574-2609090418-15,"ICE 646",2609090912,4,0
"Köln Hbf",1800994547680145354-2609090638-8,"ICE 121",2609090913,1,1
"Köln Hbf",5146840242049916044-2609090640-5,"ICE 656",2609090915,16,0
"Düsseldorf Hbf",-2521696256132503788-2609090920-1,"ICE 621",2609090920,0,0
"Düsseldorf Hbf",-1790024725878292801-2609090820-6,"ICE 27",2609090924,12,0
"Köln Hbf",-8906112445839706377-2609090926-1,"ICE 847",2609090926,11,0
"Düsseldorf Hbf",-6888861751751692665-2609090817-6,"ICE 217",2609090928,3,0
"Düsseldorf Hbf",735896325928713766-2609090525-8,"ICE 204",2609090932,14,0
"Köln Hbf",8918082092638159592-2609090812-6,"ICE 1612",2609090932,0,0
"Köln Hbf",7127812590731908748-2609090935-1,"ICE 857",2609090935,0,0
"Düsseldorf Hbf",-6223962037244896084-2609090441-10,"ICE 822",2609090936,21,0
"Köln Hbf",-5717720788505540143-2609090833-3,"ICE 316",2609090939,3,0
"Düsseldorf Hbf",-6760724929342255350-2609090634-13,"IC 2007",2609090946,3,0
"Köln Hbf",-3482704518387342076-2609090946-1,"IC 2204",2609090946,6,0
"Köln Hbf",6512354943507599026-2609090526-12,"ICE 515",2609090946,15,0
"Düsseldorf Hbf",-8906112445839706377-2609090926-2,"ICE 847",2609090949,13,0
"Köln Hbf",-1790024725878292801-2609090820-7,"ICE 27",2609090952,11,0
"Köln Hbf",67517114520381301-2609090534-7,"ICE 614",2609091005,2,0
"Köln Hbf",4250821308365947570-2609090528-10,"ICE 1022",2609091006,8,0
"Düsseldorf Hbf",-3482704518387342076-2609090946-2,"IC 2204",2609091008,9,0
"Düsseldorf Hbf",-4782954664003624221-2609090526-12,"ICE 946",2609091008,59,0
"Köln Hbf",-6760724929342255350-2609090634-14,"IC 2007",2609091014,0,0
"Köln Hbf",7296668088221534520-2609090825-5,"ICE 13",2609091016,7,0
"Düsseldorf Hbf",7692347899239356115-2609091019-1,"ICE 623",2609091019,0,0
"Düsseldorf Hbf",-3500545049874534285-2609090626-11,"ICE 105",2609091022,27,0
"Köln Hbf",-6590078199824287896-2609090526-11,"ICE 956",2609091022,12,0
"Köln Hbf",309221757920376132-2609091029-1,"ICE 1515",2609091029,0,0
"Düsseldorf Hbf",4250821308365947570-2609090528-11,"ICE 1022",2609091035,16,0
"Düsseldorf Hbf",5509309536167095600-2609090544-10,"ICE 820",2609091040,1,0
"Köln Hbf",-8155331480429548080-2609090934-4,"ICE 128",2609091043,0,1
"Köln Hbf",-8614664585551473503-2609091044-1,"ICE 557",2609091044,3,0
"Düsseldorf Hbf",467631948029280047-2609090831-7,"ICE 225",2609091045,0,1
"Köln Hbf",5248730939501738569-2609090602-15,"IC 2042",2609091045,22,0
"Düsseldorf Hbf",211585818996437737-2609091048-1,"ICE 547",2609091048,9,0
"Köln Hbf",-3500545049874534285-2609090626-12,"ICE 105",2609091050,22,0
"Düsseldorf Hbf",-6324333303227400345-2609090620-9,"ICE 1012",2609091053,2,0
"Köln Hbf",8125274319994745100-2609091053-1,"ICE 2013",2609091053,1,0
"Köln Hbf",-508151058757607646-2609090716-9,"ICE 202",2609091105,14,0
"Köln Hbf",6110717110533777360-2609090824-6,"IC 2049",2609091106,21,0
"Düsseldorf Hbf",2417110662322496020-2609090647-10,"ICE 644",2609091109,31,0
"Düsseldorf Hbf",-8155331480429548080-2609090934-5,"ICE 128",2609091110,0,1
"Köln Hbf",467631948029280047-2609090831-8,"ICE 225",2609091114,4,1
"Köln Hbf",-2664747470423541798-2609090652-8,"ICE 654",2609091114,25,0
"Düsseldorf Hbf",-1863724056778564852-2609091117-1,"ICE 625",2609091117,0,0
"Düsseldorf Hbf",3450663025951470366-2609090602-9,"ICE 1521",2609091119,13,0
"Düsseldorf Hbf",3704713885565394549-2609091024-4,"ICE 29",2609091124,20,0
"Düsseldorf Hbf",-508151058757607646-2609090716-10,"ICE 202",2609091132,26,0
"Köln Hbf",98157840525274029-2609091011-6,"ICE 1610",2609091133,7,0
"Köln Hbf",-9221432942161771616-2609091135-1,"ICE 859",2609091135,3,0
"Düsseldorf Hbf",-7827307397706401371-2609090644-8,"ICE 728",2609091137,0,0
"Köln Hbf",-3207602294555876168-2609091034-3,"ICE 16",2609091139,15,0
"Köln Hbf",3450663025951470366-2609090602-10,"ICE 1521",2609091145,10,0
"Düsseldorf Hbf",6862846665566225825-2609090834-13,"IC 2009",2609091146,6,0
"Köln Hbf",-8775310893499181309-2609091146-1,"IC 2202",2609091146,10,0
"Köln Hbf",-4602427783665327588-2609090726-12,"ICE 517",2609091146,12,0
"Düsseldorf Hbf",-3935110464616838577-2609091150-1,"ICE 849",2609091150,0,0
"Köln Hbf",3704713885565394549-2609091024-5,"ICE 29",2609091150,20,0
"Köln Hbf",-8386336934533711188-2609090728-9,"ICE 1020",2609091205,23,0
"Köln Hbf",-7184453857839759572-2609090728-7,"ICE 612",2609091205,24,0
"Düsseldorf Hbf",-8775310893499181309-2609091146-2,"IC 2202",2609091208,25,0
"Düsseldorf Hbf",789381465621699355-2609090747-10,"ICE 944",2609091208,84,0
"Köln Hbf",4555217987378332456-2609090713-11,"ICE 1548",2609091209,16,0
"Köln Hbf",6862846665566225825-2609090834-14,"IC 2009",2609091214,3,0
"Köln Hbf",-6382331557337532208-2609091025-5,"ICE 15",2609091215,6,0
"Düsseldorf Hbf",-7766800689315712550-2609091219-1,"ICE 627",2609091219,4,0
"Düsseldorf Hbf",-5703640496454004355-2609090825-11,"ICE 107",2609091222,4,0
"Köln Hbf",5065395714490050726-2609090747-9,"ICE 954",2609091222,68,0
"Köln Hbf",-8376398398323607088-2609091229-1,"ICE 1517",2609091229,0,0
"Düsseldorf Hbf",-8386336934533711188-2609090728-10,"ICE 1020",2609091230,24,0
"Düsseldorf Hbf",5394868531176279031-2609090742-9,"ICE 726",2609091240,9,0
"Köln Hbf",-4712053304823003938-2609091134-4,"ICE 126",2609091243,3,1
"Köln Hbf",5886092952094503689-2609091244-1,"ICE 559",2609091244,4,0
"Düsseldorf Hbf",1869793107893408377-2609091031-7,"ICE 123",2609091245,0,1
"Köln Hbf",666711005360005078-2609090522-21,"IC 2044",2609091245,57,0
"Köln Hbf",607281138257369836-2609091245-1,"ICE 1032",2609091245,0,0
"Düsseldorf Hbf",-5225265888807154878-2609091248-1,"ICE 549",2609091248,3,0
"Köln Hbf",-5703640496454004355-2609090825-12,"ICE 107",2609091250,0,0
"Düsseldorf Hbf",-1202781486977583710-2609090819-9,"ICE 1010",2609091253,23,0
"Düsseldorf Hbf",-5763151150910106247-2609091155-5,"ICE 919",2609091302,4,0
"Köln Hbf",5555371111259384160-2609090759-9,"ICE 200",2609091305,0,1
"Düsseldorf Hbf",607281138257369836-2609091245-2,"ICE 1032",2609091306,6,0
"Köln Hbf",-4063923105147557882-2609091024-6,"IC 2047",2609091306,7,0
"Düsseldorf Hbf",-4712053304823003938-2609091134-5,"ICE 126",2609091310,0,1
"Düsseldorf Hbf",-3811000113167125819-2609090847-11,"ICE 642",2609091311,88,0
"Köln Hbf",1869793107893408377-2609091031-8,"ICE 123",2609091314,0,1
"Köln Hbf",7029715491133337413-2609090852-8,"ICE 652",2609091315,98,1
"Düsseldorf Hbf",2307301279586290347-2609091321-1,"ICE 629",2609091321,0,0
"Düsseldorf Hbf",6492627968416470339-2609091221-6,"ICE 229",2609091324,14,0
"Köln Hbf",-2157107938954049243-2609091101-6,"ICE 311",2609091324,13,0
"Düsseldorf Hbf",5555371111259384160-2609090759-10,"ICE 200",2609091332,0,1
"Köln Hbf",-7017661080292591369-2609091211-6,"ICE 1518",2609091333,6,0
"Köln Hbf",201535978532296242-2609091334-1,"ICE 1549",2609091334,0,0
"Köln Hbf",-4020550040361167307-2609091335-1,"ICE 951",2609091335,10,0
"Düsseldorf Hbf",-4676367904559688889-2609090845-8,"ICE 724",2609091337,24,0
"Köln Hbf",4216288988927907099-2609091234-3,"ICE 314",2609091339,9,0
"Düsseldorf Hbf",5900362052756938804-2609090951-16,"IC 2201",2609091346,7,0
"Köln Hbf",-3185038341433261764-2609091346-1,"IC 2200",2609091346,0,0
"Köln Hbf",-8471873024121272354-2609090926-12,"ICE 519",2609091346,13,0
"Düsseldorf Hbf",-1360629902197387952-2609091350-1,"ICE 941",2609091350,10,0
"Köln Hbf",6492627968416470339-2609091221-7,"ICE 229",2609091352,12,0
"Köln Hbf",9011011619156863439-2609090928-7,"ICE 610",2609091405,0,0
"Köln Hbf",338204297594764006-2609090827-10,"ICE 926",2609091406,8,0
"Düsseldorf Hbf",-3185038341433261764-2609091346-2,"IC 2200",2609091408,15,0
"Düsseldorf Hbf",7024771559125615258-2609090947-10,"ICE 942",2609091408,81,0
"Köln Hbf",5900362052756938804-2609090951-17,"IC 2201",2609091414,5,0
"Köln Hbf",4815612638303090443-2609091225-5,"ICE 315",2609091415,4,0
"Düsseldorf Hbf",-758807154932475400-2609091419-1,"ICE 721",2609091419,1,0
"Düsseldorf Hbf",6610086332469437335-2609091026-11,"ICE 109",2609091422,1,0
"Köln Hbf",2625224039751841654-2609090947-9,"ICE 952",2609091422,65,0
"Köln Hbf",4846835449118805747-2609091429-1,"ICE 1519",2609091429,0,1
"Düsseldorf Hbf",338204297594764006-2609090827-11,"ICE 926",2609091432,7,0
"Düsseldorf Hbf",-7906017824379584014-2609090946-9,"ICE 722",2609091436,55,0
"Köln Hbf",-8784598530479710827-2609091438-1,"ICE 310",2609091438,0,0
"Köln Hbf",-5676785138972199399-2609091334-4,"ICE 124",2609091443,0,1
"Köln Hbf",-6270903731699972278-2609091444-1,"ICE 651",2609091444,0,1
"Düsseldorf Hbf",-9018982874238179365-2609091238-7,"ICE 125",2609091445,0,1
"Köln Hbf",-5299413353021537464-2609090722-21,"IC 2046",2609091445,42,1
"Düsseldorf Hbf",7188954872564278301-2609091448-1,"ICE 641",2609091448,9,0
"Düsseldorf Hbf",-553863566957669250-2609090730-17,"ICE 1033",2609091450,13,0
"Köln Hbf",6610086332469437335-2609091026-12,"ICE 109",2609091450,0,0
"Düsseldorf Hbf",7844358081895785158-2609091019-9,"ICE 918",2609091453,0,0
"Düsseldorf Hbf",8564432605510706771-2609091353-5,"ICE 1011",2609091501,6,0
"Köln Hbf",7702481692019596064-2609090838-12,"ICE 108",2609091505,0,0
"Köln Hbf",999348998582534522-2609091224-6,"IC 2045",2609091506,18,0
"Düsseldorf Hbf",-5676785138972199399-2609091334-5,"ICE 124",2609091510,0,1
"Düsseldorf Hbf",8642793912640631890-2609091047-11,"ICE 640",2609091511,47,0
"Köln Hbf",-9018982874238179365-2609091238-8,"ICE 125",2609091513,0,1
"Köln Hbf",-7022498938457192021-2609091052-8,"ICE 650",2609091515,59,0
"Düsseldorf Hbf",5311537321398817844-2609091520-1,"ICE 723",2609091520,2,0
"Köln Hbf",-553863566957669250-2609090730-18,"ICE 1033",2609091520,10,0
"Düsseldorf Hbf",-1497213994658544450-2609091154-6,"ICE 927",2609091522,20,0
"Düsseldorf Hbf",7702481692019596064-2609090838-13,"ICE 108",2609091532,2,0
"Köln Hbf",4945186918802353023-2609091411-6,"ICE 1516",2609091533,0,0
"Köln Hbf",-107298036587741504-2609091535-1,"ICE 953",2609091535,4,0
"Düsseldorf Hbf",6519626148103819066-2609091045-9,"ICE 720",2609091536,5,0
"Köln Hbf",2218943744552257469-2609091434-3,"ICE 14",2609091539,6,0
"Düsseldorf Hbf",-257816953041096365-2609091136-16,"IC 2203",2609091546,16,0
"Köln Hbf",8187582116097718743-2609091546-1,"IC 2008",2609091546,0,0
"Köln Hbf",5653087570567167872-2609091126-12,"ICE 611",2609091546,33,0
"Düsseldorf Hbf",6378881227509878523-2609091550-1,"ICE 943",2609091550,4,0
"Köln Hbf",-1497213994658544450-2609091154-7,"ICE 927",2609091551,17,0
"Köln Hbf",-6452407069337976676-2609091128-8,"ICE 518",2609091605,2,0
"Köln Hbf",7010757467826963006-2609091132-9,"ICE 228",2609091606,2,0
"Köln Hbf",-8732834586368903752-2609091607-1,"ICE 1520",2609091607,1,0
"Düsseldorf Hbf",8187582116097718743-2609091546-2,"IC 2008",2609091608,29,0
"Düsseldorf Hbf",-3330605035074967330-2609091147-10,"ICE 940",2609091608,37,0
"Köln Hbf",-257816953041096365-2609091136-17,"IC 2203",2609091614,12,0
"Köln Hbf",-482221124538025922-2609091425-5,"ICE 17",2609091615,14,0
"Düsseldorf Hbf",6556040714554725251-2609091619-1,"ICE 725",2609091619,1,0
"Köln Hbf",375201943151232777-2609091147-9,"ICE 950",2609091621,60,0
"Düsseldorf Hbf",-762086226758254325-2609091226-11,"ICE 201",2609091622,0,0
"Köln Hbf",-6579606754577220741-2609091501-5,"ICE 1716",2609091625,3,0
"Düsseldorf Hbf",-8732834586368903752-2609091607-2,"ICE 1520",2609091627,7,0
"Köln Hbf",5058768902280124693-2609091629-1,"ICE 1611",2609091629,0,0
"Düsseldorf Hbf",7010757467826963006-2609091132-10,"ICE 228",2609091632,8,0
"Düsseldorf Hbf",8429649765325465614-2609091145-9,"ICE 628",2609091640,7,0
"Köln Hbf",4524910290568704513-2609091534-4,"ICE 122",2609091643,2,1
"Köln Hbf",-157208555968192668-2609091644-1,"ICE 653",2609091644,0,0
"Düsseldorf Hbf",5612128767266048221-2609091438-7,"ICE 127",2609091645,0,1
"Köln Hbf",-5036776284380011862-2609090922-21,"IC 2048",2609091645,37,0
"Düsseldorf Hbf",-5511541014003594580-2609091648-1,"ICE 643",2609091648,14,0
"Düsseldorf Hbf",6330890959881575446-2609090953-14,"ICE 2311",2609091650,19,0
"Köln Hbf",-762086226758254325-2609091226-12,"ICE 201",2609091650,0,0
"Düsseldorf Hbf",-1838827148333657754-2609091220-9,"ICE 916",2609091653,3,0
"Düsseldorf Hbf",2333246513660073790-2609091553-5,"ICE 1013",2609091703,4,0
"Köln Hbf",-8705107722613527627-2609091059-15,"ICE 106",2609091705,2,0
"Köln Hbf",-7566186731885125077-2609091305-8,"ICE 2012",2609091706,37,1
"Düsseldorf Hbf",4524910290568704513-2609091534-5,"ICE 122",2609091710,0,1
"Köln Hbf",-893148775004719136-2609091711-1,"IC 2043",2609091711,0,0
"Düsseldorf Hbf",-8713208741749436113-2609091247-11,"ICE 548",2609091712,173,1
"Köln Hbf",5612128767266048221-2609091438-8,"ICE 127",2609091713,0,1
"Köln Hbf",-2894975550766125611-2609091252-8,"ICE 558",2609091715,49,0
"Köln Hbf",6330890959881575446-2609090953-15,"ICE 2311",2609091719,13,0
"Düsseldorf Hbf",6757774550243091278-2609091720-1,"ICE 727",2609091720,3,0
"Düsseldorf Hbf",-2924322226173910183-2609091703-3,"ICE 929",2609091724,4,0
"Köln Hbf",-1057492321374091038-2609091731-1,"ICE 713",2609091731,0,0
"Düsseldorf Hbf",-8705107722613527627-2609091059-16,"ICE 106",2609091732,3,0
"Köln Hbf",-8631361224774257822-2609091611-6,"ICE 1514",2609091733,0,0
"Köln Hbf",-4550645364654346112-2609091735-1,"ICE 955",2609091735,0,0
"Düsseldorf Hbf",5042424630356113204-2609091245-8,"ICE 626",2609091738,2,0
"Köln Hbf",3763871362376381297-2609091634-3,"ICE 12",2609091740,0,0
"Düsseldorf Hbf",-7566186731885125077-2609091305-9,"ICE 2012",2609091742,31,1
"Düsseldorf Hbf",-2882197430592295029-2609091351-16,"IC 2205",2609091746,16,0
"Köln Hbf",-3282400354544978678-2609091746-1,"IC 2006",2609091746,0,0
"Köln Hbf",-2910589038648014094-2609091326-12,"ICE 613",2609091746,15,0
"Düsseldorf Hbf",-8275737537227179086-2609091750-1,"ICE 945",2609091750,2,0
"Köln Hbf",-2924322226173910183-2609091703-4,"ICE 929",2609091750,0,0
"Köln Hbf",6954924236955692259-2609091328-7,"ICE 516",2609091805,31,0
"Köln Hbf",944231164744023574-2609091332-9,"ICE 28",2609091806,4,0
"Düsseldorf Hbf",-3282400354544978678-2609091746-2,"IC 2006",2609091808,2,0
"Düsseldorf Hbf",3702662415087684826-2609091347-10,"ICE 848",2609091808,58,0
"Köln Hbf",6423634419829337550-2609091434-11,"ICE 710",2609091808,1,0
"Köln Hbf",-2882197430592295029-2609091351-17,"IC 2205",2609091814,11,0
"Köln Hbf",4992819178731237054-2609091622-5,"ICE 317",2609091815,6,0
"Düsseldorf Hbf",-3019965818182152821-2609091821-1,"ICE 729",2609091821,1,0
"Düsseldorf Hbf",-7956047615718350819-2609091426-11,"ICE 203",2609091822,24,0
"Köln Hbf",-1900115166859559092-2609091347-9,"ICE 858",2609091822,45,0
"Düsseldorf Hbf",1459720362045900384-2609091235-10,"ICE 216",2609091824,1,0
"Köln Hbf",-7955422278217659578-2609091703-5,"ICE 1714",2609091825,5,0
"Köln Hbf",1407594009417555306-2609091829-1,"ICE 1613",2609091829,0,0
"Düsseldorf Hbf",944231164744023574-2609091332-10,"ICE 28",2609091832,3,0
"Düsseldorf Hbf",-4521437519262178170-2609091345-9,"ICE 624",2609091836,1,0
"Köln Hbf",-6750794421454638985-2609091420-9,"ICE 224",2609091843,9,1
"Köln Hbf",9016403526930832374-2609091844-1,"ICE 655",2609091844,18,0
"Düsseldorf Hbf",-2599950570116389517-2609091638-7,"ICE 129",2609091845,0,1
"Köln Hbf",-4140470391187734614-2609091122-21,"IC 2440",2609091845,34,0
"Düsseldorf Hbf",4447890004106418758-2609091848-1,"ICE 645",2609091848,0,1
"Düsseldorf Hbf",7867558493628354270-2609091115-18,"ICE 1037",2609091850,7,0
"Köln Hbf",-7956047615718350819-2609091426-12,"ICE 203",2609091850,20,0
"Düsseldorf Hbf",-6727683722954373951-2609091754-5,"ICE 1015",2609091901,10,0
"Köln Hbf",-4758242349678413284-2609091238-12,"ICE 104",2609091905,1,0
"Köln Hbf",3024320540544332138-2609091624-6,"IC 2041",2609091906,0,0
"Düsseldorf Hbf",3141971505559871903-2609091447-10,"ICE 546",2609091908,41,0
"Düsseldorf Hbf",-6750794421454638985-2609091420-10,"ICE 224",2609091910,0,1
"Köln Hbf",-2599950570116389517-2609091638-8,"ICE 129",2609091913,11,1
"Köln Hbf",8430642524571604487-2609091452-8,"ICE 556",2609091915,73,0
"Düsseldorf Hbf",-3738461847412237185-2609091918-1,"ICE 821",2609091918,2,0
"Köln Hbf",7867558493628354270-2609091115-19,"ICE 1037",2609091920,0,0
"Düsseldorf Hbf",2312296716933966404-2609091554-4,"ICE 1021",2609091921,14,0
"Düsseldorf Hbf",-4055232889596422409-2609090803-28,"ICE 118",2609091924,0,0
"Düsseldorf Hbf",-4758242349678413284-2609091238-13,"ICE 104",2609091932,3,0
"Köln Hbf",-4997552987396627422-2609091811-6,"ICE 1512",2609091933,0,0
"Düsseldorf Hbf",-2142784246140329213-2609091445-8,"ICE 622",2609091936,4,0
"Köln Hbf",3141971505559871903-2609091447-11,"ICE 546",2609091936,38,0
"Köln Hbf",-8942408890709913676-2609091833-3,"ICE 10",2609091940,2,0
"Düsseldorf Hbf",1492120664389609114-2609091604-14,"IC 2207",2609091946,17,0
"Köln Hbf",-5425302918995479956-2609091526-12,"ICE 615",2609091946,31,0
"Düsseldorf Hbf",3778695356863398992-2609091950-1,"ICE 947",2609091950,2,0
"Köln Hbf",2312296716933966404-2609091554-5,"ICE 1021",2609091950,11,0
"Köln Hbf",-5040855886902453859-2609091528-7,"ICE 514",2609092005,0,0
"Köln Hbf",-8926157399752465663-2609091532-9,"ICE 26",2609092006,29,0
"Düsseldorf Hbf",798259414142998527-2609092009-1,"ICE 823",2609092009,1,0
"Düsseldorf Hbf",-9003107645534276753-2609091547-9,"ICE 846",2609092013,53,0
"Köln Hbf",1492120664389609114-2609091604-15,"IC 2207",2609092014,17,0
"Köln Hbf",4341219805487381340-2609091825-5,"ICE 19",2609092015,3,0
"Düsseldorf Hbf",-6235789055676348186-2609091626-11,"ICE 205",2609092022,0,1
"Köln Hbf",-819597198211929243-2609091547-9,"ICE 856",2609092022,50,0
"Düsseldorf Hbf",-8926157399752465663-2609091532-10,"ICE 26",2609092032,30,0
"Düsseldorf Hbf",-1188267942167451229-2609091545-9,"ICE 620",2609092037,44,0
"Köln Hbf",2576231255055476975-2609091934-4,"ICE 120",2609092043,17,1
"Düsseldorf Hbf",-7056878515633598205-2609091838-7,"ICE 221",2609092045,0,1
"Köln Hbf",-7949491460536242261-2609091322-21,"IC 2442",2609092045,33,0
"Köln Hbf",5646922477923288654-2609092045-1,"ICE 657",2609092045,10,0
"Köln Hbf",-6235789055676348186-2609091626-12,"ICE 205",2609092050,0,1
"Düsseldorf Hbf",-977669644680017628-2609091620-9,"ICE 912",2609092053,1,0
"Köln Hbf",-7971996062035411059-2609091438-12,"ICE 102",2609092105,5,0
"Köln Hbf",-1797131029278033890-2609091824-6,"IC 2349",2609092106,5,0
"Düsseldorf Hbf",2576231255055476975-2609091934-5,"ICE 120",2609092110,0,1
"Düsseldorf Hbf",-5885856201096992744-2609091647-10,"ICE 544",2609092112,52,0
"Köln Hbf",-7056878515633598205-2609091838-8,"ICE 221",2609092113,0,1
"Köln Hbf",6625519329407624873-2609091652-8,"ICE 554",2609092114,86,0
"Köln Hbf",8388183103841403836-2609091516-14,"ICE 1544",2609092119,20,0
"Düsseldorf Hbf",6194893901306646476-2609091726-11,"ICE 617",2609092121,9,0
"Köln Hbf",5268242451257549226-2609091901-6,"ICE 313",2609092124,-1,0
"Düsseldorf Hbf",50770787591072936-2609091644-9,"ICE 528",2609092137,88,1
"Köln Hbf",1555483896112278137-2609092014-6,"ICE 318",2609092139,63,0
"Köln Hbf",-5885856201096992744-2609091647-11,"ICE 544",2609092140,49,0
"Köln Hbf",6194893901306646476-2609091726-12,"ICE 617",2609092148,9,0
"Köln Hbf",7537395545451740415-2609091731-7,"ICE 512",2609092205,54,0
"Köln Hbf",1123272061820542344-2609091732-9,"ICE 24",2609092206,13,1
"Düsseldorf Hbf",-4080761801504144103-2609091747-8,"ICE 844",2609092213,42,0
"Köln Hbf",-8088851598754426904-2609092025-5,"ICE 319",2609092215,36,0
"Köln Hbf",4711383125555203513-2609091747-9,"ICE 854",2609092222,30,0
"Köln Hbf",6195485783263057734-2609091819-8,"ICE 910",2609092230,19,0
"Düsseldorf Hbf",1123272061820542344-2609091732-10,"ICE 24",2609092232,15,1
"Düsseldorf Hbf",6810614476303646777-2609091826-9,"ICE 207",2609092233,0,0
"Köln Hbf",4804116960335233530-2609091522-21,"IC 2444",2609092245,33,0
"Düsseldorf Hbf",3736117015423388331-2609091746-9,"ICE 526",2609092246,24,0
"Köln Hbf",5987880351959364904-2609092246-1,"ICE 1541",2609092246,12,0
"Köln Hbf",-4080761801504144103-2609091747-9,"ICE 844",2609092249,29,0
"Köln Hbf",6810614476303646777-2609091826-10,"ICE 207",2609092303,-1,0
"Köln Hbf",-3578772766631177771-2609092024-7,"IC 2347",2609092306,21,0
"Köln Hbf",4005400229928334385-2609091659-16,"ICE 100",2609092310,6,0
"Köln Hbf",2579078581490934825-2609091852-8,"ICE 552",2609092315,53,1
"Köln Hbf",-6524998557445987060-2609091844-11,"ICE 524",2609092339,1,0
"Köln Hbf",7582314568044505717-2609092101-5,"IC 60403",2609092345,0,1
"Köln Hbf",5926473462606976417-2609091926-10,"ICE 619",2609092353,41,0
"Köln Hbf",-1854738006003716349-2609091847-9,"ICE 542",2609092359,28,0
"Köln Hbf",3337083331722830688-2609091932-9,"ICE 22",2609100006,10,0
"Köln Hbf",8322424274180843926-2609091928-8,"ICE 510",2609100010,3,0
"Köln Hbf",-4383803236760390820-2609091945-12,"ICE 522",2609100031,9,0
"Köln Hbf",-4737482986446738332-2609091947-8,"ICE 842",2609100039,54,0
"Köln Hbf",-4463983841688751065-2609092026-10,"ICE 209",2609100102,36,0
"Köln Hbf",8503777394879306018-2609092322-9,"ICE 920",2609100205,1,0
"Köln Hbf",7130605216857004791-2609100321-1,"ICE 827",2609100321,0,0
"Köln Hbf",2774174590951633862-2609092225-10,"ICE 921",2609100321,2,0
"Köln Hbf",-1822966271854478829-2609100335-1,"ICE 1028",2609100335,0,0
"Köln Hbf",8652078400714170233-2609100408-1,"ICE 541",2609100408,0,0
"Köln Hbf",-7455087584675999219-2609100428-1,"ICE 521",2609100428,0,0
"Düsseldorf Hbf",-881594861635697900-2609100323-4,"ICE 523",2609100431,0,0
"Köln Hbf",-1981361635087318141-2609100511-1,"IC 2445",2609100511,0,0
"Köln Hbf",1179810196779242077-2609100511-1,"ICE 208",2609100511,5,0
"Köln Hbf",-784036643221120658-2609100514-1,"ICE 2214",2609100514,1,0
"Düsseldorf Hbf",3596733780499351643-2609100422-6,"ICE 23",2609100522,1,0
"Köln Hbf",-397321280238564306-2609100525-1,"ICE 911",2609100525,6,0
"Köln Hbf",-5962154382149198734-2609100526-1,"ICE 843",2609100526,0,0
"Düsseldorf Hbf",1179810196779242077-2609100511-2,"ICE 208",2609100532,8,0
"Köln Hbf",-486178897212069438-2609100534-1,"ICE 853",2609100534,0,0
"Düsseldorf Hbf",-784036643221120658-2609100514-2,"ICE 2214",2609100537,1,0
"Köln Hbf",4753870957390372842-2609092159-14,"IC 60402",2609100544,7,0
"Düsseldorf Hbf",707692460492138158-2609092337-15,"ICE 1540",2609100547,13,0
"Köln Hbf",4230433869735770140-2609100548-1,"ICE 511",2609100548,0,0
"Düsseldorf Hbf",-5962154382149198734-2609100526-2,"ICE 843",2609100549,2,0
"Köln Hbf",3596733780499351643-2609100422-7,"ICE 23",2609100549,0,0
"Köln Hbf",2178700040520449500-2609100601-1,"ICE 711",2609100601,1,0
"Köln Hbf",2686007473625185344-2609100001-12,"ICE 618",2609100604,0,0
"Köln Hbf",-7723883505152961116-2609100611-1,"ICE 312",2609100611,2,0
"Düsseldorf Hbf",4753870957390372842-2609092159-15,"IC 60402",2609100615,4,0
"Köln Hbf",707692460492138158-2609092337-16,"ICE 1540",2609100615,9,0
"Düsseldorf Hbf",-7586352224211082006-2609100514-4,"ICE 525",2609100618,0,0
"Düsseldorf Hbf",8735574551800398555-2609100524-5,"ICE 101",2609100622,9,0
"Köln Hbf",-4310203737838801908-2609100625-1,"ICE 543",2609100625,0,0
"Köln Hbf",1878809338003406023-2609100627-1,"ICE 1511",2609100627,1,0
"Düsseldorf Hbf",2686007473625185344-2609100001-13,"ICE 618",2609100632,1,0
"Köln Hbf",6856208171401458843-2609100534-4,"ICE 222",2609100643,2,0
"Köln Hbf",-7151271002257875909-2609100502-6,"IC 2348",2609100645,12,0
"Köln Hbf",-8806275556870827116-2609100645-1,"ICE 553",2609100645,0,0
"Düsseldorf Hbf",-4310203737838801908-2609100625-2,"ICE 543",2609100647,2,0
"Köln Hbf",8735574551800398555-2609100524-6,"ICE 101",2609100650,6,0
"Düsseldorf Hbf",-6165068286223376269-2609100554-5,"ICE 913",2609100702,5,0
"Köln Hbf",-2103315967753215489-2609100609-3,"IC 2443",2609100706,0,0
"Düsseldorf Hbf",6856208171401458843-2609100534-5,"ICE 222",2609100710,3,0
"Köln Hbf",6135728412348303878-2609100711-1,"ICE 206",2609100711,7,0
"Düsseldorf Hbf",-853844594697067860-2609100615-4,"ICE 527",2609100718,10,0
"Düsseldorf Hbf",542680258128049209-2609100621-6,"ICE 25",2609100724,14,0
"Köln Hbf",5312563495212518167-2609100726-1,"ICE 845",2609100726,0,0
"Düsseldorf Hbf",6135728412348303878-2609100711-2,"ICE 206",2609100732,8,0
"Köln Hbf",-7772981549573087469-2609100733-1,"ICE 1713",2609100733,3,0
"Köln Hbf",7280780786399683236-2609100735-1,"ICE 855",2609100735,4,0
"Düsseldorf Hbf",8378187760869811763-2609100541-8,"ICE 826",2609100737,0,0
"Köln Hbf",4021377973164879687-2609100634-3,"ICE 18",2609100740,4,0
"Köln Hbf",2082653246441066227-2609100740-1,"ICE 2310",2609100740,20,0
"Köln Hbf",-1316725331766652964-2609100603-6,"ICE 513",2609100745,15,0
"Köln Hbf",-8638855930583862299-2609100746-1,"IC 2206",2609100746,0,0
"Düsseldorf Hbf",5312563495212518167-2609100726-2,"ICE 845",2609100749,1,0
"Köln Hbf",542680258128049209-2609100621-7,"ICE 25",2609100750,13,0
"Köln Hbf",-3118459641712443593-2609100600-7,"ICE 712",2609100757,3,0
"Köln Hbf",937531600424895578-2609100549-4,"ICE 616",2609100805,2,0
"Düsseldorf Hbf",2082653246441066227-2609100740-2,"ICE 2310",2609100807,80,0
"Düsseldorf Hbf",-8638855930583862299-2609100746-2,"IC 2206",2609100810,1,0
"Köln Hbf",-683349446891373235-2609100623-5,"ICE 11",2609100816,13,0
"Düsseldorf Hbf",7320863906691937525-2609100719-4,"ICE 529",2609100818,25,0
"Düsseldorf Hbf",8518232099080018263-2609100426-11,"ICE 103",2609100822,11,0
"Köln Hbf",-1489252697791169587-2609100825-1,"ICE 545",2609100825,1,0
"Köln Hbf",-2307934263002248776-2609100829-1,"ICE 1513",2609100829,35,0
"Düsseldorf Hbf",8056505330798593907-2609100706-6,"ICE 119",2609100831,7,0
"Düsseldorf Hbf",1795377954048554987-2609100708-5,"ICE 824",2609100840,0,0
"Köln Hbf",-3687533052908579649-2609100734-4,"ICE 220",2609100843,3,0
"Köln Hbf",-5067205027928923412-2609100844-1,"ICE 555",2609100844,30,0
"Düsseldorf Hbf",1800994547680145354-2609100638-7,"ICE 121",2609100845,17,0
"Köln Hbf",-3987770513815330460-2609100539-12,"IC 2040",2609100845,25,0
"Köln Hbf",6675332026866779665-2609100845-1,"ICE 1036",2609100845,0,0
"Düsseldorf Hbf",-1489252697791169587-2609100825-2,"ICE 545",2609100847,5,0
"Köln Hbf",8518232099080018263-2609100426-12,"ICE 103",2609100850,6,0
"Düsseldorf Hbf",-5947456125297650390-2609100353-9,"ICE 1014",2609100853,0,0
"Düsseldorf Hbf",400157404087783375-2609100753-5,"ICE 915",2609100902,5,0
"Köln Hbf",735896325928713766-2609100525-7,"ICE 204",2609100905,6,0
"Düsseldorf Hbf",6675332026866779665-2609100845-2,"ICE 1036",2609100906,6,0
"Köln Hbf",4558275999006255649-2609100643-7,"IC 2441",2609100906,7,0
"Düsseldorf Hbf",-3687533052908579649-2609100734-5,"ICE 220",2609100910,7,0
"Düsseldorf Hbf",6972548221701888574-2609100418-15,"ICE 646",2609100912,35,0
"Köln Hbf",1800994547680145354-2609100638-8,"ICE 121",2609100913,12,0
"Köln Hbf",5146840242049916044-2609100640-5,"ICE 656",2609100915,24,0
"Düsseldorf Hbf",-2521696256132503788-2609100920-1,"ICE 621",2609100920,2,0
"Düsseldorf Hbf",-1790024725878292801-2609100820-6,"ICE 27",2609100924,10,0
"Köln Hbf",-8906112445839706377-2609100926-1,"ICE 847",2609100926,0,0
"Düsseldorf Hbf",-6888861751751692665-2609100817-6,"ICE 217",2609100928,1,0
"Düsseldorf Hbf",735896325928713766-2609100525-8,"ICE 204",2609100932,8,0
"Köln Hbf",8918082092638159592-2609100812-6,"ICE 1612",2609100932,2,0
"Köln Hbf",7127812590731908748-2609100935-1,"ICE 857",2609100935,2,0
"Düsseldorf Hbf",-6223962037244896084-2609100441-10,"ICE 822",2609100936,7,0
"Köln Hbf",-5717720788505540143-2609100833-3,"ICE 316",2609100939,2,0
"Düsseldorf Hbf",-6760724929342255350-2609100634-13,"IC 2007",2609100946,9,0
"Köln Hbf",-3482704518387342076-2609100946-1,"IC 2204",2609100946,0,0
"Köln Hbf",6512354943507599026-2609100526-12,"ICE 515",2609100946,8,0
"Düsseldorf Hbf",-8906112445839706377-2609100926-2,"ICE 847",2609100949,2,0
"Köln Hbf",-1790024725878292801-2609100820-7,"ICE 27",2609100952,9,0
"Köln Hbf",67517114520381301-2609100534-7,"ICE 614",2609101005,0,0
"Köln Hbf",4250821308365947570-2609100528-10,"ICE 1022",2609101006,11,0
"Düsseldorf Hbf",-3482704518387342076-2609100946-2,"IC 2204",2609101008,3,0
"Düsseldorf Hbf",-4782954664003624221-2609100526-12,"ICE 946",2609101008,105,0
"Köln Hbf",-6760724929342255350-2609100634-14,"IC 2007",2609101014,4,0
"Köln Hbf",7296668088221534520-2609100825-5,"ICE 13",2609101016,10,0
"Düsseldorf Hbf",7692347899239356115-2609101019-1,"ICE 623",2609101019,1,0
"Düsseldorf Hbf",-3500545049874534285-2609100626-11,"ICE 105",2609101022,21,0
"Köln Hbf",-6590078199824287896-2609100526-11,"ICE 956",2609101022,0,1
"Köln Hbf",309221757920376132-2609101029-1,"ICE 1515",2609101029,0,0
"Düsseldorf Hbf",4250821308365947570-2609100528-11,"ICE 1022",2609101035,10,0
"Düsseldorf Hbf",5509309536167095600-2609100544-10,"ICE 820",2609101040,16,0
"Köln Hbf",-8155331480429548080-2609100934-4,"ICE 128",2609101043,10,0
"Köln Hbf",-8614664585551473503-2609101044-1,"ICE 557",2609101044,1,0
"Düsseldorf Hbf",467631948029280047-2609100831-7,"ICE 225",2609101045,9,0
"Köln Hbf",5248730939501738569-2609100602-15,"IC 2042",2609101045,32,0
"Düsseldorf Hbf",211585818996437737-2609101048-1,"ICE 547",2609101048,3,0
"Köln Hbf",-3500545049874534285-2609100626-12,"ICE 105",2609101050,16,0
"Düsseldorf Hbf",-6324333303227400345-2609100620-9,"ICE 1012",2609101053,0,0
"Köln Hbf",8125274319994745100-2609101053-1,"ICE 2013",2609101053,20,0
"Köln Hbf",-508151058757607646-2609100716-9,"ICE 202",2609101105,63,0
"Köln Hbf",6110717110533777360-2609100824-6,"IC 2049",2609101106,1,0
"Düsseldorf Hbf",2417110662322496020-2609100647-10,"ICE 644",2609101109,122,1
"Düsseldorf Hbf",-8155331480429548080-2609100934-5,"ICE 128",2609101110,11,0
"Köln Hbf",467631948029280047-2609100831-8,"ICE 225",2609101114,6,0
"Köln Hbf",-2664747470423541798-2609100652-8,"ICE 654",2609101114,56,0
"Düsseldorf Hbf",-1863724056778564852-2609101117-1,"ICE 625",2609101117,0,0
"Düsseldorf Hbf",3450663025951470366-2609100602-9,"ICE 1521",2609101119,3,0
"Düsseldorf Hbf",3704713885565394549-2609101024-4,"ICE 29",2609101124,17,0
"Düsseldorf Hbf",-508151058757607646-2609100716-10,"ICE 202",2609101132,64,0
"Köln Hbf",98157840525274029-2609101011-6,"ICE 1610",2609101133,2,0
"Köln Hbf",-9221432942161771616-2609101135-1,"ICE 859",2609101135,0,1
"Düsseldorf Hbf",-7827307397706401371-2609100644-8,"ICE 728",2609101137,16,1
"Köln Hbf",-3207602294555876168-2609101034-3,"ICE 16",2609101139,33,0
"Köln Hbf",3450663025951470366-2609100602-10,"ICE 1521",2609101145,2,0
"Düsseldorf Hbf",6862846665566225825-2609100834-13,"IC 2009",2609101146,16,0
"Köln Hbf",-8775310893499181309-2609101146-1,"IC 2202",2609101146,0,0
"Köln Hbf",-4602427783665327588-2609100726-12,"ICE 517",2609101146,3,0
"Düsseldorf Hbf",-3935110464616838577-2609101150-1,"ICE 849",2609101150,15,0
"Köln Hbf",3704713885565394549-2609101024-5,"ICE 29",2609101150,15,0
"Köln Hbf",-8386336934533711188-2609100728-9,"ICE 1020",2609101205,16,0
"Köln Hbf",-7184453857839759572-2609100728-7,"ICE 612",2609101205,37,0
"Düsseldorf Hbf",-8775310893499181309-2609101146-2,"IC 2202",2609101208,4,0
"Düsseldorf Hbf",789381465621699355-2609100747-10,"ICE 944",2609101208,27,0
"Köln Hbf",4555217987378332456-2609100713-11,"ICE 1548",2609101209,21,0
"Köln Hbf",6862846665566225825-2609100834-14,"IC 2009",2609101214,12,0
"Köln Hbf",-6382331557337532208-2609101025-5,"ICE 15",2609101215,4,0
"Düsseldorf Hbf",-7766800689315712550-2609101219-1,"ICE 627",2609101219,1,0
"Düsseldorf Hbf",-5703640496454004355-2609100825-11,"ICE 107",2609101222,17,0
"Köln Hbf",5065395714490050726-2609100747-9,"ICE 954",2609101222,20,0
"Köln Hbf",-8376398398323607088-2609101229-1,"ICE 1517",2609101229,2,0
"Düsseldorf Hbf",-8386336934533711188-2609100728-10,"ICE 1020",2609101230,18,0
"Düsseldorf Hbf",5394868531176279031-2609100742-9,"ICE 726",2609101240,13,0
"Köln Hbf",-4712053304823003938-2609101134-4,"ICE 126",2609101243,30,0
"Köln Hbf",5886092952094503689-2609101244-1,"ICE 559",2609101244,1,0
"Düsseldorf Hbf",1869793107893408377-2609101031-7,"ICE 123",2609101245,8,0
"Köln Hbf",666711005360005078-2609100522-21,"IC 2044",2609101245,22,0
"Köln Hbf",607281138257369836-2609101245-1,"ICE 1032",2609101245,4,0
"Düsseldorf Hbf",-5225265888807154878-2609101248-1,"ICE 549",2609101248,0,1
"Köln Hbf",-5703640496454004355-2609100825-12,"ICE 107",2609101250,14,0
"Düsseldorf Hbf",-1202781486977583710-2609100819-9,"ICE 1010",2609101253,58,0
"Düsseldorf Hbf",-5763151150910106247-2609101155-5,"ICE 919",2609101302,6,0
"Köln Hbf",5555371111259384160-2609100759-9,"ICE 200",2609101305,28,0
"Düsseldorf Hbf",607281138257369836-2609101245-2,"ICE 1032",2609101306,10,0
"Köln Hbf",-4063923105147557882-2609101024-6,"IC 2047",2609101306,12,0
"Düsseldorf Hbf",-4712053304823003938-2609101134-5,"ICE 126",2609101310,45,0
"Düsseldorf Hbf",-3811000113167125819-2609100847-11,"ICE 642",2609101311,54,0
"Köln Hbf",1869793107893408377-2609101031-8,"ICE 123",2609101314,5,0
"Köln Hbf",7029715491133337413-2609100852-8,"ICE 652",2609101315,73,0
"Düsseldorf Hbf",2307301279586290347-2609101321-1,"ICE 629",2609101321,10,0
"Düsseldorf Hbf",6492627968416470339-2609101221-6,"ICE 229",2609101324,8,0
"Köln Hbf",-2157107938954049243-2609101101-6,"ICE 311",2609101324,12,0
"Düsseldorf Hbf",5555371111259384160-2609100759-10,"ICE 200",2609101332,29,0
"Köln Hbf",-7017661080292591369-2609101211-6,"ICE 1518",2609101333,43,0
"Köln Hbf",201535978532296242-2609101334-1,"ICE 1549",2609101334,0,0
"Köln Hbf",-4020550040361167307-2609101335-1,"ICE 951",2609101335,18,0
"Düsseldorf Hbf",-4676367904559688889-2609100845-8,"ICE 724",2609101337,5,0
"Köln Hbf",4216288988927907099-2609101234-3,"ICE 314",2609101339,5,0
"Düsseldorf Hbf",5900362052756938804-2609100951-16,"IC 2201",2609101346,31,0
"Köln Hbf",-3185038341433261764-2609101346-1,"IC 2200",2609101346,0,0
"Köln Hbf",-8471873024121272354-2609100926-12,"ICE 519",2609101346,33,0
"Düsseldorf Hbf",-1360629902197387952-2609101350-1,"ICE 941",2609101350,2,0
"Köln Hbf",6492627968416470339-2609101221-7,"ICE 229",2609101352,6,0
"Köln Hbf",9011011619156863439-2609100928-7,"ICE 610",2609101405,3,0
"Köln Hbf",338204297594764006-2609100827-10,"ICE 926",2609101406,12,0
"Düsseldorf Hbf",-3185038341433261764-2609101346-2,"IC 2200",2609101408,6,0
"Düsseldorf Hbf",7024771559125615258-2609100947-10,"ICE 942",2609101408,14,0
"Köln Hbf",5900362052756938804-2609100951-17,"IC 2201",2609101414,29,0
"Köln Hbf",4815612638303090443-2609101225-5,"ICE 315",2609101415,6,0
"Düsseldorf Hbf",-758807154932475400-2609101419-1,"ICE 721",2609101419,1,0
"Düsseldorf Hbf",6610086332469437335-2609101026-11,"ICE 109",2609101422,6,0
"Köln Hbf",2625224039751841654-2609100947-9,"ICE 952",2609101422,4,0
"Köln Hbf",4846835449118805747-2609101429-1,"ICE 1519",2609101429,0,0
"Düsseldorf Hbf",338204297594764006-2609100827-11,"ICE 926",2609101432,14,0
"Düsseldorf Hbf",-7906017824379584014-2609100946-9,"ICE 722",2609101436,32,0
"Köln Hbf",-8784598530479710827-2609101438-1,"ICE 310",2609101438,0,0
"Köln Hbf",-5676785138972199399-2609101334-4,"ICE 124",2609101443,1,0
"Köln Hbf",-6270903731699972278-2609101444-1,"ICE 651",2609101444,2,0
"Düsseldorf Hbf",-9018982874238179365-2609101238-7,"ICE 125",2609101445,22,0
"Köln Hbf",-5299413353021537464-2609100722-21,"IC 2046",2609101445,35,0
"Düsseldorf Hbf",7188954872564278301-2609101448-1,"ICE 641",2609101448,3,0
"Düsseldorf Hbf",-553863566957669250-2609100730-17,"ICE 1033",2609101450,2,0
"Köln Hbf",6610086332469437335-2609101026-12,"ICE 109",2609101450,1,0
"Düsseldorf Hbf",7844358081895785158-2609101019-9,"ICE 918",2609101453,0,0
"Düsseldorf Hbf",8564432605510706771-2609101353-5,"ICE 1011",2609101501,0,0
"Köln Hbf",7702481692019596064-2609100838-12,"ICE 108",2609101505,1,0
"Köln Hbf",999348998582534522-2609101224-6,"IC 2045",2609101506,27,0
"Düsseldorf Hbf",-5676785138972199399-2609101334-5,"ICE 124",2609101510,5,0
"Düsseldorf Hbf",8642793912640631890-2609101047-11,"ICE 640",2609101511,16,0
"Köln Hbf",-9018982874238179365-2609101238-8,"ICE 125",2609101513,23,0
"Köln Hbf",-7022498938457192021-2609101052-8,"ICE 650",2609101515,37,0
"Düsseldorf Hbf",5311537321398817844-2609101520-1,"ICE 723",2609101520,4,0
"Köln Hbf",-553863566957669250-2609100730-18,"ICE 1033",2609101520,-3,0
"Düsseldorf Hbf",-1497213994658544450-2609101154-6,"ICE 927",2609101522,28,0
"Düsseldorf Hbf",7702481692019596064-2609100838-13,"ICE 108",2609101532,6,0
"Köln Hbf",4945186918802353023-2609101411-6,"ICE 1516",2609101533,0,0
"Köln Hbf",-107298036587741504-2609101535-1,"ICE 953",2609101535,4,0
"Düsseldorf Hbf",6519626148103819066-2609101045-9,"ICE 720",2609101536,5,0
"Köln Hbf",2218943744552257469-2609101434-3,"ICE 14",2609101539,11,0
"Düsseldorf Hbf",-257816953041096365-2609101136-16,"IC 2203",2609101546,33,0
"Köln Hbf",8187582116097718743-2609101546-1,"IC 2008",2609101546,1,1
"Köln Hbf",5653087570567167872-2609101126-12,"ICE 611",2609101546,31,0
"Düsseldorf Hbf",6378881227509878523-2609101550-1,"ICE 943",2609101550,1,0
"Köln Hbf",-1497213994658544450-2609101154-7,"ICE 927",2609101551,24,0
"Köln Hbf",-6452407069337976676-2609101128-7,"ICE 518",2609101605,6,0
"Köln Hbf",7010757467826963006-2609101132-9,"ICE 228",2609101606,4,0
"Köln Hbf",-8732834586368903752-2609101607-1,"ICE 1520",2609101607,0,0
"Düsseldorf Hbf",8187582116097718743-2609101546-2,"IC 2008",2609101608,5,1
"Düsseldorf Hbf",-3330605035074967330-2609101147-10,"ICE 940",2609101608,23,0
"Köln Hbf",-257816953041096365-2609101136-17,"IC 2203",2609101614,38,0
"Köln Hbf",-482221124538025922-2609101425-5,"ICE 17",2609101615,16,0
"Düsseldorf Hbf",6556040714554725251-2609101619-1,"ICE 725",2609101619,2,0
"Köln Hbf",375201943151232777-2609101147-9,"ICE 950",2609101621,24,0
"Düsseldorf Hbf",-762086226758254325-2609101226-11,"ICE 201",2609101622,31,0
"Köln Hbf",-6579606754577220741-2609101501-5,"ICE 1716",2609101625,24,0
"Düsseldorf Hbf",-8732834586368903752-2609101607-2,"ICE 1520",2609101627,2,0
"Köln Hbf",5058768902280124693-2609101629-1,"ICE 1611",2609101629,1,0
"Düsseldorf Hbf",7010757467826963006-2609101132-10,"ICE 228",2609101632,12,0
"Düsseldorf Hbf",8429649765325465614-2609101145-9,"ICE 628",2609101640,-1,0
"Köln Hbf",4524910290568704513-2609101534-4,"ICE 122",2609101643,13,0
"Köln Hbf",-157208555968192668-2609101644-1,"ICE 653",2609101644,0,0
"Düsseldorf Hbf",5612128767266048221-2609101438-7,"ICE 127",2609101645,11,0
"Köln Hbf",-5036776284380011862-2609100922-21,"IC 2048",2609101645,18,0
"Düsseldorf Hbf",-5511541014003594580-2609101648-1,"ICE 643",2609101648,4,0
"Düsseldorf Hbf",6330890959881575446-2609100953-14,"ICE 2311",2609101650,39,0
"Köln Hbf",-762086226758254325-2609101226-12,"ICE 201",2609101650,27,0
"Düsseldorf Hbf",-1838827148333657754-2609101220-9,"ICE 916",2609101653,21,0
"Düsseldorf Hbf",2333246513660073790-2609101553-5,"ICE 1013",2609101703,4,0
"Köln Hbf",-8705107722613527627-2609101059-15,"ICE 106",2609101705,12,0
"Köln Hbf",-7566186731885125077-2609101305-8,"ICE 2012",2609101706,0,1
"Düsseldorf Hbf",4524910290568704513-2609101534-5,"ICE 122",2609101710,20,0
"Köln Hbf",-893148775004719136-2609101711-1,"IC 2043",2609101711,0,0
"Düsseldorf Hbf",-8713208741749436113-2609101247-11,"ICE 548",2609101712,3,0
"Köln Hbf",5612128767266048221-2609101438-8,"ICE 127",2609101713,12,0
"Köln Hbf",-2894975550766125611-2609101252-8,"ICE 558",2609101715,13,0
"Köln Hbf",6330890959881575446-2609100953-15,"ICE 2311",2609101719,40,0
"Düsseldorf Hbf",6757774550243091278-2609101720-1,"ICE 727",2609101720,4,0
"Düsseldorf Hbf",-2924322226173910183-2609101703-3,"ICE 929",2609101724,5,0
"Köln Hbf",-1057492321374091038-2609101731-1,"ICE 713",2609101731,1,0
"Düsseldorf Hbf",-8705107722613527627-2609101059-16,"ICE 106",2609101732,14,0
"Köln Hbf",-8631361224774257822-2609101611-6,"ICE 1514",2609101733,4,0
"Köln Hbf",-4550645364654346112-2609101735-1,"ICE 955",2609101735,1,0
"Düsseldorf Hbf",5042424630356113204-2609101245-8,"ICE 626",2609101738,0,0
"Köln Hbf",3763871362376381297-2609101634-3,"ICE 12",2609101740,3,0
"Düsseldorf Hbf",-7566186731885125077-2609101305-9,"ICE 2012",2609101742,0,1
"Düsseldorf Hbf",-2882197430592295029-2609101351-16,"IC 2205",2609101746,9,0
"Köln Hbf",-3282400354544978678-2609101746-1,"IC 2006",2609101746,15,0
"Köln Hbf",-2910589038648014094-2609101326-12,"ICE 613",2609101746,38,0
"Düsseldorf Hbf",-8275737537227179086-2609101750-1,"ICE 945",2609101750,2,0
"Köln Hbf",-2924322226173910183-2609101703-4,"ICE 929",2609101750,4,0
"Köln Hbf",6954924236955692259-2609101328-7,"ICE 516",2609101805,5,0
"Köln Hbf",944231164744023574-2609101332-9,"ICE 28",2609101806,36,0
"Düsseldorf Hbf",-3282400354544978678-2609101746-2,"IC 2006",2609101808,54,0
"Düsseldorf Hbf",3702662415087684826-2609101347-10,"ICE 848",2609101808,51,0
"Köln Hbf",6423634419829337550-2609101434-11,"ICE 710",2609101808,5,0
"Köln Hbf",-2882197430592295029-2609101351-17,"IC 2205",2609101814,5,0
"Köln Hbf",4992819178731237054-2609101622-5,"ICE 317",2609101815,7,0
"Düsseldorf Hbf",-3019965818182152821-2609101821-1,"ICE 729",2609101821,0,0
"Düsseldorf Hbf",-7956047615718350819-2609101426-11,"ICE 203",2609101822,2,0
"Köln Hbf",-1900115166859559092-2609101347-9,"ICE 858",2609101822,27,0
"Düsseldorf Hbf",1459720362045900384-2609101235-10,"ICE 216",2609101824,0,0
"Köln Hbf",-7955422278217659578-2609101703-5,"ICE 1714",2609101825,8,0
"Köln Hbf",1407594009417555306-2609101829-1,"ICE 1613",2609101829,9,0
"Düsseldorf Hbf",944231164744023574-2609101332-10,"ICE 28",2609101832,38,0
"Düsseldorf Hbf",-4521437519262178170-2609101345-9,"ICE 624",2609101836,46,0
"Köln Hbf",-6750794421454638985-2609101420-9,"ICE 224",2609101843,46,0
"Köln Hbf",9016403526930832374-2609101844-1,"ICE 655",2609101844,2,0
"Düsseldorf Hbf",-2599950570116389517-2609101638-7,"ICE 129",2609101845,2,0
"Köln Hbf",-4140470391187734614-2609101122-21,"IC 2440",2609101845,0,1
"Düsseldorf Hbf",4447890004106418758-2609101848-1,"ICE 645",2609101848,0,0
"Düsseldorf Hbf",7867558493628354270-2609101115-18,"ICE 1037",2609101850,15,0
"Köln Hbf",-7956047615718350819-2609101426-12,"ICE 203",2609101850,0,0
"Düsseldorf Hbf",-6727683722954373951-2609101754-5,"ICE 1015",2609101901,3,0
"Köln Hbf",-4758242349678413284-2609101238-12,"ICE 104",2609101905,7,0
"Köln Hbf",3024320540544332138-2609101624-6,"IC 2041",2609101906,16,0
"Düsseldorf Hbf",3141971505559871903-2609101447-10,"ICE 546",2609101908,16,0
"Düsseldorf Hbf",-6750794421454638985-2609101420-10,"ICE 224",2609101910,51,0
"Köln Hbf",-2599950570116389517-2609101638-8,"ICE 129",2609101913,5,0
"Köln Hbf",8430642524571604487-2609101452-8,"ICE 556",2609101915,61,0
"Düsseldorf Hbf",-3738461847412237185-2609101918-1,"ICE 821",2609101918,13,0
"Köln Hbf",7867558493628354270-2609101115-19,"ICE 1037",2609101920,16,0
"Düsseldorf Hbf",2312296716933966404-2609101554-4,"ICE 1021",2609101921,21,0
"Düsseldorf Hbf",-4055232889596422409-2609100803-28,"ICE 118",2609101924,1,0
"Düsseldorf Hbf",-4758242349678413284-2609101238-13,"ICE 104",2609101932,9,0
"Köln Hbf",-4997552987396627422-2609101811-6,"ICE 1512",2609101933,7,0
"Düsseldorf Hbf",-2142784246140329213-2609101445-8,"ICE 622",2609101936,1,0
"Köln Hbf",3141971505559871903-2609101447-11,"ICE 546",2609101936,16,0
"Köln Hbf",-2451771813568964797-2609101936-1,"ICE 957",2609101936,0,0
"Köln Hbf",-8942408890709913676-2609101833-3,"ICE 10",2609101940,9,0
"Düsseldorf Hbf",1492120664389609114-2609101604-14,"IC 2207",2609101946,8,0
"Köln Hbf",-5425302918995479956-2609101526-12,"ICE 615",2609101946,24,0
"Düsseldorf Hbf",3778695356863398992-2609101950-1,"ICE 947",2609101950,8,0
"Köln Hbf",2312296716933966404-2609101554-5,"ICE 1021",2609101950,17,0
"Köln Hbf",-5040855886902453859-2609101528-7,"ICE 514",2609102005,20,0
"Köln Hbf",-8926157399752465663-2609101532-9,"ICE 26",2609102006,1,0
"Düsseldorf Hbf",798259414142998527-2609102009-1,"ICE 823",2609102009,8,0
"Düsseldorf Hbf",-9003107645534276753-2609101547-9,"ICE 846",2609102013,12,0
"Köln Hbf",1492120664389609114-2609101604-15,"IC 2207",2609102014,6,0
"Köln Hbf",4341219805487381340-2609101825-5,"ICE 19",2609102015,2,0
"Düsseldorf Hbf",-6235789055676348186-2609101626-11,"ICE 205",2609102022,43,0
"Köln Hbf",-819597198211929243-2609101547-9,"ICE 856",2609102022,16,0
"Düsseldorf Hbf",-8926157399752465663-2609101532-10,"ICE 26",2609102032,1,0
"Düsseldorf Hbf",-1188267942167451229-2609101545-9,"ICE 620",2609102037,34,0
"Köln Hbf",2576231255055476975-2609101934-4,"ICE 120",2609102043,3,0
"Düsseldorf Hbf",-7056878515633598205-2609101838-7,"ICE 221",2609102045,4,0
"Köln Hbf",-7949491460536242261-2609101322-21,"IC 2442",2609102045,64,0
"Köln Hbf",5646922477923288654-2609102045-1,"ICE 657",2609102045,1,0
"Köln Hbf",-6235789055676348186-2609101626-12,"ICE 205",2609102050,39,0
"Düsseldorf Hbf",-977669644680017628-2609101620-9,"ICE 912",2609102053,6,0
"Düsseldorf Hbf",8262134096716058006-2609101353-14,"ICE 2215",2609102059,38,0
"Köln Hbf",-7971996062035411059-2609101438-12,"ICE 102",2609102105,3,0
"Köln Hbf",-1797131029278033890-2609101824-6,"IC 2349",2609102106,7,0
"Düsseldorf Hbf",2576231255055476975-2609101934-5,"ICE 120",2609102110,6,0
"Düsseldorf Hbf",-5885856201096992744-2609101647-10,"ICE 544",2609102112,27,0
"Köln Hbf",-7056878515633598205-2609101838-8,"ICE 221",2609102113,2,0
"Köln Hbf",6625519329407624873-2609101652-8,"ICE 554",2609102114,52,0
"Köln Hbf",8388183103841403836-2609101516-14,"ICE 1544",2609102119,22,0
"Düsseldorf Hbf",6194893901306646476-2609101726-11,"ICE 617",2609102121,30,0
"Köln Hbf",5268242451257549226-2609101901-6,"ICE 313",2609102124,3,0
"Köln Hbf",1555483896112278137-2609102014-6,"ICE 318",2609102139,0,0
"Köln Hbf",-5885856201096992744-2609101647-11,"ICE 544",2609102140,24,0
"Köln Hbf",6194893901306646476-2609101726-12,"ICE 617",2609102148,26,1
"Köln Hbf",1123272061820542344-2609101732-9,"ICE 24",2609102206,1,0
"Düsseldorf Hbf",-4080761801504144103-2609101747-10,"ICE 844",2609102208,35,0
"Köln Hbf",-8088851598754426904-2609102022-4,"ICE 319",2609102215,14,0
"Düsseldorf Hbf",6810614476303646777-2609101826-11,"ICE 207",2609102222,23,0
"Köln Hbf",4711383125555203513-2609101747-9,"ICE 854",2609102222,34,0
"Köln Hbf",6195485783263057734-2609101819-8,"ICE 910",2609102230,4,0
"Düsseldorf Hbf",1123272061820542344-2609101732-10,"ICE 24",2609102232,19,1
"Köln Hbf",-4080761801504144103-2609101747-11,"ICE 844",2609102234,32,0
"Köln Hbf",-3578772766631177771-2609102025-6,"IC 2347",2609102306,1,1
"Köln Hbf",6810614476303646777-2609101826-12,"ICE 207",2609102307,22,0
"Düsseldorf Hbf",7582314568044505717-2609102101-7,"IC 60403",2609102319,16,0
"Köln Hbf",-1854738006003716349-2609101847-9,"ICE 542",2609102342,2,0
"Düsseldorf Hbf",3221540638015957981-2609102357-1,"ICE 1541",2609102357,1,0
"Köln Hbf",3337083331722830688-2609101932-9,"ICE 22",2609110006,42,0
"Köln Hbf",8322424274180843926-2609101928-8,"ICE 510",2609110010,9,0
"Köln Hbf",-4383803236760390820-2609101945-12,"ICE 522",2609110031,6,0
"Düsseldorf Hbf",-4463983841688751065-2609102026-11,"ICE 209",2609110047,19,0
"Düsseldorf Hbf",-4737482986446738332-2609101947-10,"ICE 842",2609110055,41,0
"Düsseldorf Hbf",-111241669532597234-2609101947-10,"ICE 852",2609110055,41,0
"Köln Hbf",-4463983841688751065-2609102026-12,"ICE 209",2609110128,25,0
"Köln Hbf",8503777394879306018-2609102322-9,"ICE 920",2609110205,1,0
"Köln Hbf",2774174590951633862-2609102225-11,"ICE 921",2609110313,44,0
"Köln Hbf",7130605216857004791-2609110321-1,"ICE 827",2609110321,0,0
"Köln Hbf",8652078400714170233-2609110405-1,"ICE 541",2609110405,0,0
"Düsseldorf Hbf",5220412279450768557-2609110409-1,"ICE 1028",2609110409,39,0
"Köln Hbf",-7455087584675999219-2609110428-1,"ICE 521",2609110428,0,0
"Düsseldorf Hbf",8652078400714170233-2609110405-2,"ICE 541",2609110446,17,0
"Düsseldorf Hbf",-881594861635697900-2609110339-3,"ICE 523",2609110454,2,0
"Köln Hbf",-1981361635087318141-2609110511-1,"IC 2445",2609110511,3,0
"Köln Hbf",1179810196779242077-2609110511-1,"ICE 208",2609110511,1,0
"Köln Hbf",-784036643221120658-2609110514-1,"ICE 2214",2609110514,0,1
"Köln Hbf",-397321280238564306-2609110525-1,"ICE 911",2609110525,6,0
"Köln Hbf",-5962154382149198734-2609110526-1,"ICE 843",2609110526,1,0
"Düsseldorf Hbf",1179810196779242077-2609110511-2,"ICE 208",2609110532,2,0
"Köln Hbf",-486178897212069438-2609110534-1,"ICE 853",2609110534,2,0
"Düsseldorf Hbf",-784036643221120658-2609110514-2,"ICE 2214",2609110537,0,1
"Köln Hbf",4753870957390372842-2609102159-14,"IC 60402",2609110544,68,0
"Köln Hbf",4230433869735770140-2609110548-1,"ICE 511",2609110548,0,0
"Düsseldorf Hbf",-5962154382149198734-2609110526-2,"ICE 843",2609110549,1,0
"Köln Hbf",3596733780499351643-2609110408-4,"ICE 23",2609110549,4,0
"Köln Hbf",2178700040520449500-2609110601-1,"ICE 711",2609110601,0,0
"Düsseldorf Hbf",707692460492138158-2609102337-15,"ICE 1540",2609110602,3,0
"Köln Hbf",2686007473625185344-2609110001-12,"ICE 618",2609110604,17,0
"Köln Hbf",-7723883505152961116-2609110611-1,"ICE 312",2609110611,1,0
"Düsseldorf Hbf",4753870957390372842-2609102159-15,"IC 60402",2609110615,78,0
"Düsseldorf Hbf",-7586352224211082006-2609110514-4,"ICE 525",2609110618,9,0
"Düsseldorf Hbf",8735574551800398555-2609110524-5,"ICE 101",2609110622,13,0
"Köln Hbf",-4310203737838801908-2609110625-1,"ICE 543",2609110625,11,0
"Köln Hbf",1878809338003406023-2609110627-1,"ICE 1511",2609110627,6,0
"Düsseldorf Hbf",2686007473625185344-2609110001-13,"ICE 618",2609110632,16,0
"Köln Hbf",707692460492138158-2609102337-16,"ICE 1540",2609110640,-7,0
"Köln Hbf",6856208171401458843-2609110534-4,"ICE 222",2609110643,3,0
"Köln Hbf",-7151271002257875909-2609110502-6,"IC 2348",2609110645,21,0
"Köln Hbf",-8806275556870827116-2609110645-1,"ICE 553",2609110645,0,0
"Düsseldorf Hbf",-4310203737838801908-2609110625-2,"ICE 543",2609110647,15,0
"Köln Hbf",8735574551800398555-2609110524-6,"ICE 101",2609110650,9,0
"Düsseldorf Hbf",-6165068286223376269-2609110554-5,"ICE 913",2609110702,0,0
"Köln Hbf",-2103315967753215489-2609110609-3,"IC 2443",2609110706,49,0
"Düsseldorf Hbf",6856208171401458843-2609110534-5,"ICE 222",2609110710,10,0
"Köln Hbf",6135728412348303878-2609110711-1,"ICE 206",2609110711,1,0
"Düsseldorf Hbf",-853844594697067860-2609110615-4,"ICE 527",2609110718,5,0
"Düsseldorf Hbf",542680258128049209-2609110621-6,"ICE 25",2609110724,10,0
"Köln Hbf",5312563495212518167-2609110726-1,"ICE 845",2609110726,15,0
"Düsseldorf Hbf",6135728412348303878-2609110711-2,"ICE 206",2609110732,8,0
"Köln Hbf",-7772981549573087469-2609110733-1,"ICE 1713",2609110733,6,0
"Köln Hbf",7280780786399683236-2609110735-1,"ICE 855",2609110735,1,0
"Düsseldorf Hbf",8378187760869811763-2609110541-8,"ICE 826",2609110737,9,0
"Köln Hbf",4021377973164879687-2609110634-3,"ICE 18",2609110740,5,0
"Köln Hbf",2082653246441066227-2609110740-1,"ICE 2310",2609110740,2,0
"Köln Hbf",-1316725331766652964-2609110603-6,"ICE 513",2609110745,18,0
"Köln Hbf",-8638855930583862299-2609110746-1,"IC 2206",2609110746,2,0
"Düsseldorf Hbf",5312563495212518167-2609110726-2,"ICE 845",2609110749,16,0
"Köln Hbf",542680258128049209-2609110621-7,"ICE 25",2609110750,9,0
"Köln Hbf",-3118459641712443593-2609110600-7,"ICE 712",2609110757,12,0
"Köln Hbf",937531600424895578-2609110549-4,"ICE 616",2609110805,9,0
"Düsseldorf Hbf",2082653246441066227-2609110740-2,"ICE 2310",2609110807,1,0
"Düsseldorf Hbf",-8638855930583862299-2609110746-2,"IC 2206",2609110810,6,0
"Köln Hbf",-683349446891373235-2609110623-5,"ICE 11",2609110816,31,0
"Düsseldorf Hbf",7320863906691937525-2609110719-4,"ICE 529",2609110818,7,0
"Düsseldorf Hbf",8518232099080018263-2609110426-11,"ICE 103",2609110822,31,0
"Köln Hbf",-1489252697791169587-2609110825-1,"ICE 545",2609110825,0,0
"Köln Hbf",-2307934263002248776-2609110829-1,"ICE 1513",2609110829,25,0
"Düsseldorf Hbf",8056505330798593907-2609110706-6,"ICE 119",2609110831,11,0
"Düsseldorf Hbf",1795377954048554987-2609110708-5,"ICE 824",2609110840,8,0
"Köln Hbf",-3687533052908579649-2609110734-4,"ICE 220",2609110843,4,0
"Köln Hbf",-5067205027928923412-2609110844-1,"ICE 555",2609110844,0,0
"Düsseldorf Hbf",1800994547680145354-2609110638-7,"ICE 121",2609110845,3,0
"Köln Hbf",-3987770513815330460-2609110539-12,"IC 2040",2609110845,25,0
"Köln Hbf",6675332026866779665-2609110845-1,"ICE 1036",2609110845,0,0
"Düsseldorf Hbf",-1489252697791169587-2609110825-2,"ICE 545",2609110847,6,0
"Köln Hbf",8518232099080018263-2609110426-12,"ICE 103",2609110850,24,1
"Düsseldorf Hbf",-5947456125297650390-2609110420-9,"ICE 1014",2609110853,4,0
"Düsseldorf Hbf",400157404087783375-2609110753-5,"ICE 915",2609110902,7,0
"Köln Hbf",735896325928713766-2609110525-7,"ICE 204",2609110905,4,0
"Düsseldorf Hbf",6675332026866779665-2609110845-2,"ICE 1036",2609110906,3,0
"Köln Hbf",4558275999006255649-2609110643-7,"IC 2441",2609110906,41,0
"Düsseldorf Hbf",-3687533052908579649-2609110734-5,"ICE 220",2609110910,6,0
"Düsseldorf Hbf",6972548221701888574-2609110418-15,"ICE 646",2609110912,27,0
"Köln Hbf",1800994547680145354-2609110638-8,"ICE 121",2609110913,1,0
"Köln Hbf",5146840242049916044-2609110640-5,"ICE 656",2609110915,0,1
"Düsseldorf Hbf",-2521696256132503788-2609110920-1,"ICE 621",2609110920,1,0
"Düsseldorf Hbf",-1790024725878292801-2609110820-6,"ICE 27",2609110924,20,0
"Köln Hbf",-8906112445839706377-2609110926-1,"ICE 847",2609110926,0,0
"Düsseldorf Hbf",-6888861751751692665-2609110817-6,"ICE 217",2609110928,1,0
"Düsseldorf Hbf",735896325928713766-2609110525-8,"ICE 204",2609110932,5,0
"Köln Hbf",8918082092638159592-2609110812-6,"ICE 1612",2609110932,1,0
"Köln Hbf",7127812590731908748-2609110935-1,"ICE 857",2609110935,5,0
"Düsseldorf Hbf",-6223962037244896084-2609110441-10,"ICE 822",2609110936,4,0
"Köln Hbf",-5717720788505540143-2609110833-3,"ICE 316",2609110939,9,0
"Düsseldorf Hbf",-6760724929342255350-2609110634-13,"IC 2007",2609110946,8,0
"Köln Hbf",-3482704518387342076-2609110946-1,"IC 2204",2609110946,0,0
"Köln Hbf",6512354943507599026-2609110526-12,"ICE 515",2609110946,33,0
"Düsseldorf Hbf",-8906112445839706377-2609110926-2,"ICE 847",2609110949,1,0
"Köln Hbf",-1790024725878292801-2609110820-7,"ICE 27",2609110952,19,0
"Köln Hbf",67517114520381301-2609110534-7,"ICE 614",2609111005,38,0
"Köln Hbf",4250821308365947570-2609110528-10,"ICE 1022",2609111006,13,0
"Düsseldorf Hbf",-3482704518387342076-2609110946-2,"IC 2204",2609111008,2,0
"Düsseldorf Hbf",-4782954664003624221-2609110526-12,"ICE 946",2609111008,34,0
"Köln Hbf",-6760724929342255350-2609110634-14,"IC 2007",2609111014,6,0
"Köln Hbf",7296668088221534520-2609110825-5,"ICE 13",2609111016,13,0
"Düsseldorf Hbf",7692347899239356115-2609111019-1,"ICE 623",2609111019,3,0
"Düsseldorf Hbf",-3500545049874534285-2609110626-11,"ICE 105",2609111022,11,0
"Köln Hbf",-6590078199824287896-2609110526-11,"ICE 956",2609111022,29,0
"Köln Hbf",309221757920376132-2609111029-1,"ICE 1515",2609111029,0,0
"Düsseldorf Hbf",4250821308365947570-2609110528-11,"ICE 1022",2609111035,13,0
"Düsseldorf Hbf",5509309536167095600-2609110544-10,"ICE 820",2609111040,-3,0
"Köln Hbf",-8155331480429548080-2609110934-4,"ICE 128",2609111043,3,0
"Köln Hbf",-8614664585551473503-2609111044-1,"ICE 557",2609111044,1,0
"Düsseldorf Hbf",467631948029280047-2609110831-7,"ICE 225",2609111045,12,0
"Köln Hbf",5248730939501738569-2609110602-15,"IC 2042",2609111045,21,0
"Düsseldorf Hbf",211585818996437737-2609111048-1,"ICE 547",2609111048,5,0
"Köln Hbf",-3500545049874534285-2609110626-12,"ICE 105",2609111050,10,0
"Düsseldorf Hbf",-6324333303227400345-2609110620-9,"ICE 1012",2609111053,8,0
"Köln Hbf",8125274319994745100-2609111053-1,"ICE 2013",2609111053,0,0
"Köln Hbf",-508151058757607646-2609110716-9,"ICE 202",2609111105,6,0
"Köln Hbf",6110717110533777360-2609110824-6,"IC 2049",2609111106,12,0
"Düsseldorf Hbf",2417110662322496020-2609110647-10,"ICE 644",2609111109,49,1
"Düsseldorf Hbf",-8155331480429548080-2609110934-5,"ICE 128",2609111110,8,0
"Köln Hbf",467631948029280047-2609110831-8,"ICE 225",2609111114,9,0
"Köln Hbf",-2664747470423541798-2609110652-8,"ICE 654",2609111114,46,0
"Düsseldorf Hbf",-1863724056778564852-2609111117-1,"ICE 625",2609111117,1,0
"Düsseldorf Hbf",3450663025951470366-2609110602-9,"ICE 1521",2609111119,13,0
"Düsseldorf Hbf",3704713885565394549-2609111024-4,"ICE 29",2609111124,2,0
"Düsseldorf Hbf",-508151058757607646-2609110716-10,"ICE 202",2609111132,3,0
"Köln Hbf",98157840525274029-2609111011-6,"ICE 1610",2609111133,30,0
"Köln Hbf",-9221432942161771616-2609111135-1,"ICE 859",2609111135,10,0
"Düsseldorf Hbf",-7827307397706401371-2609110644-8,"ICE 728",2609111137,14,0
"Köln Hbf",-3207602294555876168-2609111034-3,"ICE 16",2609111139,29,0
"Köln Hbf",3450663025951470366-2609110602-10,"ICE 1521",2609111145,9,0
"Düsseldorf Hbf",6862846665566225825-2609110834-13,"IC 2009",2609111146,19,0
"Köln Hbf",-8775310893499181309-2609111146-1,"IC 2202",2609111146,6,0
"Köln Hbf",-4602427783665327588-2609110726-12,"ICE 517",2609111146,30,0
"Düsseldorf Hbf",-3935110464616838577-2609111150-1,"ICE 849",2609111150,1,0
"Köln Hbf",3704713885565394549-2609111024-5,"ICE 29",2609111150,2,0
"Köln Hbf",-8386336934533711188-2609110728-9,"ICE 1020",2609111205,26,0
"Köln Hbf",-7184453857839759572-2609110728-7,"ICE 612",2609111205,17,0
"Düsseldorf Hbf",-8775310893499181309-2609111146-2,"IC 2202",2609111208,10,0
"Düsseldorf Hbf",789381465621699355-2609110747-10,"ICE 944",2609111208,14,0
"Köln Hbf",4555217987378332456-2609110713-11,"ICE 1548",2609111209,21,0
"Köln Hbf",6862846665566225825-2609110834-14,"IC 2009",2609111214,25,0
"Köln Hbf",-6382331557337532208-2609111025-5,"ICE 15",2609111215,8,0
"Düsseldorf Hbf",-7766800689315712550-2609111219-1,"ICE 627",2609111219,2,0
"Düsseldorf Hbf",-5703640496454004355-2609110825-11,"ICE 107",2609111222,15,0
"Köln Hbf",5065395714490050726-2609110747-9,"ICE 954",2609111222,22,0
"Köln Hbf",-8376398398323607088-2609111229-1,"ICE 1517",2609111229,10,0
"Düsseldorf Hbf",-8386336934533711188-2609110728-10,"ICE 1020",2609111230,30,0
"Düsseldorf Hbf",5394868531176279031-2609110742-9,"ICE 726",2609111240,0,0
"Köln Hbf",-4712053304823003938-2609111134-4,"ICE 126",2609111243,2,0
"Köln Hbf",5886092952094503689-2609111244-1,"ICE 559",2609111244,15,0
"Düsseldorf Hbf",1869793107893408377-2609111031-7,"ICE 123",2609111245,9,0
"Köln Hbf",666711005360005078-2609110522-21,"IC 2044",2609111245,32,0
"Köln Hbf",607281138257369836-2609111245-1,"ICE 1032",2609111245,0,0
"Düsseldorf Hbf",-5225265888807154878-2609111248-1,"ICE 549",2609111248,0,1
"Köln Hbf",-5703640496454004355-2609110825-12,"ICE 107",2609111250,12,0
"Düsseldorf Hbf",-1202781486977583710-2609110819-9,"ICE 1010",2609111253,0,0
"Düsseldorf Hbf",-5763151150910106247-2609111155-5,"ICE 919",2609111302,5,0
"Köln Hbf",5555371111259384160-2609110759-9,"ICE 200",2609111305,4,0
"Düsseldorf Hbf",607281138257369836-2609111245-2,"ICE 1032",2609111306,1,0
"Köln Hbf",-4063923105147557882-2609111024-6,"IC 2047",2609111306,113,0
"Düsseldorf Hbf",-4712053304823003938-2609111134-5,"ICE 126",2609111310,3,0
"Düsseldorf Hbf",-3811000113167125819-2609110847-11,"ICE 642",2609111311,30,1
"Köln Hbf",1869793107893408377-2609111031-8,"ICE 123",2609111311,9,0
"Köln Hbf",7029715491133337413-2609110852-8,"ICE 652",2609111315,34,0
"Düsseldorf Hbf",2307301279586290347-2609111321-1,"ICE 629",2609111321,1,0
"Düsseldorf Hbf",6492627968416470339-2609111221-6,"ICE 229",2609111324,0,1
"Köln Hbf",-2157107938954049243-2609111101-6,"ICE 311",2609111324,7,0
"Düsseldorf Hbf",5555371111259384160-2609110759-10,"ICE 200",2609111332,4,0
"Köln Hbf",-7017661080292591369-2609111211-6,"ICE 1518",2609111333,3,0
"Köln Hbf",201535978532296242-2609111334-1,"ICE 1549",2609111334,-1,0
"Köln Hbf",-4020550040361167307-2609111335-1,"ICE 951",2609111335,10,0
"Düsseldorf Hbf",-4676367904559688889-2609110845-8,"ICE 724",2609111337,4,0
"Köln Hbf",4216288988927907099-2609111234-3,"ICE 314",2609111339,9,0
"Düsseldorf Hbf",5900362052756938804-2609110951-16,"IC 2201",2609111346,13,0
"Köln Hbf",-3185038341433261764-2609111346-1,"IC 2200",2609111346,1,0
"Köln Hbf",-8471873024121272354-2609110926-12,"ICE 519",2609111346,50,0
"Düsseldorf Hbf",-1360629902197387952-2609111350-1,"ICE 941",2609111350,3,0
"Köln Hbf",6492627968416470339-2609111221-7,"ICE 229",2609111352,1,1
"Köln Hbf",9011011619156863439-2609110928-7,"ICE 610",2609111405,9,0
"Köln Hbf",338204297594764006-2609110827-10,"ICE 926",2609111406,75,1
"Düsseldorf Hbf",-3185038341433261764-2609111346-2,"IC 2200",2609111408,2,0
"Düsseldorf Hbf",7024771559125615258-2609110947-10,"ICE 942",2609111408,37,0
"Köln Hbf",5900362052756938804-2609110951-17,"IC 2201",2609111414,11,0
"Köln Hbf",4815612638303090443-2609111225-5,"ICE 315",2609111415,8,0
"Düsseldorf Hbf",-758807154932475400-2609111419-1,"ICE 721",2609111419,2,0
"Düsseldorf Hbf",6610086332469437335-2609111026-11,"ICE 109",2609111422,3,0
"Köln Hbf",2625224039751841654-2609110947-9,"ICE 952",2609111422,78,0
"Köln Hbf",4846835449118805747-2609111429-1,"ICE 1519",2609111429,2,0
"Düsseldorf Hbf",338204297594764006-2609110827-11,"ICE 926",2609111432,74,1
"Düsseldorf Hbf",-7906017824379584014-2609110946-9,"ICE 722",2609111436,0,0
"Köln Hbf",-8784598530479710827-2609111438-1,"ICE 310",2609111438,0,0
"Köln Hbf",-5676785138972199399-2609111334-4,"ICE 124",2609111443,2,0
"Köln Hbf",-6270903731699972278-2609111444-1,"ICE 651",2609111444,0,0
"Düsseldorf Hbf",-9018982874238179365-2609111233-7,"ICE 125",2609111445,7,0
"Köln Hbf",-5299413353021537464-2609110722-21,"IC 2046",2609111445,36,0
"Düsseldorf Hbf",7188954872564278301-2609111448-1,"ICE 641",2609111448,15,1
"Düsseldorf Hbf",-553863566957669250-2609110730-17,"ICE 1033",2609111450,6,0
"Köln Hbf",6610086332469437335-2609111026-12,"ICE 109",2609111450,4,0
"Düsseldorf Hbf",7844358081895785158-2609111019-9,"ICE 918",2609111453,8,0
"Düsseldorf Hbf",8564432605510706771-2609111353-5,"ICE 1011",2609111501,1,0
"Köln Hbf",7702481692019596064-2609110838-12,"ICE 108",2609111505,3,0
"Köln Hbf",999348998582534522-2609111224-6,"IC 2045",2609111506,57,0
"Düsseldorf Hbf",-5676785138972199399-2609111334-5,"ICE 124",2609111510,5,0
"Düsseldorf Hbf",8642793912640631890-2609111047-11,"ICE 640",2609111511,58,0
"Köln Hbf",-9018982874238179365-2609111233-8,"ICE 125",2609111513,2,0
"Köln Hbf",-7022498938457192021-2609111052-8,"ICE 650",2609111515,74,0
"Düsseldorf Hbf",5311537321398817844-2609111520-1,"ICE 723",2609111520,1,0
"Köln Hbf",-553863566957669250-2609110730-18,"ICE 1033",2609111520,0,0
"Düsseldorf Hbf",-1497213994658544450-2609111154-6,"ICE 927",2609111522,8,0
"Düsseldorf Hbf",7702481692019596064-2609110838-13,"ICE 108",2609111532,3,0
"Köln Hbf",4945186918802353023-2609111411-6,"ICE 1516",2609111533,1,0
"Köln Hbf",-107298036587741504-2609111535-1,"ICE 953",2609111535,13,0
"Düsseldorf Hbf",6519626148103819066-2609111045-9,"ICE 720",2609111536,2,0
"Köln Hbf",2218943744552257469-2609111434-3,"ICE 14",2609111539,9,0
"Düsseldorf Hbf",-257816953041096365-2609111136-16,"IC 2203",2609111546,9,0
"Köln Hbf",8187582116097718743-2609111546-1,"IC 2008",2609111546,5,0
"Köln Hbf",5653087570567167872-2609111126-12,"ICE 611",2609111546,33,0
"Düsseldorf Hbf",6378881227509878523-2609111550-1,"ICE 943",2609111550,3,0
"Köln Hbf",-1497213994658544450-2609111154-7,"ICE 927",2609111551,6,0
"Köln Hbf",-6452407069337976676-2609111128-7,"ICE 518",2609111605,7,0
"Köln Hbf",7010757467826963006-2609111132-9,"ICE 228",2609111606,30,0
"Köln Hbf",-8732834586368903752-2609111607-1,"ICE 1520",2609111607,2,0
"Düsseldorf Hbf",8187582116097718743-2609111546-2,"IC 2008",2609111608,13,0
"Düsseldorf Hbf",-3330605035074967330-2609111147-10,"ICE 940",2609111608,49,0
"Köln Hbf",-257816953041096365-2609111136-17,"IC 2203",2609111614,9,0
"Köln Hbf",-482221124538025922-2609111425-5,"ICE 17",2609111615,11,0
"Düsseldorf Hbf",6556040714554725251-2609111619-1,"ICE 725",2609111619,9,0
"Köln Hbf",375201943151232777-2609111147-9,"ICE 950",2609111621,49,0
"Düsseldorf Hbf",-762086226758254325-2609111226-11,"ICE 201",2609111622,7,0
"Köln Hbf",-6579606754577220741-2609111501-5,"ICE 1716",2609111625,0,0
"Düsseldorf Hbf",-8732834586368903752-2609111607-2,"ICE 1520",2609111627,5,0
"Köln Hbf",5058768902280124693-2609111629-1,"ICE 1611",2609111629,2,0
"Düsseldorf Hbf",7010757467826963006-2609111132-10,"ICE 228",2609111632,35,0
"Düsseldorf Hbf",8429649765325465614-2609111145-9,"ICE 628",2609111640,0,0
"Köln Hbf",4524910290568704513-2609111534-4,"ICE 122",2609111643,7,0
"Köln Hbf",-157208555968192668-2609111644-1,"ICE 653",2609111644,0,0
"Düsseldorf Hbf",5612128767266048221-2609111433-7,"ICE 127",2609111645,16,0
"Köln Hbf",-5036776284380011862-2609110922-21,"IC 2048",2609111645,69,0
"Düsseldorf Hbf",-5511541014003594580-2609111648-1,"ICE 643",2609111648,2,0
"Düsseldorf Hbf",6330890959881575446-2609110953-14,"ICE 2311",2609111650,63,0
"Köln Hbf",-762086226758254325-2609111226-12,"ICE 201",2609111650,7,0
"Düsseldorf Hbf",-1838827148333657754-2609111220-9,"ICE 916",2609111653,0,0
"Düsseldorf Hbf",2333246513660073790-2609111553-5,"ICE 1013",2609111703,8,0
"Köln Hbf",-8705107722613527627-2609111059-15,"ICE 106",2609111705,1,0
"Köln Hbf",-7566186731885125077-2609111305-8,"ICE 2012",2609111706,7,0
"Düsseldorf Hbf",4524910290568704513-2609111534-5,"ICE 122",2609111710,16,0
"Köln Hbf",-893148775004719136-2609111711-1,"IC 2043",2609111711,0,0
"Düsseldorf Hbf",-8713208741749436113-2609111247-11,"ICE 548",2609111712,21,0
"Köln Hbf",5612128767266048221-2609111433-8,"ICE 127",2609111713,39,0
"Köln Hbf",-2894975550766125611-2609111252-8,"ICE 558",2609111715,43,0
"Köln Hbf",6330890959881575446-2609110953-15,"ICE 2311",2609111719,73,0
"Düsseldorf Hbf",6757774550243091278-2609111720-1,"ICE 727",2609111720,8,0
"Düsseldorf Hbf",-2924322226173910183-2609111703-3,"ICE 929",2609111724,45,0
"Köln Hbf",-1057492321374091038-2609111731-1,"ICE 713",2609111731,0,0
"Düsseldorf Hbf",-8705107722613527627-2609111059-16,"ICE 106",2609111732,1,0
"Köln Hbf",-8631361224774257822-2609111611-6,"ICE 1514",2609111733,20,0
"Köln Hbf",-4550645364654346112-2609111735-1,"ICE 955",2609111735,3,0
"Düsseldorf Hbf",5042424630356113204-2609111245-8,"ICE 626",2609111738,2,0
"Köln Hbf",3763871362376381297-2609111634-3,"ICE 12",2609111740,1,0
"Düsseldorf Hbf",-7566186731885125077-2609111305-9,"ICE 2012",2609111742,3,0
"Düsseldorf Hbf",-2882197430592295029-2609111351-16,"IC 2205",2609111746,16,0
"Köln Hbf",-3282400354544978678-2609111746-1,"IC 2006",2609111746,0,0
"Köln Hbf",-2910589038648014094-2609111326-12,"ICE 613",2609111746,35,0
"Düsseldorf Hbf",-8275737537227179086-2609111750-1,"ICE 945",2609111750,0,0
"Köln Hbf",-2924322226173910183-2609111703-4,"ICE 929",2609111750,44,0
"Köln Hbf",6954924236955692259-2609111328-7,"ICE 516",2609111805,9,0
"Köln Hbf",944231164744023574-2609111332-9,"ICE 28",2609111806,26,0
"Düsseldorf Hbf",-3282400354544978678-2609111746-2,"IC 2006",2609111808,4,0
"Düsseldorf Hbf",3702662415087684826-2609111347-10,"ICE 848",2609111808,63,0
"Köln Hbf",6423634419829337550-2609111434-11,"ICE 710",2609111808,54,0
"Köln Hbf",-2882197430592295029-2609111351-17,"IC 2205",2609111814,15,0
"Köln Hbf",4992819178731237054-2609111622-5,"ICE 317",2609111815,4,0
"Düsseldorf Hbf",-3019965818182152821-2609111821-1,"ICE 729",2609111821,4,0
"Düsseldorf Hbf",-7956047615718350819-2609111426-11,"ICE 203",2609111822,17,0
"Köln Hbf",-1900115166859559092-2609111347-9,"ICE 858",2609111822,51,0
"Düsseldorf Hbf",1459720362045900384-2609111235-10,"ICE 216",2609111824,25,1
"Köln Hbf",-7955422278217659578-2609111703-5,"ICE 1714",2609111825,13,0
"Köln Hbf",1407594009417555306-2609111829-1,"ICE 1613",2609111829,26,0
"Düsseldorf Hbf",944231164744023574-2609111332-10,"ICE 28",2609111832,28,0
"Düsseldorf Hbf",-4521437519262178170-2609111345-9,"ICE 624",2609111836,14,0
"Köln Hbf",-6750794421454638985-2609111420-9,"ICE 224",2609111843,9,0
"Köln Hbf",9016403526930832374-2609111844-1,"ICE 655",2609111844,4,0
"Düsseldorf Hbf",-2599950570116389517-2609111633-7,"ICE 129",2609111845,7,0
"Köln Hbf",-4140470391187734614-2609111122-21,"IC 2440",2609111845,13,0
"Düsseldorf Hbf",4447890004106418758-2609111848-1,"ICE 645",2609111848,2,0
"Düsseldorf Hbf",7867558493628354270-2609111115-18,"ICE 1037",2609111850,27,0
"Köln Hbf",-7956047615718350819-2609111426-12,"ICE 203",2609111850,13,0
"Düsseldorf Hbf",-6727683722954373951-2609111754-5,"ICE 1015",2609111901,0,0
"Köln Hbf",-4758242349678413284-2609111238-12,"ICE 104",2609111905,11,0
"Köln Hbf",3024320540544332138-2609111624-6,"IC 2041",2609111906,4,0
"Düsseldorf Hbf",3141971505559871903-2609111447-10,"ICE 546",2609111908,15,0
"Düsseldorf Hbf",-6750794421454638985-2609111420-10,"ICE 224",2609111910,19,0
"Köln Hbf",-2599950570116389517-2609111633-8,"ICE 129",2609111913,9,0
"Köln Hbf",8430642524571604487-2609111452-8,"ICE 556",2609111915,44,0
"Düsseldorf Hbf",-3738461847412237185-2609111918-1,"ICE 821",2609111918,1,0
"Köln Hbf",7867558493628354270-2609111115-19,"ICE 1037",2609111920,27,0
"Düsseldorf Hbf",2312296716933966404-2609111554-4,"ICE 1021",2609111921,24,0
"Düsseldorf Hbf",-4055232889596422409-2609110803-28,"ICE 118",2609111924,1,0
"Düsseldorf Hbf",-4758242349678413284-2609111238-13,"ICE 104",2609111932,11,0
"Köln Hbf",-4997552987396627422-2609111811-6,"ICE 1512",2609111933,3,0
"Düsseldorf Hbf",-2142784246140329213-2609111445-8,"ICE 622",2609111936,0,0
"Köln Hbf",3141971505559871903-2609111447-11,"ICE 546",2609111936,16,0
"Köln Hbf",-2451771813568964797-2609111936-1,"ICE 957",2609111936,0,0
"Köln Hbf",-8942408890709913676-2609111833-3,"ICE 10",2609111940,4,0
"Düsseldorf Hbf",1492120664389609114-2609111604-14,"IC 2207",2609111946,43,0
"Köln Hbf",-5425302918995479956-2609111526-12,"ICE 615",2609111946,36,0
"Düsseldorf Hbf",3778695356863398992-2609111950-1,"ICE 947",2609111950,4,0
"Köln Hbf",2312296716933966404-2609111554-5,"ICE 1021",2609111950,20,0
"Köln Hbf",-5040855886902453859-2609111528-7,"ICE 514",2609112005,6,0
"Köln Hbf",-8926157399752465663-2609111532-9,"ICE 26",2609112006,2,0
"Düsseldorf Hbf",798259414142998527-2609112009-1,"ICE 823",2609112009,12,0
"Düsseldorf Hbf",-9003107645534276753-2609111547-9,"ICE 846",2609112013,38,0
"Köln Hbf",1492120664389609114-2609111604-15,"IC 2207",2609112014,54,0
"Köln Hbf",4341219805487381340-2609111825-5,"ICE 19",2609112015,13,0
"Düsseldorf Hbf",-6235789055676348186-2609111626-11,"ICE 205",2609112022,30,0
"Köln Hbf",-819597198211929243-2609111547-9,"ICE 856",2609112022,37,0
"Düsseldorf Hbf",-8926157399752465663-2609111532-10,"ICE 26",2609112032,4,0
"Düsseldorf Hbf",-1188267942167451229-2609111545-9,"ICE 620",2609112037,13,0
"Köln Hbf",2576231255055476975-2609111934-4,"ICE 120",2609112043,6,0
"Düsseldorf Hbf",-7056878515633598205-2609111833-7,"ICE 221",2609112045,10,0
"Köln Hbf",-7949491460536242261-2609111322-21,"IC 2442",2609112045,41,0
"Köln Hbf",5646922477923288654-2609112045-1,"ICE 657",2609112045,5,0
"Köln Hbf",-6235789055676348186-2609111626-12,"ICE 205",2609112050,27,0
"Düsseldorf Hbf",-977669644680017628-2609111620-9,"ICE 912",2609112053,3,0
"Düsseldorf Hbf",8262134096716058006-2609111353-14,"ICE 2215",2609112059,24,0
"Köln Hbf",-7971996062035411059-2609111438-12,"ICE 102",2609112105,12,0
"Köln Hbf",-1797131029278033890-2609111824-6,"IC 2349",2609112106,22,0
"Düsseldorf Hbf",2576231255055476975-2609111934-5,"ICE 120",2609112110,8,0
"Düsseldorf Hbf",-5885856201096992744-2609111647-10,"ICE 544",2609112112,64,0
"Köln Hbf",-7056878515633598205-2609111833-8,"ICE 221",2609112113,12,0
"Köln Hbf",6625519329407624873-2609111652-8,"ICE 554",2609112114,93,0
"Köln Hbf",8388183103841403836-2609111516-14,"ICE 1544",2609112119,36,0
"Düsseldorf Hbf",6194893901306646476-2609111726-11,"ICE 617",2609112121,32,0
"Köln Hbf",5268242451257549226-2609111901-6,"ICE 313",2609112124,1,0
"Köln Hbf",8262134096716058006-2609111353-15,"ICE 2215",2609112131,26,0
"Köln Hbf",1555483896112278137-2609112014-6,"ICE 318",2609112139,9,0
"Köln Hbf",-5885856201096992744-2609111647-11,"ICE 544",2609112140,60,0
"Düsseldorf Hbf",-743390444667924643-2609111757-16,"IC 2209",2609112146,14,0
"Köln Hbf",6194893901306646476-2609111726-12,"ICE 617",2609112148,28,0
"Köln Hbf",7537395545451740415-2609111731-7,"ICE 512",2609112205,3,0
"Köln Hbf",1123272061820542344-2609111732-9,"ICE 24",2609112206,1,0
"Düsseldorf Hbf",-4080761801504144103-2609111747-10,"ICE 844",2609112208,17,0
"Köln Hbf",-743390444667924643-2609111757-17,"IC 2209",2609112214,12,0
"Köln Hbf",-8088851598754426904-2609112022-4,"ICE 319",2609112215,5,0
"Köln Hbf",4711383125555203513-2609111747-9,"ICE 854",2609112222,50,0
"Köln Hbf",6195485783263057734-2609111819-8,"ICE 910",2609112230,5,0
"Düsseldorf Hbf",1123272061820542344-2609111732-10,"ICE 24",2609112232,18,1
"Köln Hbf",-4080761801504144103-2609111747-11,"ICE 844",2609112234,13,0
"Köln Hbf",4804116960335233530-2609111522-21,"IC 2444",2609112245,34,0
"Köln Hbf",6810614476303646777-2609111826-11,"ICE 207",2609112258,20,0
"Köln Hbf",-3578772766631177771-2609112024-7,"IC 2347",2609112306,39,0
"Köln Hbf",4005400229928334385-2609111659-16,"ICE 100",2609112310,2,0
"Köln Hbf",2579078581490934825-2609111852-8,"ICE 552",2609112315,50,0
"Düsseldorf Hbf",-1854738006003716349-2609111847-9,"ICE 542",2609112326,37,0
"Köln Hbf",5987880351959364904-2609112327-1,"ICE 1541",2609112327,23,0
"Köln Hbf",-6524998557445987060-2609111844-11,"ICE 524",2609112339,3,0
"Köln Hbf",-1854738006003716349-2609111847-10,"ICE 542",2609112352,33,0
"Düsseldorf Hbf",5987880351959364904-2609112327-2,"ICE 1541",2609112355,41,0
"Köln Hbf",3337083331722830688-2609111932-7,"ICE 22",2609120006,1,0
"Köln Hbf",5926473462606976417-2609111926-11,"ICE 619",2609120006,27,0
"Köln Hbf",8322424274180843926-2609111928-8,"ICE 510",2609120010,1,0
"Köln Hbf",-111241669532597234-2609111934-9,"ICE 852",2609120021,32,0
"Köln Hbf",-4383803236760390820-2609111945-12,"ICE 522",2609120031,14,0
"Köln Hbf",-4737482986446738332-2609111934-9,"ICE 842",2609120033,45,0
"Düsseldorf Hbf",-4463983841688751065-2609112026-11,"ICE 209",2609120047,1,0
"Köln Hbf",-4463983841688751065-2609112026-12,"ICE 209",2609120128,-5,0
"Köln Hbf",8503777394879306018-2609112324-2,"ICE 920",2609120205,16,0
"Düsseldorf Hbf",1262455023520421500-2609112054-14,"ICE 550",2609120206,25,0
"Düsseldorf Hbf",8503777394879306018-2609112324-3,"ICE 920",2609120231,17,0
"Köln Hbf",1262455023520421500-2609112054-15,"ICE 550",2609120239,30,0
"Düsseldorf Hbf",2774174590951633862-2609112225-10,"ICE 921",2609120247,1,0
"Köln Hbf",7130605216857004791-2609120321-1,"ICE 827",2609120321,0,0
"Köln Hbf",-1822966271854478829-2609120335-1,"ICE 1028",2609120335,5,0
"Düsseldorf Hbf",-1822966271854478829-2609120335-3,"ICE 1028",2609120407,9,0
"Köln Hbf",8652078400714170233-2609120425-1,"ICE 541",2609120425,0,0
"Köln Hbf",-7455087584675999219-2609120428-1,"ICE 521",2609120428,0,0
"Düsseldorf Hbf",8652078400714170233-2609120425-2,"ICE 541",2609120447,4,0
"Düsseldorf Hbf",-881594861635697900-2609120339-3,"ICE 523",2609120454,-5,0
"Köln Hbf",-1981361635087318141-2609120511-1,"IC 2445",2609120511,3,0
"Köln Hbf",1179810196779242077-2609120511-1,"ICE 208",2609120511,0,0
"Köln Hbf",-784036643221120658-2609120514-1,"ICE 2214",2609120514,3,0
"Köln Hbf",-397321280238564306-2609120525-1,"ICE 911",2609120525,34,0
"Köln Hbf",-5962154382149198734-2609120526-1,"ICE 843",2609120526,0,0
"Düsseldorf Hbf",1179810196779242077-2609120511-2,"ICE 208",2609120532,1,0
"Köln Hbf",-486178897212069438-2609120534-1,"ICE 853",2609120534,2,0
"Köln Hbf",-881594861635697900-2609120339-4,"ICE 523",2609120536,5,0
"Düsseldorf Hbf",-784036643221120658-2609120514-2,"ICE 2214",2609120537,3,0
"Köln Hbf",-3745426514835261167-2609120541-1,"IC 2208",2609120541,0,0
"Köln Hbf",4230433869735770140-2609120548-1,"ICE 511",2609120548,2,0
"Düsseldorf Hbf",-5962154382149198734-2609120526-2,"ICE 843",2609120549,0,0
"Köln Hbf",3596733780499351643-2609120408-4,"ICE 23",2609120549,1,0
"Düsseldorf Hbf",707692460492138158-2609120009-14,"ICE 1540",2609120554,8,0
"Düsseldorf Hbf",-3745426514835261167-2609120541-2,"IC 2208",2609120604,1,0
"Köln Hbf",2686007473625185344-2609120001-12,"ICE 618",2609120604,33,0
"Köln Hbf",-7723883505152961116-2609120611-1,"ICE 312",2609120611,0,0
"Düsseldorf Hbf",4753870957390372842-2609112159-10,"IC 60402",2609120618,27,0
"Düsseldorf Hbf",-7586352224211082006-2609120514-4,"ICE 525",2609120618,1,0
"Düsseldorf Hbf",8735574551800398555-2609120524-5,"ICE 101",2609120622,1,0
"Köln Hbf",-4310203737838801908-2609120625-1,"ICE 543",2609120625,5,0
"Düsseldorf Hbf",2686007473625185344-2609120001-13,"ICE 618",2609120632,36,0
"Köln Hbf",707692460492138158-2609120009-15,"ICE 1540",2609120632,11,0
"Köln Hbf",-7151271002257875909-2609120502-6,"IC 2348",2609120645,45,0
"Köln Hbf",-8806275556870827116-2609120645-1,"ICE 553",2609120645,0,0
"Düsseldorf Hbf",-4310203737838801908-2609120625-2,"ICE 543",2609120647,5,0
"Köln Hbf",8886211019858254549-2609120649-1,"ICE 222",2609120649,0,0
"Köln Hbf",8735574551800398555-2609120524-6,"ICE 101",2609120650,1,0
"Düsseldorf Hbf",-6165068286223376269-2609120554-5,"ICE 913",2609120702,0,0
"Köln Hbf",-2103315967753215489-2609120609-3,"IC 2443",2609120706,4,0
"Düsseldorf Hbf",8886211019858254549-2609120649-2,"ICE 222",2609120710,3,0
"Köln Hbf",6135728412348303878-2609120711-1,"ICE 206",2609120711,0,0
"Düsseldorf Hbf",-853844594697067860-2609120615-4,"ICE 527",2609120718,13,0
"Düsseldorf Hbf",542680258128049209-2609120621-6,"ICE 25",2609120724,11,0
"Köln Hbf",5312563495212518167-2609120726-1,"ICE 845",2609120726,0,0
"Düsseldorf Hbf",6135728412348303878-2609120711-2,"ICE 206",2609120732,1,0
"Köln Hbf",-7772981549573087469-2609120733-1,"ICE 1713",2609120733,0,0
"Köln Hbf",7280780786399683236-2609120735-1,"ICE 855",2609120735,1,0
"Düsseldorf Hbf",8378187760869811763-2609120541-8,"ICE 826",2609120737,0,0
"Köln Hbf",4021377973164879687-2609120634-3,"ICE 18",2609120740,2,0
"Köln Hbf",2082653246441066227-2609120740-1,"ICE 2310",2609120740,1,0
"Köln Hbf",-1316725331766652964-2609120603-6,"ICE 513",2609120745,60,0
"Köln Hbf",-8638855930583862299-2609120746-1,"IC 2206",2609120746,0,0
"Düsseldorf Hbf",5312563495212518167-2609120726-2,"ICE 845",2609120749,1,0
"Köln Hbf",542680258128049209-2609120621-7,"ICE 25",2609120750,11,0
"Köln Hbf",-8185131505847408296-2609120801-1,"IC 2306",2609120801,0,0
"Köln Hbf",937531600424895578-2609120549-4,"ICE 616",2609120805,1,0
"Düsseldorf Hbf",2082653246441066227-2609120740-2,"ICE 2310",2609120807,2,0
"Düsseldorf Hbf",-8638855930583862299-2609120746-2,"IC 2206",2609120810,2,0
"Köln Hbf",-683349446891373235-2609120623-5,"ICE 11",2609120816,15,0
"Düsseldorf Hbf",7320863906691937525-2609120719-4,"ICE 529",2609120818,5,0
"Düsseldorf Hbf",8518232099080018263-2609120426-11,"ICE 103",2609120822,7,0
"Köln Hbf",-1489252697791169587-2609120825-1,"ICE 545",2609120825,2,0
"Düsseldorf Hbf",-8185131505847408296-2609120801-2,"IC 2306",2609120826,1,0
"Düsseldorf Hbf",8056505330798593907-2609120706-6,"ICE 119",2609120831,2,0
"Düsseldorf Hbf",1795377954048554987-2609120708-5,"ICE 824",2609120840,21,1
"Köln Hbf",-3687533052908579649-2609120734-4,"ICE 220",2609120843,5,0
"Köln Hbf",-5067205027928923412-2609120844-1,"ICE 555",2609120844,4,0
"Düsseldorf Hbf",1800994547680145354-2609120638-7,"ICE 121",2609120845,1,0
"Köln Hbf",-3987770513815330460-2609120539-12,"IC 2040",2609120845,11,0
"Köln Hbf",6675332026866779665-2609120845-1,"ICE 1036",2609120845,1,0
"Düsseldorf Hbf",-1489252697791169587-2609120825-2,"ICE 545",2609120847,6,0
"Köln Hbf",8518232099080018263-2609120426-12,"ICE 103",2609120850,3,0
"Düsseldorf Hbf",-5947456125297650390-2609120420-8,"ICE 1014",2609120853,2,0
"Düsseldorf Hbf",400157404087783375-2609120753-5,"ICE 915",2609120902,2,0
"Köln Hbf",-3316077366275075692-2609120516-8,"ICE 204",2609120905,1,0
"Düsseldorf Hbf",6675332026866779665-2609120845-2,"ICE 1036",2609120906,5,0
"Köln Hbf",-6677242931208971931-2609120813-3,"IC 2441",2609120906,2,0
"Düsseldorf Hbf",-3687533052908579649-2609120734-5,"ICE 220",2609120910,7,0
"Düsseldorf Hbf",6972548221701888574-2609120418-15,"ICE 646",2609120912,24,0
"Köln Hbf",1800994547680145354-2609120638-8,"ICE 121",2609120913,0,0
"Düsseldorf Hbf",-2521696256132503788-2609120920-1,"ICE 621",2609120920,17,0
"Düsseldorf Hbf",-1790024725878292801-2609120820-6,"ICE 27",2609120924,10,0
"Köln Hbf",-8906112445839706377-2609120926-1,"ICE 847",2609120926,1,0
"Düsseldorf Hbf",-6888861751751692665-2609120817-6,"ICE 217",2609120928,2,0
"Düsseldorf Hbf",-3316077366275075692-2609120516-9,"ICE 204",2609120932,4,0
"Köln Hbf",8918082092638159592-2609120812-6,"ICE 1612",2609120932,2,0
"Köln Hbf",7127812590731908748-2609120935-1,"ICE 857",2609120935,2,0
"Düsseldorf Hbf",-6223962037244896084-2609120441-10,"ICE 822",2609120936,15,0
"Köln Hbf",-5717720788505540143-2609120833-3,"ICE 316",2609120939,6,0
"Düsseldorf Hbf",-6760724929342255350-2609120634-13,"IC 2007",2609120946,6,0
"Köln Hbf",-3482704518387342076-2609120946-1,"IC 2204",2609120946,1,0
"Köln Hbf",6512354943507599026-2609120526-12,"ICE 515",2609120946,5,0
"Düsseldorf Hbf",-8906112445839706377-2609120926-2,"ICE 847",2609120949,6,0
"Köln Hbf",-1790024725878292801-2609120820-7,"ICE 27",2609120952,7,0
"Köln Hbf",67517114520381301-2609120533-7,"ICE 614",2609121005,0,0
"Köln Hbf",4250821308365947570-2609120528-8,"ICE 1022",2609121006,28,0
"Düsseldorf Hbf",-3482704518387342076-2609120946-2,"IC 2204",2609121008,3,0
"Düsseldorf Hbf",-4782954664003624221-2609120526-12,"ICE 946",2609121008,14,0
"Köln Hbf",-6760724929342255350-2609120634-14,"IC 2007",2609121014,10,0
"Köln Hbf",7296668088221534520-2609120825-5,"ICE 13",2609121016,14,0
"Düsseldorf Hbf",7692347899239356115-2609121019-1,"ICE 623",2609121019,0,1
"Düsseldorf Hbf",-3500545049874534285-2609120626-11,"ICE 105",2609121022,3,0
"Köln Hbf",-6590078199824287896-2609120526-11,"ICE 956",2609121022,6,0
"Köln Hbf",309221757920376132-2609121029-1,"ICE 1515",2609121029,1,0
"Düsseldorf Hbf",4250821308365947570-2609120528-9,"ICE 1022",2609121035,28,0
"Düsseldorf Hbf",5509309536167095600-2609120544-10,"ICE 820",2609121040,-1,0
"Köln Hbf",-8155331480429548080-2609120934-4,"ICE 128",2609121043,5,0
"Köln Hbf",-8614664585551473503-2609121044-1,"ICE 557",2609121044,11,0
"Düsseldorf Hbf",467631948029280047-2609120831-7,"ICE 225",2609121045,22,0
"Köln Hbf",5248730939501738569-2609120602-15,"IC 2042",2609121045,21,0
"Düsseldorf Hbf",211585818996437737-2609121048-1,"ICE 547",2609121048,3,0
"Köln Hbf",-3500545049874534285-2609120626-12,"ICE 105",2609121050,1,0
"Düsseldorf Hbf",-6324333303227400345-2609120620-8,"ICE 1012",2609121053,0,0
"Köln Hbf",8125274319994745100-2609121053-1,"ICE 2013",2609121053,10,0
"Köln Hbf",-5484826633666848988-2609121059-1,"ICE 903",2609121059,2,0
"Köln Hbf",-508151058757607646-2609120716-9,"ICE 202",2609121105,3,0
"Köln Hbf",2031840069123671352-2609120736-8,"IC 2049",2609121106,25,0
"Düsseldorf Hbf",2417110662322496020-2609120647-10,"ICE 644",2609121109,8,0
"Düsseldorf Hbf",-8155331480429548080-2609120934-5,"ICE 128",2609121110,5,0
"Köln Hbf",467631948029280047-2609120831-8,"ICE 225",2609121114,15,1
"Köln Hbf",-2664747470423541798-2609120652-8,"ICE 654",2609121114,30,0
"Düsseldorf Hbf",-1863724056778564852-2609121117-1,"ICE 625",2609121117,2,0
"Düsseldorf Hbf",3450663025951470366-2609120602-9,"ICE 1521",2609121119,14,0
"Düsseldorf Hbf",3704713885565394549-2609121024-4,"ICE 29",2609121124,10,0
"Düsseldorf Hbf",-508151058757607646-2609120716-10,"ICE 202",2609121132,6,0
"Köln Hbf",98157840525274029-2609121011-6,"ICE 1610",2609121133,4,0
"Köln Hbf",-9221432942161771616-2609121135-1,"ICE 859",2609121135,2,0
"Düsseldorf Hbf",-7827307397706401371-2609120644-8,"ICE 728",2609121137,4,0
"Köln Hbf",-3207602294555876168-2609121034-3,"ICE 16",2609121139,10,0
"Köln Hbf",3450663025951470366-2609120602-10,"ICE 1521",2609121145,14,0
"Düsseldorf Hbf",6862846665566225825-2609120834-13,"IC 2009",2609121146,18,0
"Köln Hbf",-8775310893499181309-2609121146-1,"IC 2202",2609121146,5,0
"Köln Hbf",-4602427783665327588-2609120726-12,"ICE 517",2609121146,13,0
"Düsseldorf Hbf",-3935110464616838577-2609121150-1,"ICE 849",2609121150,1,0
"Köln Hbf",3704713885565394549-2609121024-5,"ICE 29",2609121150,9,0
"Köln Hbf",-8386336934533711188-2609120728-9,"ICE 1020",2609121205,32,0
"Köln Hbf",-7184453857839759572-2609120728-7,"ICE 612",2609121205,3,0
"Düsseldorf Hbf",-8775310893499181309-2609121146-2,"IC 2202",2609121208,15,0
"Düsseldorf Hbf",789381465621699355-2609120747-10,"ICE 944",2609121208,29,0
"Köln Hbf",4555217987378332456-2609120713-11,"ICE 1548",2609121209,-1,0
"Köln Hbf",6862846665566225825-2609120834-14,"IC 2009",2609121214,16,0
"Köln Hbf",-6382331557337532208-2609121025-5,"ICE 15",2609121215,14,0
"Düsseldorf Hbf",-7766800689315712550-2609121219-1,"ICE 627",2609121219,1,0
"Düsseldorf Hbf",-5703640496454004355-2609120825-11,"ICE 107",2609121222,14,0
"Köln Hbf",5065395714490050726-2609120747-9,"ICE 954",2609121222,3,0
"Köln Hbf",-8376398398323607088-2609121229-1,"ICE 1517",2609121229,0,0
"Düsseldorf Hbf",-8386336934533711188-2609120728-10,"ICE 1020",2609121230,35,0
"Düsseldorf Hbf",5394868531176279031-2609120742-9,"ICE 726",2609121240,6,0
"Köln Hbf",-4712053304823003938-2609121134-4,"ICE 126",2609121243,3,0
"Köln Hbf",5886092952094503689-2609121244-1,"ICE 559",2609121244,5,0
"Düsseldorf Hbf",1869793107893408377-2609121031-7,"ICE 123",2609121245,8,0
"Köln Hbf",-6199411325888200524-2609120640-18,"IC 2044",2609121245,16,0
"Köln Hbf",607281138257369836-2609121245-1,"ICE 1032",2609121245,0,0
"Düsseldorf Hbf",-5225265888807154878-2609121248-1,"ICE 549",2609121248,1,0
"Köln Hbf",-5703640496454004355-2609120825-12,"ICE 107",2609121250,10,0
"Düsseldorf Hbf",-1202781486977583710-2609120819-8,"ICE 1010",2609121253,0,0
"Düsseldorf Hbf",-5763151150910106247-2609121155-5,"ICE 919",2609121302,7,0
"Köln Hbf",5555371111259384160-2609120759-9,"ICE 200",2609121305,4,0
"Düsseldorf Hbf",607281138257369836-2609121245-2,"ICE 1032",2609121306,3,0
"Köln Hbf",-1660175693055885317-2609120936-8,"IC 2047",2609121306,14,0
"Düsseldorf Hbf",-4712053304823003938-2609121134-5,"ICE 126",2609121310,9,0
"Düsseldorf Hbf",-3811000113167125819-2609120847-11,"ICE 642",2609121311,42,0
"Köln Hbf",1869793107893408377-2609121031-8,"ICE 123",2609121311,9,0
"Köln Hbf",7029715491133337413-2609120852-8,"ICE 652",2609121315,22,0
"Düsseldorf Hbf",2307301279586290347-2609121321-1,"ICE 629",2609121321,7,0
"Düsseldorf Hbf",6492627968416470339-2609121221-6,"ICE 229",2609121324,8,0
"Köln Hbf",-2157107938954049243-2609121101-6,"ICE 311",2609121324,3,0
"Düsseldorf Hbf",5555371111259384160-2609120759-10,"ICE 200",2609121332,4,0
"Köln Hbf",-7017661080292591369-2609121211-6,"ICE 1518",2609121333,6,0
"Köln Hbf",201535978532296242-2609121334-1,"ICE 1549",2609121334,0,0
"Köln Hbf",-4020550040361167307-2609121335-1,"ICE 951",2609121335,10,0
"Düsseldorf Hbf",-4676367904559688889-2609120845-8,"ICE 724",2609121337,2,0
"Köln Hbf",4216288988927907099-2609121234-3,"ICE 314",2609121339,12,0
"Düsseldorf Hbf",5900362052756938804-2609120951-16,"IC 2201",2609121346,11,0
"Köln Hbf",-3185038341433261764-2609121346-1,"IC 2200",2609121346,1,0
"Köln Hbf",-8471873024121272354-2609120926-12,"ICE 519",2609121346,10,0
"Köln Hbf",338204297594764006-2609120827-8,"ICE 926",2609121347,31,0
"Düsseldorf Hbf",-1360629902197387952-2609121350-1,"ICE 941",2609121350,10,0
"Köln Hbf",6492627968416470339-2609121221-7,"ICE 229",2609121352,7,0
"Köln Hbf",9011011619156863439-2609120928-7,"ICE 610",2609121405,4,0
"Düsseldorf Hbf",-3185038341433261764-2609121346-2,"IC 2200",2609121408,9,0
"Düsseldorf Hbf",7024771559125615258-2609120947-10,"ICE 942",2609121408,16,0
"Düsseldorf Hbf",338204297594764006-2609120827-9,"ICE 926",2609121413,35,0
"Köln Hbf",5900362052756938804-2609120951-17,"IC 2201",2609121414,10,0
"Köln Hbf",4815612638303090443-2609121225-5,"ICE 315",2609121415,7,0
"Düsseldorf Hbf",-758807154932475400-2609121419-1,"ICE 721",2609121419,0,0
"Düsseldorf Hbf",6610086332469437335-2609121026-11,"ICE 109",2609121422,11,0
"Köln Hbf",2625224039751841654-2609120947-9,"ICE 952",2609121422,9,0
"Köln Hbf",4846835449118805747-2609121429-1,"ICE 1519",2609121429,1,0
"Düsseldorf Hbf",-7906017824379584014-2609120946-9,"ICE 722",2609121436,2,0
"Köln Hbf",-8784598530479710827-2609121438-1,"ICE 310",2609121438,0,0
"Köln Hbf",-5676785138972199399-2609121334-4,"ICE 124",2609121443,1,0
"Köln Hbf",-6270903731699972278-2609121444-1,"ICE 651",2609121444,2,0
"Düsseldorf Hbf",-9018982874238179365-2609121233-7,"ICE 125",2609121445,8,0
"Köln Hbf",-5299413353021537464-2609120722-21,"IC 2046",2609121445,21,0
"Düsseldorf Hbf",7188954872564278301-2609121448-1,"ICE 641",2609121448,5,0
"Düsseldorf Hbf",-553863566957669250-2609120730-17,"ICE 1033",2609121450,16,0
"Köln Hbf",6610086332469437335-2609121026-12,"ICE 109",2609121450,6,0
"Düsseldorf Hbf",7844358081895785158-2609121019-8,"ICE 918",2609121453,28,0
"Düsseldorf Hbf",8564432605510706771-2609121353-4,"ICE 1011",2609121501,1,0
"Köln Hbf",7702481692019596064-2609120838-12,"ICE 108",2609121505,7,0
"Köln Hbf",7334323916340841763-2609121136-8,"IC 2045",2609121506,39,0
"Düsseldorf Hbf",-5676785138972199399-2609121334-5,"ICE 124",2609121510,5,0
"Düsseldorf Hbf",8642793912640631890-2609121047-11,"ICE 640",2609121511,20,0
"Köln Hbf",-9018982874238179365-2609121233-8,"ICE 125",2609121513,3,0
"Köln Hbf",-7022498938457192021-2609121052-8,"ICE 650",2609121515,11,0
"Düsseldorf Hbf",5311537321398817844-2609121520-1,"ICE 723",2609121520,0,0
"Köln Hbf",-553863566957669250-2609120730-18,"ICE 1033",2609121520,13,0
"Düsseldorf Hbf",-1497213994658544450-2609121154-6,"ICE 927",2609121522,17,0
"Düsseldorf Hbf",7702481692019596064-2609120838-13,"ICE 108",2609121532,10,0
"Köln Hbf",4945186918802353023-2609121411-6,"ICE 1516",2609121533,3,0
"Köln Hbf",-107298036587741504-2609121535-1,"ICE 953",2609121535,11,0
"Düsseldorf Hbf",6519626148103819066-2609121045-9,"ICE 720",2609121536,9,0
"Köln Hbf",2218943744552257469-2609121434-3,"ICE 14",2609121539,8,0
"Düsseldorf Hbf",-257816953041096365-2609121136-16,"IC 2203",2609121546,13,0
"Köln Hbf",8187582116097718743-2609121546-1,"IC 2008",2609121546,1,0
"Köln Hbf",5653087570567167872-2609121126-12,"ICE 611",2609121546,21,0
"Düsseldorf Hbf",6378881227509878523-2609121550-1,"ICE 943",2609121550,1,0
"Köln Hbf",-1497213994658544450-2609121154-7,"ICE 927",2609121551,14,0
"Köln Hbf",-6452407069337976676-2609121128-7,"ICE 518",2609121605,4,0
"Köln Hbf",7010757467826963006-2609121132-7,"ICE 228",2609121606,0,0
"Düsseldorf Hbf",8187582116097718743-2609121546-2,"IC 2008",2609121608,61,0
"Düsseldorf Hbf",-3330605035074967330-2609121147-10,"ICE 940",2609121608,27,0
"Köln Hbf",-257816953041096365-2609121136-17,"IC 2203",2609121614,14,0
"Köln Hbf",-482221124538025922-2609121425-5,"ICE 17",2609121615,9,0
"Düsseldorf Hbf",6556040714554725251-2609121619-1,"ICE 725",2609121619,0,0
"Köln Hbf",375201943151232777-2609121147-9,"ICE 950",2609121621,25,0
"Düsseldorf Hbf",-762086226758254325-2609121226-11,"ICE 201",2609121622,7,0
"Köln Hbf",5058768902280124693-2609121629-1,"ICE 1611",2609121629,2,0
"Düsseldorf Hbf",7010757467826963006-2609121132-8,"ICE 228",2609121632,11,0
"Düsseldorf Hbf",8429649765325465614-2609121145-9,"ICE 628",2609121640,20,0
"Köln Hbf",4524910290568704513-2609121534-4,"ICE 122",2609121643,2,0
"Köln Hbf",-157208555968192668-2609121644-1,"ICE 653",2609121644,3,0
"Düsseldorf Hbf",5612128767266048221-2609121433-7,"ICE 127",2609121645,9,0
"Köln Hbf",-5036776284380011862-2609120922-21,"IC 2048",2609121645,9,0
"Düsseldorf Hbf",-5511541014003594580-2609121648-1,"ICE 643",2609121648,2,0
"Düsseldorf Hbf",6330890959881575446-2609120953-14,"ICE 2311",2609121650,38,1
"Köln Hbf",-762086226758254325-2609121226-12,"ICE 201",2609121650,9,0
"Düsseldorf Hbf",-1838827148333657754-2609121220-8,"ICE 916",2609121653,15,0
"Düsseldorf Hbf",-3817868649342238371-2609121326-8,"IC 2305",2609121659,8,0
"Düsseldorf Hbf",2333246513660073790-2609121553-5,"ICE 1013",2609121703,2,0
"Köln Hbf",-8705107722613527627-2609121059-15,"ICE 106",2609121705,0,0
"Köln Hbf",-7566186731885125077-2609121305-8,"ICE 2012",2609121706,94,0
"Düsseldorf Hbf",4524910290568704513-2609121534-5,"ICE 122",2609121710,25,0
"Köln Hbf",-893148775004719136-2609121711-1,"IC 2043",2609121711,0,0
"Düsseldorf Hbf",-8713208741749436113-2609121247-11,"ICE 548",2609121712,28,0
"Köln Hbf",5612128767266048221-2609121433-8,"ICE 127",2609121713,12,0
"Köln Hbf",-2894975550766125611-2609121252-8,"ICE 558",2609121715,67,0
"Köln Hbf",6330890959881575446-2609120953-15,"ICE 2311",2609121719,32,1
"Düsseldorf Hbf",6757774550243091278-2609121720-1,"ICE 727",2609121720,2,0
"Düsseldorf Hbf",-2924322226173910183-2609121703-3,"ICE 929",2609121724,20,0
"Düsseldorf Hbf",-8705107722613527627-2609121059-16,"ICE 106",2609121732,9,0
"Köln Hbf",-3817868649342238371-2609121326-9,"IC 2305",2609121733,4,0
"Köln Hbf",-8631361224774257822-2609121611-6,"ICE 1514",2609121733,2,0
"Köln Hbf",-4550645364654346112-2609121735-1,"ICE 955",2609121735,10,0
"Düsseldorf Hbf",5042424630356113204-2609121245-8,"ICE 626",2609121738,8,0
"Köln Hbf",3763871362376381297-2609121634-3,"ICE 12",2609121740,4,0
"Düsseldorf Hbf",-7566186731885125077-2609121305-9,"ICE 2012",2609121742,87,0
"Düsseldorf Hbf",-2882197430592295029-2609121351-16,"IC 2205",2609121746,13,0
"Köln Hbf",-2910589038648014094-2609121326-12,"ICE 613",2609121746,16,0
"Düsseldorf Hbf",-8275737537227179086-2609121750-1,"ICE 945",2609121750,4,0
"Köln Hbf",-2924322226173910183-2609121703-4,"ICE 929",2609121750,21,0
"Köln Hbf",6954924236955692259-2609121328-7,"ICE 516",2609121805,0,0
"Köln Hbf",944231164744023574-2609121332-7,"ICE 28",2609121806,4,0
"Düsseldorf Hbf",3702662415087684826-2609121347-10,"ICE 848",2609121808,26,0
"Köln Hbf",-2882197430592295029-2609121351-17,"IC 2205",2609121814,6,0
"Köln Hbf",4992819178731237054-2609121625-5,"ICE 317",2609121815,7,0
"Düsseldorf Hbf",-3019965818182152821-2609121821-1,"ICE 729",2609121821,0,0
"Düsseldorf Hbf",-7956047615718350819-2609121426-11,"ICE 203",2609121822,4,0
"Köln Hbf",-1900115166859559092-2609121347-9,"ICE 858",2609121822,25,0
"Düsseldorf Hbf",1459720362045900384-2609121235-10,"ICE 216",2609121824,0,0
"Köln Hbf",-7955422278217659578-2609121703-5,"ICE 1714",2609121825,1,0
"Köln Hbf",1407594009417555306-2609121829-1,"ICE 1613",2609121829,1,0
"Düsseldorf Hbf",944231164744023574-2609121332-8,"ICE 28",2609121832,6,0
"Düsseldorf Hbf",-4521437519262178170-2609121345-9,"ICE 624",2609121836,5,0
"Köln Hbf",-6750794421454638985-2609121420-8,"ICE 224",2609121843,7,0
"Köln Hbf",9016403526930832374-2609121844-1,"ICE 655",2609121844,19,0
"Düsseldorf Hbf",-2599950570116389517-2609121633-7,"ICE 129",2609121845,2,0
"Köln Hbf",-4140470391187734614-2609121122-21,"IC 2440",2609121845,10,0
"Düsseldorf Hbf",4447890004106418758-2609121848-1,"ICE 645",2609121848,2,0
"Düsseldorf Hbf",7867558493628354270-2609121115-18,"ICE 1037",2609121850,1,0
"Köln Hbf",-7956047615718350819-2609121426-12,"ICE 203",2609121850,2,0
"Düsseldorf Hbf",-6727683722954373951-2609121754-5,"ICE 1015",2609121901,1,0
"Köln Hbf",-4758242349678413284-2609121238-12,"ICE 104",2609121905,2,0
"Köln Hbf",1882285132009244751-2609121552-8,"IC 2041",2609121906,18,0
"Düsseldorf Hbf",3141971505559871903-2609121447-10,"ICE 546",2609121908,18,0
"Düsseldorf Hbf",-6750794421454638985-2609121420-9,"ICE 224",2609121910,30,0
"Köln Hbf",-2599950570116389517-2609121633-8,"ICE 129",2609121913,8,0
"Köln Hbf",8430642524571604487-2609121452-8,"ICE 556",2609121915,8,0
"Düsseldorf Hbf",-3738461847412237185-2609121918-1,"ICE 821",2609121918,4,0
"Köln Hbf",7867558493628354270-2609121115-19,"ICE 1037",2609121920,20,0
"Düsseldorf Hbf",2312296716933966404-2609121554-4,"ICE 1021",2609121921,21,0
"Düsseldorf Hbf",-4055232889596422409-2609120803-28,"ICE 118",2609121924,10,0
"Düsseldorf Hbf",-4758242349678413284-2609121238-13,"ICE 104",2609121932,22,0
"Köln Hbf",-4997552987396627422-2609121811-6,"ICE 1512",2609121933,0,0
"Düsseldorf Hbf",-2142784246140329213-2609121445-8,"ICE 622",2609121936,22,0
"Köln Hbf",3141971505559871903-2609121447-11,"ICE 546",2609121936,19,0
"Köln Hbf",-2451771813568964797-2609121936-1,"ICE 957",2609121936,0,0
"Köln Hbf",-8942408890709913676-2609121833-3,"ICE 10",2609121940,3,0
"Düsseldorf Hbf",1492120664389609114-2609121604-14,"IC 2207",2609121946,30,0
"Köln Hbf",-5425302918995479956-2609121526-12,"ICE 615",2609121946,12,0
"Düsseldorf Hbf",3778695356863398992-2609121950-1,"ICE 947",2609121950,1,0
"Köln Hbf",2312296716933966404-2609121554-5,"ICE 1021",2609121950,17,0
"Köln Hbf",-5040855886902453859-2609121528-7,"ICE 514",2609122005,3,0
"Köln Hbf",-8926157399752465663-2609121532-7,"ICE 26",2609122006,10,0
"Düsseldorf Hbf",798259414142998527-2609122009-1,"ICE 823",2609122009,1,0
"Düsseldorf Hbf",-9003107645534276753-2609121547-9,"ICE 846",2609122013,29,0
"Köln Hbf",1492120664389609114-2609121604-15,"IC 2207",2609122014,24,0
"Köln Hbf",4341219805487381340-2609121825-5,"ICE 19",2609122015,17,0
"Düsseldorf Hbf",-6235789055676348186-2609121626-11,"ICE 205",2609122022,16,0
"Köln Hbf",-819597198211929243-2609121547-9,"ICE 856",2609122022,35,0
"Düsseldorf Hbf",-8926157399752465663-2609121532-8,"ICE 26",2609122032,10,0
"Düsseldorf Hbf",-1188267942167451229-2609121545-9,"ICE 620",2609122037,1,0
"Köln Hbf",2576231255055476975-2609121934-4,"ICE 120",2609122043,3,0
"Düsseldorf Hbf",-7056878515633598205-2609121833-7,"ICE 221",2609122045,5,0
"Köln Hbf",-7949491460536242261-2609121322-21,"IC 2442",2609122045,38,0
"Köln Hbf",-6235789055676348186-2609121626-12,"ICE 205",2609122048,14,0
"Düsseldorf Hbf",-977669644680017628-2609121620-8,"ICE 912",2609122053,1,0
"Düsseldorf Hbf",8262134096716058006-2609121353-14,"ICE 2215",2609122059,61,1
"Köln Hbf",-7971996062035411059-2609121438-12,"ICE 102",2609122105,3,0
"Köln Hbf",1913356045703776437-2609121736-8,"IC 2349",2609122106,7,0
"Düsseldorf Hbf",2576231255055476975-2609121934-5,"ICE 120",2609122110,10,0
"Düsseldorf Hbf",-5885856201096992744-2609121647-10,"ICE 544",2609122112,36,1
"Köln Hbf",-7056878515633598205-2609121833-8,"ICE 221",2609122113,9,0
"Köln Hbf",6625519329407624873-2609121652-8,"ICE 554",2609122114,29,0
"Köln Hbf",8388183103841403836-2609121516-14,"ICE 1544",2609122119,9,0
"Düsseldorf Hbf",6194893901306646476-2609121726-11,"ICE 617",2609122121,32,0
"Köln Hbf",5268242451257549226-2609121901-6,"ICE 313",2609122124,0,0
"Köln Hbf",8262134096716058006-2609121353-15,"ICE 2215",2609122131,54,1
"Köln Hbf",1555483896112278137-2609122014-6,"ICE 318",2609122139,6,0
"Köln Hbf",-5885856201096992744-2609121647-11,"ICE 544",2609122140,32,1
"Köln Hbf",1123272061820542344-2609121732-7,"ICE 24",2609122147,22,1
"Köln Hbf",6194893901306646476-2609121726-12,"ICE 617",2609122148,31,0
"Köln Hbf",7537395545451740415-2609121728-8,"ICE 512",2609122205,18,0
"Düsseldorf Hbf",-4080761801504144103-2609121747-10,"ICE 844",2609122208,0,0
"Düsseldorf Hbf",1123272061820542344-2609121732-8,"ICE 24",2609122213,13,1
"Köln Hbf",-8088851598754426904-2609122025-5,"ICE 319",2609122215,4,0
"Düsseldorf Hbf",6810614476303646777-2609121826-11,"ICE 207",2609122222,2,0
"Köln Hbf",4711383125555203513-2609121747-9,"ICE 854",2609122222,3,0
"Köln Hbf",6195485783263057734-2609121819-7,"ICE 910",2609122230,0,0
"Köln Hbf",-4080761801504144103-2609121747-11,"ICE 844",2609122234,0,0
"Köln Hbf",4804116960335233530-2609121522-21,"IC 2444",2609122245,8,0
"Köln Hbf",6810614476303646777-2609121826-12,"ICE 207",2609122251,-2,0
"Köln Hbf",8570739711458019321-2609121936-8,"IC 2347",2609122306,0,0
"Köln Hbf",4005400229928334385-2609121659-16,"ICE 100",2609122310,2,0
"Köln Hbf",2579078581490934825-2609121852-8,"ICE 552",2609122315,52,0
"Düsseldorf Hbf",7582314568044505717-2609122101-7,"IC 60403",2609122319,15,0
"Düsseldorf Hbf",5926473462606976417-2609121926-11,"ICE 619",2609122323,0,0
"Düsseldorf Hbf",-1854738006003716349-2609121847-9,"ICE 542",2609122326,9,0
"Köln Hbf",5987880351959364904-2609122327-1,"ICE 1541",2609122327,30,0
"Köln Hbf",-6524998557445987060-2609121844-11,"ICE 524",2609122339,3,0
"Köln Hbf",7582314568044505717-2609122101-8,"IC 60403",2609122345,14,0
"Köln Hbf",5926473462606976417-2609121926-12,"ICE 619",2609122349,15,0
"Düsseldorf Hbf",5987880351959364904-2609122327-2,"ICE 1541",2609122355,24,0
"Köln Hbf",3337083331722830688-2609121932-7,"ICE 22",2609130006,7,0
"Köln Hbf",8322424274180843926-2609121928-8,"ICE 510",2609130010,1,0
"Köln Hbf",-1854738006003716349-2609121847-10,"ICE 542",2609130018,4,0
"Düsseldorf Hbf",-4463983841688751065-2609122026-12,"ICE 209",2609130022,8,0
"Köln Hbf",-111241669532597234-2609121947-9,"ICE 852",2609130023,4,0
"Köln Hbf",-4383803236760390820-2609121945-11,"ICE 522",2609130031,5,0
"Düsseldorf Hbf",-4737482986446738332-2609121947-10,"ICE 842",2609130035,14,0
"Köln Hbf",-4463983841688751065-2609122026-13,"ICE 209",2609130051,7,0
"Köln Hbf",-4737482986446738332-2609121947-11,"ICE 842",2609130114,0,0
"Köln Hbf",8503777394879306018-2609122323-7,"ICE 920",2609130205,0,0
"Düsseldorf Hbf",8503777394879306018-2609122323-8,"ICE 920",2609130231,2,0
"Düsseldorf Hbf",2774174590951633862-2609122225-14,"ICE 921",2609130259,6,0
"Köln Hbf",7130605216857004791-2609130321-1,"ICE 827",2609130321,0,0
"Köln Hbf",2774174590951633862-2609122225-15,"ICE 921",2609130325,3,0
"Köln Hbf",-1822966271854478829-2609130400-1,"ICE 1028",2609130400,0,0
"Düsseldorf Hbf",-1822966271854478829-2609130400-3,"ICE 1028",2609130425,0,0
"Köln Hbf",-7455087584675999219-2609130428-1,"ICE 521",2609130428,4,0
"Düsseldorf Hbf",-881594861635697900-2609130339-3,"ICE 523",2609130454,7,0
"Köln Hbf",1179810196779242077-2609130511-1,"ICE 208",2609130511,0,1
"Köln Hbf",-784036643221120658-2609130514-1,"ICE 2214",2609130514,1,0
"Köln Hbf",-5962154382149198734-2609130526-1,"ICE 843",2609130526,0,0
"Düsseldorf Hbf",1179810196779242077-2609130511-2,"ICE 208",2609130532,0,1
"Düsseldorf Hbf",-784036643221120658-2609130514-2,"ICE 2214",2609130537,4,0
"Köln Hbf",4753870957390372842-2609122159-11,"IC 60402",2609130544,0,0
"Köln Hbf",4230433869735770140-2609130548-1,"ICE 511",2609130548,0,0
"Düsseldorf Hbf",-5962154382149198734-2609130526-2,"ICE 843",2609130549,2,0
"Köln Hbf",3596733780499351643-2609130408-4,"ICE 23",2609130549,0,0
"Düsseldorf Hbf",707692460492138158-2609130009-14,"ICE 1540",2609130602,1,0
"Köln Hbf",2686007473625185344-2609130001-12,"ICE 618",2609130604,1,0
"Köln Hbf",-7723883505152961116-2609130611-1,"ICE 312",2609130611,0,0
"Düsseldorf Hbf",4753870957390372842-2609122159-12,"IC 60402",2609130615,0,0
"Düsseldorf Hbf",-7586352224211082006-2609130514-4,"ICE 525",2609130618,1,0
"Düsseldorf Hbf",8735574551800398555-2609130524-5,"ICE 101",2609130622,0,1
"Köln Hbf",-4310203737838801908-2609130625-1,"ICE 543",2609130625,0,0
"Düsseldorf Hbf",2686007473625185344-2609130001-13,"ICE 618",2609130632,3,0
"Köln Hbf",707692460492138158-2609130009-15,"ICE 1540",2609130640,-13,0
"Köln Hbf",-7151271002257875909-2609130502-6,"IC 2348",2609130645,1,0
"Köln Hbf",-8806275556870827116-2609130645-1,"ICE 553",2609130645,1,0
"Düsseldorf Hbf",-4310203737838801908-2609130625-2,"ICE 543",2609130647,2,0
"Köln Hbf",8886211019858254549-2609130649-1,"ICE 222",2609130649,0,0
"Köln Hbf",8735574551800398555-2609130524-6,"ICE 101",2609130650,1,1
"Düsseldorf Hbf",8886211019858254549-2609130649-2,"ICE 222",2609130710,3,0
"Köln Hbf",7366829146503955313-2609130711-1,"IC 2443",2609130711,3,0
"Köln Hbf",6135728412348303878-2609130711-1,"ICE 206",2609130711,1,0
"Düsseldorf Hbf",-853844594697067860-2609130615-4,"ICE 527",2609130718,1,0
"Düsseldorf Hbf",542680258128049209-2609130621-6,"ICE 25",2609130724,1,0
"Köln Hbf",5312563495212518167-2609130726-1,"ICE 845",2609130726,1,0
"Düsseldorf Hbf",6135728412348303878-2609130711-2,"ICE 206",2609130732,2,0
"Köln Hbf",-7772981549573087469-2609130733-1,"ICE 1713",2609130733,0,0
"Köln Hbf",7280780786399683236-2609130735-1,"ICE 855",2609130735,8,0
"Düsseldorf Hbf",8378187760869811763-2609130541-8,"ICE 826",2609130737,1,0
"Köln Hbf",4021377973164879687-2609130634-3,"ICE 18",2609130740,1,0
"Köln Hbf",2082653246441066227-2609130740-1,"ICE 2310",2609130740,0,1
"Köln Hbf",-1316725331766652964-2609130603-6,"ICE 513",2609130745,5,0
"Köln Hbf",-8638855930583862299-2609130746-1,"IC 2206",2609130746,20,0
"Düsseldorf Hbf",5312563495212518167-2609130726-2,"ICE 845",2609130749,1,0
"Köln Hbf",542680258128049209-2609130621-7,"ICE 25",2609130750,1,0
"Köln Hbf",-8185131505847408296-2609130801-1,"IC 2306",2609130801,0,0
"Köln Hbf",937531600424895578-2609130549-4,"ICE 616",2609130805,1,0
"Düsseldorf Hbf",2082653246441066227-2609130740-2,"ICE 2310",2609130807,0,1
"Düsseldorf Hbf",-8638855930583862299-2609130746-2,"IC 2206",2609130810,40,0
"Köln Hbf",-683349446891373235-2609130623-5,"ICE 11",2609130816,19,0
"Düsseldorf Hbf",7320863906691937525-2609130719-4,"ICE 529",2609130818,2,0
"Düsseldorf Hbf",8518232099080018263-2609130426-11,"ICE 103",2609130822,1,0
"Köln Hbf",-1489252697791169587-2609130825-1,"ICE 545",2609130825,2,0
"Düsseldorf Hbf",-8185131505847408296-2609130801-2,"IC 2306",2609130826,0,0
"Düsseldorf Hbf",8056505330798593907-2609130706-6,"ICE 119",2609130831,2,0
"Düsseldorf Hbf",1795377954048554987-2609130708-5,"ICE 824",2609130840,16,0
"Köln Hbf",-3687533052908579649-2609130734-4,"ICE 220",2609130843,4,0
"Köln Hbf",-5067205027928923412-2609130844-1,"ICE 555",2609130844,0,0
"Düsseldorf Hbf",1800994547680145354-2609130640-7,"ICE 121",2609130845,11,0
"Köln Hbf",-3987770513815330460-2609130539-12,"IC 2040",2609130845,8,0
"Köln Hbf",6675332026866779665-2609130845-1,"ICE 1036",2609130845,0,0
"Düsseldorf Hbf",-1489252697791169587-2609130825-2,"ICE 545",2609130847,9,0
"Köln Hbf",8518232099080018263-2609130426-12,"ICE 103",2609130850,1,0
"Düsseldorf Hbf",400157404087783375-2609130753-5,"ICE 915",2609130902,1,0
"Köln Hbf",-3316077366275075692-2609130516-8,"ICE 204",2609130905,7,0
"Düsseldorf Hbf",6675332026866779665-2609130845-2,"ICE 1036",2609130906,2,0
"Köln Hbf",4558275999006255649-2609130643-5,"IC 2441",2609130906,1,0
"Düsseldorf Hbf",-3687533052908579649-2609130734-5,"ICE 220",2609130910,6,0
"Köln Hbf",1800994547680145354-2609130640-8,"ICE 121",2609130913,7,0
"Düsseldorf Hbf",-2521696256132503788-2609130920-1,"ICE 621",2609130920,3,0
"Düsseldorf Hbf",-1790024725878292801-2609130820-6,"ICE 27",2609130924,4,0
"Köln Hbf",-8906112445839706377-2609130926-1,"ICE 847",2609130926,0,0
"Düsseldorf Hbf",-6888861751751692665-2609130817-6,"ICE 217",2609130928,4,0
"Düsseldorf Hbf",-3316077366275075692-2609130516-9,"ICE 204",2609130932,9,0
"Köln Hbf",8918082092638159592-2609130812-6,"ICE 1612",2609130932,0,0
"Köln Hbf",7127812590731908748-2609130935-1,"ICE 857",2609130935,0,0
"Köln Hbf",-5717720788505540143-2609130833-3,"ICE 316",2609130939,0,0
"Köln Hbf",-3482704518387342076-2609130946-1,"IC 2204",2609130946,1,0
"Köln Hbf",6512354943507599026-2609130526-12,"ICE 515",2609130946,13,0
"Düsseldorf Hbf",-8906112445839706377-2609130926-2,"ICE 847",2609130949,0,0
"Köln Hbf",-1790024725878292801-2609130820-7,"ICE 27",2609130952,0,0
"Köln Hbf",67517114520381301-2609130533-7,"ICE 614",2609131005,4,0
"Köln Hbf",4250821308365947570-2609130528-8,"ICE 1022",2609131006,0,0
"Düsseldorf Hbf",-3482704518387342076-2609130946-2,"IC 2204",2609131008,2,0
"Düsseldorf Hbf",-4782954664003624221-2609130526-12,"ICE 946",2609131008,4,0
"Köln Hbf",7296668088221534520-2609130825-5,"ICE 13",2609131016,0,0
"Düsseldorf Hbf",7692347899239356115-2609131019-1,"ICE 623",2609131019,10,0
"Düsseldorf Hbf",-3500545049874534285-2609130626-11,"ICE 105",2609131022,9,0
"Köln Hbf",605085576810829439-2609131024-1,"ICE 547",2609131024,6,0
"Köln Hbf",309221757920376132-2609131029-1,"ICE 1515",2609131029,0,0
"Düsseldorf Hbf",4250821308365947570-2609130528-9,"ICE 1022",2609131035,3,0
"Düsseldorf Hbf",5509309536167095600-2609130544-10,"ICE 820",2609131040,0,0
"Köln Hbf",-8155331480429548080-2609130934-4,"ICE 128",2609131043,7,0
"Köln Hbf",-8614664585551473503-2609131044-1,"ICE 557",2609131044,0,0
"Düsseldorf Hbf",467631948029280047-2609130831-7,"ICE 225",2609131045,12,0
"Köln Hbf",5248730939501738569-2609130602-15,"IC 2042",2609131045,19,0
"Düsseldorf Hbf",605085576810829439-2609131024-2,"ICE 547",2609131047,8,0
"Köln Hbf",-3500545049874534285-2609130626-12,"ICE 105",2609131050,4,0
"Köln Hbf",8125274319994745100-2609131053-1,"ICE 2013",2609131053,4,0
"Köln Hbf",-508151058757607646-2609130716-9,"ICE 202",2609131105,4,0
"Köln Hbf",2031840069123671352-2609130736-8,"IC 2049",2609131106,1,0
"Düsseldorf Hbf",2417110662322496020-2609130647-10,"ICE 644",2609131109,9,0
"Düsseldorf Hbf",-8155331480429548080-2609130934-5,"ICE 128",2609131110,11,0
"Köln Hbf",467631948029280047-2609130831-8,"ICE 225",2609131114,9,0
"Köln Hbf",-2664747470423541798-2609130652-8,"ICE 654",2609131114,23,0
"Düsseldorf Hbf",-8863207438757954687-2609131020-4,"ICE 625",2609131115,7,0
"Düsseldorf Hbf",3704713885565394549-2609131024-4,"ICE 29",2609131124,11,0
"Düsseldorf Hbf",-508151058757607646-2609130716-10,"ICE 202",2609131132,7,0
"Köln Hbf",98157840525274029-2609131011-6,"ICE 1610",2609131133,0,0
"Köln Hbf",-9221432942161771616-2609131135-1,"ICE 859",2609131135,12,0
"Düsseldorf Hbf",-7827307397706401371-2609130644-8,"ICE 728",2609131137,5,0
"Köln Hbf",-3207602294555876168-2609131034-3,"ICE 16",2609131139,11,0
"Düsseldorf Hbf",6862846665566225825-2609130834-13,"IC 2009",2609131146,16,0
"Köln Hbf",-8775310893499181309-2609131146-1,"IC 2202",2609131146,2,0
"Köln Hbf",-4602427783665327588-2609130726-12,"ICE 517",2609131146,42,0
"Düsseldorf Hbf",-3935110464616838577-2609131150-1,"ICE 849",2609131150,3,0
"Köln Hbf",3704713885565394549-2609131024-5,"ICE 29",2609131151,11,0
"Köln Hbf",-8386336934533711188-2609130728-9,"ICE 1020",2609131205,1,0
"Köln Hbf",-7184453857839759572-2609130728-7,"ICE 612",2609131205,2,0
"Düsseldorf Hbf",-8775310893499181309-2609131146-2,"IC 2202",2609131208,4,0
"Düsseldorf Hbf",789381465621699355-2609130747-10,"ICE 944",2609131208,16,0
"Köln Hbf",4555217987378332456-2609130713-11,"ICE 1548",2609131209,-2,0
"Köln Hbf",6862846665566225825-2609130834-14,"IC 2009",2609131214,23,0
"Köln Hbf",-6382331557337532208-2609131025-5,"ICE 15",2609131215,2,0
"Düsseldorf Hbf",-7766800689315712550-2609131219-1,"ICE 627",2609131219,0,0
"Düsseldorf Hbf",-5703640496454004355-2609130825-11,"ICE 107",2609131222,5,0
"Köln Hbf",5065395714490050726-2609130747-9,"ICE 954",2609131222,13,0
"Köln Hbf",-8376398398323607088-2609131229-1,"ICE 1517",2609131229,1,0
"Düsseldorf Hbf",-8386336934533711188-2609130728-10,"ICE 1020",2609131230,3,0
"Düsseldorf Hbf",5394868531176279031-2609130742-9,"ICE 726",2609131240,0,0
"Köln Hbf",-4712053304823003938-2609131134-4,"ICE 126",2609131243,2,0
"Köln Hbf",5886092952094503689-2609131244-1,"ICE 559",2609131244,1,0
"Düsseldorf Hbf",1869793107893408377-2609131031-7,"ICE 123",2609131245,0,1
"Köln Hbf",-6199411325888200524-2609130640-18,"IC 2044",2609131245,14,0
"Köln Hbf",607281138257369836-2609131245-1,"ICE 1032",2609131245,0,0
"Düsseldorf Hbf",-5225265888807154878-2609131248-1,"ICE 549",2609131248,4,0
"Köln Hbf",-5703640496454004355-2609130825-12,"ICE 107",2609131250,1,0
"Düsseldorf Hbf",-1202781486977583710-2609130819-8,"ICE 1010",2609131253,0,0
"Düsseldorf Hbf",-5763151150910106247-2609131155-5,"ICE 919",2609131302,0,0
"Köln Hbf",5555371111259384160-2609130759-9,"ICE 200",2609131305,2,0
"Düsseldorf Hbf",607281138257369836-2609131245-2,"ICE 1032",2609131306,0,0
"Köln Hbf",-1660175693055885317-2609130936-8,"IC 2047",2609131306,15,0
"Düsseldorf Hbf",-4712053304823003938-2609131134-5,"ICE 126",2609131310,3,1
"Düsseldorf Hbf",-3811000113167125819-2609130847-11,"ICE 642",2609131311,9,0
"Köln Hbf",1869793107893408377-2609131031-8,"ICE 123",2609131311,45,0
"Köln Hbf",7029715491133337413-2609130852-8,"ICE 652",2609131315,27,0
"Düsseldorf Hbf",2307301279586290347-2609131321-1,"ICE 629",2609131321,0,0
"Düsseldorf Hbf",6492627968416470339-2609131221-6,"ICE 229",2609131324,2,0
"Köln Hbf",-2157107938954049243-2609131101-6,"ICE 311",2609131324,5,0
"Düsseldorf Hbf",5555371111259384160-2609130759-10,"ICE 200",2609131332,3,0
"Köln Hbf",-7017661080292591369-2609131211-6,"ICE 1518",2609131333,0,0
"Köln Hbf",201535978532296242-2609131334-1,"ICE 1549",2609131334,0,0
"Köln Hbf",-4020550040361167307-2609131335-1,"ICE 951",2609131335,12,0
"Düsseldorf Hbf",-4676367904559688889-2609130845-8,"ICE 724",2609131337,7,0
"Köln Hbf",4216288988927907099-2609131234-3,"ICE 314",2609131339,6,0
"Düsseldorf Hbf",5900362052756938804-2609130951-16,"IC 2201",2609131346,16,0
"Köln Hbf",-3185038341433261764-2609131346-1,"IC 2200",2609131346,0,0
"Köln Hbf",-8471873024121272354-2609130926-12,"ICE 519",2609131346,6,0
"Köln Hbf",338204297594764006-2609130827-8,"ICE 926",2609131347,20,0
"Düsseldorf Hbf",-1360629902197387952-2609131350-1,"ICE 941",2609131350,1,0
"Köln Hbf",6492627968416470339-2609131221-7,"ICE 229",2609131352,1,0
"Köln Hbf",9011011619156863439-2609130928-7,"ICE 610",2609131405,4,0
"Düsseldorf Hbf",-3185038341433261764-2609131346-2,"IC 2200",2609131408,2,0
"Düsseldorf Hbf",7024771559125615258-2609130947-10,"ICE 942",2609131408,16,0
"Düsseldorf Hbf",338204297594764006-2609130827-9,"ICE 926",2609131413,20,0
"Köln Hbf",5900362052756938804-2609130951-17,"IC 2201",2609131414,15,0
"Köln Hbf",4815612638303090443-2609131225-5,"ICE 315",2609131415,4,0
"Düsseldorf Hbf",-758807154932475400-2609131419-1,"ICE 721",2609131419,1,0
"Düsseldorf Hbf",6610086332469437335-2609131026-11,"ICE 109",2609131422,18,0
"Köln Hbf",2625224039751841654-2609130947-9,"ICE 952",2609131422,-2,0
"Köln Hbf",4846835449118805747-2609131429-1,"ICE 1519",2609131429,0,0
"Düsseldorf Hbf",-7906017824379584014-2609130946-9,"ICE 722",2609131436,5,0
"Köln Hbf",-8784598530479710827-2609131438-1,"ICE 310",2609131438,0,0
"Köln Hbf",-5676785138972199399-2609131334-4,"ICE 124",2609131443,1,0
"Köln Hbf",-6270903731699972278-2609131444-1,"ICE 651",2609131444,0,0
"Düsseldorf Hbf",-9018982874238179365-2609131233-7,"ICE 125",2609131445,0,1
"Köln Hbf",-5299413353021537464-2609130722-21,"IC 2046",2609131445,10,0
"Düsseldorf Hbf",7188954872564278301-2609131448-1,"ICE 641",2609131448,4,0
"Düsseldorf Hbf",-553863566957669250-2609130730-17,"ICE 1033",2609131450,15,0
"Köln Hbf",6610086332469437335-2609131026-12,"ICE 109",2609131450,13,0
"Düsseldorf Hbf",7844358081895785158-2609131019-8,"ICE 918",2609131453,0,0
"Düsseldorf Hbf",8564432605510706771-2609131353-4,"ICE 1011",2609131501,29,0
"Köln Hbf",7702481692019596064-2609130838-12,"ICE 108",2609131505,9,0
"Köln Hbf",7334323916340841763-2609131136-8,"IC 2045",2609131506,0,1
"Düsseldorf Hbf",-5676785138972199399-2609131334-5,"ICE 124",2609131510,2,0
"Düsseldorf Hbf",8642793912640631890-2609131047-11,"ICE 640",2609131511,35,0
"Köln Hbf",-9018982874238179365-2609131233-8,"ICE 125",2609131513,45,0
"Köln Hbf",-7022498938457192021-2609131052-8,"ICE 650",2609131515,56,0
"Düsseldorf Hbf",5311537321398817844-2609131520-1,"ICE 723",2609131520,19,0
"Köln Hbf",-553863566957669250-2609130730-18,"ICE 1033",2609131520,9,0
"Düsseldorf Hbf",-1497213994658544450-2609131154-6,"ICE 927",2609131522,30,0
"Düsseldorf Hbf",7702481692019596064-2609130838-13,"ICE 108",2609131532,11,0
"Köln Hbf",4945186918802353023-2609131411-6,"ICE 1516",2609131533,1,0
"Köln Hbf",-107298036587741504-2609131535-1,"ICE 953",2609131535,0,0
"Düsseldorf Hbf",6519626148103819066-2609131045-9,"ICE 720",2609131536,4,0
"Köln Hbf",2218943744552257469-2609131434-3,"ICE 14",2609131539,12,0
"Düsseldorf Hbf",-257816953041096365-2609131136-16,"IC 2203",2609131546,32,0
"Köln Hbf",8187582116097718743-2609131546-1,"IC 2008",2609131546,1,0
"Köln Hbf",5653087570567167872-2609131126-12,"ICE 611",2609131546,51,1
"Düsseldorf Hbf",6378881227509878523-2609131550-1,"ICE 943",2609131550,2,0
"Köln Hbf",-1497213994658544450-2609131154-7,"ICE 927",2609131551,27,0
"Köln Hbf",-6452407069337976676-2609131128-7,"ICE 518",2609131605,2,0
"Köln Hbf",7010757467826963006-2609131132-7,"ICE 228",2609131606,3,0
"Köln Hbf",-8732834586368903752-2609131607-1,"ICE 1520",2609131607,0,0
"Düsseldorf Hbf",8187582116097718743-2609131546-2,"IC 2008",2609131608,5,0
"Düsseldorf Hbf",-3330605035074967330-2609131147-10,"ICE 940",2609131608,54,0
"Köln Hbf",-257816953041096365-2609131136-17,"IC 2203",2609131614,33,0
"Köln Hbf",-482221124538025922-2609131425-5,"ICE 17",2609131615,32,0
"Düsseldorf Hbf",6556040714554725251-2609131619-1,"ICE 725",2609131619,0,0
"Köln Hbf",375201943151232777-2609131147-9,"ICE 950",2609131621,41,0
"Düsseldorf Hbf",-762086226758254325-2609131226-11,"ICE 201",2609131622,6,0
"Düsseldorf Hbf",-8732834586368903752-2609131607-2,"ICE 1520",2609131627,6,0
"Köln Hbf",5058768902280124693-2609131629-1,"ICE 1611",2609131629,0,0
"Düsseldorf Hbf",7010757467826963006-2609131132-8,"ICE 228",2609131632,12,0
"Düsseldorf Hbf",8429649765325465614-2609131145-9,"ICE 628",2609131640,23,0
"Köln Hbf",4524910290568704513-2609131534-4,"ICE 122",2609131643,2,0
"Köln Hbf",-157208555968192668-2609131644-1,"ICE 653",2609131644,0,0
"Düsseldorf Hbf",5612128767266048221-2609131433-7,"ICE 127",2609131645,36,0
"Köln Hbf",-5036776284380011862-2609130922-21,"IC 2048",2609131645,45,0
"Düsseldorf Hbf",-5511541014003594580-2609131648-1,"ICE 643",2609131648,10,0
"Düsseldorf Hbf",6330890959881575446-2609130953-14,"ICE 2311",2609131650,29,0
"Köln Hbf",-762086226758254325-2609131226-12,"ICE 201",2609131650,2,0
"Düsseldorf Hbf",-1838827148333657754-2609131220-8,"ICE 916",2609131653,15,0
"Düsseldorf Hbf",-3817868649342238371-2609131326-8,"IC 2305",2609131659,44,0
"Düsseldorf Hbf",2333246513660073790-2609131553-5,"ICE 1013",2609131703,10,0
"Köln Hbf",-8705107722613527627-2609131059-15,"ICE 106",2609131705,8,0
"Köln Hbf",-7566186731885125077-2609131305-8,"ICE 2012",2609131706,0,1
"Düsseldorf Hbf",4524910290568704513-2609131534-5,"ICE 122",2609131710,12,0
"Köln Hbf",-893148775004719136-2609131711-1,"IC 2043",2609131711,0,0
"Düsseldorf Hbf",-8713208741749436113-2609131247-11,"ICE 548",2609131712,37,0
"Köln Hbf",5612128767266048221-2609131433-8,"ICE 127",2609131713,63,0
"Köln Hbf",-2894975550766125611-2609131252-8,"ICE 558",2609131715,23,0
"Köln Hbf",6330890959881575446-2609130953-15,"ICE 2311",2609131719,33,0
"Düsseldorf Hbf",6757774550243091278-2609131720-1,"ICE 727",2609131720,1,0
"Düsseldorf Hbf",-2924322226173910183-2609131703-3,"ICE 929",2609131724,12,0
"Düsseldorf Hbf",-8705107722613527627-2609131059-16,"ICE 106",2609131732,9,0
"Köln Hbf",-3817868649342238371-2609131326-9,"IC 2305",2609131733,36,0
"Köln Hbf",-8631361224774257822-2609131611-6,"ICE 1514",2609131733,0,0
"Köln Hbf",-4550645364654346112-2609131735-1,"ICE 955",2609131735,2,0
"Düsseldorf Hbf",5042424630356113204-2609131245-8,"ICE 626",2609131738,42,0
"Köln Hbf",3763871362376381297-2609131634-3,"ICE 12",2609131740,6,0
"Düsseldorf Hbf",-7566186731885125077-2609131305-9,"ICE 2012",2609131742,0,1
"Düsseldorf Hbf",-2882197430592295029-2609131351-16,"IC 2205",2609131746,32,0
"Köln Hbf",-3282400354544978678-2609131746-1,"IC 2006",2609131746,0,0
"Köln Hbf",-2910589038648014094-2609131326-12,"ICE 613",2609131746,23,0
"Düsseldorf Hbf",-8275737537227179086-2609131750-1,"ICE 945",2609131750,1,0
"Köln Hbf",-2924322226173910183-2609131703-4,"ICE 929",2609131750,12,0
"Köln Hbf",6954924236955692259-2609131328-7,"ICE 516",2609131805,5,0
"Köln Hbf",944231164744023574-2609131332-7,"ICE 28",2609131806,15,0
"Düsseldorf Hbf",-3282400354544978678-2609131746-2,"IC 2006",2609131808,1,0
"Düsseldorf Hbf",3702662415087684826-2609131347-10,"ICE 848",2609131808,31,0
"Köln Hbf",-2882197430592295029-2609131351-17,"IC 2205",2609131814,34,0
"Köln Hbf",4992819178731237054-2609131625-5,"ICE 317",2609131815,15,0
"Düsseldorf Hbf",-3019965818182152821-2609131821-1,"ICE 729",2609131821,3,0
"Düsseldorf Hbf",-7956047615718350819-2609131426-11,"ICE 203",2609131822,32,0
"Köln Hbf",-1900115166859559092-2609131347-9,"ICE 858",2609131822,-4,0
"Düsseldorf Hbf",1459720362045900384-2609131235-10,"ICE 216",2609131824,0,0
"Köln Hbf",-7955422278217659578-2609131703-5,"ICE 1714",2609131825,37,0
"Köln Hbf",1407594009417555306-2609131829-1,"ICE 1613",2609131829,1,0
"Düsseldorf Hbf",944231164744023574-2609131332-8,"ICE 28",2609131832,16,0
"Düsseldorf Hbf",-4521437519262178170-2609131345-9,"ICE 624",2609131836,1,0
"Köln Hbf",-6750794421454638985-2609131420-8,"ICE 224",2609131843,9,0
"Köln Hbf",9016403526930832374-2609131844-1,"ICE 655",2609131844,2,0
"Düsseldorf Hbf",-2599950570116389517-2609131633-7,"ICE 129",2609131845,4,0
"Köln Hbf",-4140470391187734614-2609131122-21,"IC 2440",2609131845,21,0
"Düsseldorf Hbf",4447890004106418758-2609131848-1,"ICE 645",2609131848,4,0
"Düsseldorf Hbf",7867558493628354270-2609131115-18,"ICE 1037",2609131850,13,0
"Köln Hbf",-7956047615718350819-2609131426-12,"ICE 203",2609131850,28,0
"Düsseldorf Hbf",-6727683722954373951-2609131754-5,"ICE 1015",2609131901,13,0
"Köln Hbf",-4758242349678413284-2609131238-12,"ICE 104",2609131905,7,0
"Köln Hbf",2508597620716488611-2609131536-8,"IC 2041",2609131906,14,0
"Düsseldorf Hbf",3141971505559871903-2609131447-10,"ICE 546",2609131908,25,0
"Düsseldorf Hbf",-6750794421454638985-2609131420-9,"ICE 224",2609131910,15,0
"Köln Hbf",-2599950570116389517-2609131633-8,"ICE 129",2609131913,10,0
"Köln Hbf",8430642524571604487-2609131452-8,"ICE 556",2609131915,34,0
"Düsseldorf Hbf",-3738461847412237185-2609131918-1,"ICE 821",2609131918,0,0
"Köln Hbf",7867558493628354270-2609131115-19,"ICE 1037",2609131920,13,0
"Düsseldorf Hbf",2312296716933966404-2609131554-4,"ICE 1021",2609131921,62,0
"Düsseldorf Hbf",-4055232889596422409-2609130803-28,"ICE 118",2609131924,4,0
"Düsseldorf Hbf",-4758242349678413284-2609131238-13,"ICE 104",2609131932,8,0
"Köln Hbf",-4997552987396627422-2609131811-6,"ICE 1512",2609131933,3,0
"Düsseldorf Hbf",-2142784246140329213-2609131445-8,"ICE 622",2609131936,0,0
"Köln Hbf",3141971505559871903-2609131447-11,"ICE 546",2609131936,21,0
"Köln Hbf",-2451771813568964797-2609131936-1,"ICE 957",2609131936,1,0
"Köln Hbf",-8942408890709913676-2609131833-3,"ICE 10",2609131940,3,0
"Düsseldorf Hbf",1492120664389609114-2609131604-14,"IC 2207",2609131946,15,0
"Köln Hbf",-5425302918995479956-2609131526-12,"ICE 615",2609131946,23,0
"Düsseldorf Hbf",3778695356863398992-2609131950-1,"ICE 947",2609131950,1,0
"Köln Hbf",2312296716933966404-2609131554-5,"ICE 1021",2609131950,59,0
"Köln Hbf",-5040855886902453859-2609131528-7,"ICE 514",2609132005,2,0
"Köln Hbf",-8926157399752465663-2609131532-7,"ICE 26",2609132006,1,0
"Düsseldorf Hbf",798259414142998527-2609132009-1,"ICE 823",2609132009,6,0
"Düsseldorf Hbf",-9003107645534276753-2609131547-9,"ICE 846",2609132013,31,0
"Köln Hbf",1492120664389609114-2609131604-15,"IC 2207",2609132014,14,0
"Köln Hbf",4341219805487381340-2609131825-5,"ICE 19",2609132015,40,0
"Düsseldorf Hbf",-6235789055676348186-2609131626-11,"ICE 205",2609132022,85,0
"Köln Hbf",-819597198211929243-2609131547-9,"ICE 856",2609132022,17,0
"Düsseldorf Hbf",-8926157399752465663-2609131532-8,"ICE 26",2609132032,0,0
"Düsseldorf Hbf",-1188267942167451229-2609131545-9,"ICE 620",2609132037,35,0
"Köln Hbf",2576231255055476975-2609131934-4,"ICE 120",2609132043,8,0
"Düsseldorf Hbf",-7056878515633598205-2609131833-7,"ICE 221",2609132045,0,0
"Köln Hbf",-7949491460536242261-2609131322-21,"IC 2442",2609132045,9,0
"Köln Hbf",5646922477923288654-2609132045-1,"ICE 657",2609132045,10,0
"Köln Hbf",-6235789055676348186-2609131626-12,"ICE 205",2609132050,82,1
"Düsseldorf Hbf",-977669644680017628-2609131620-8,"ICE 912",2609132053,2,0
"Düsseldorf Hbf",8262134096716058006-2609131353-14,"ICE 2215",2609132059,0,1
"Köln Hbf",-7971996062035411059-2609131438-12,"ICE 102",2609132105,4,0
"Köln Hbf",1913356045703776437-2609131736-8,"IC 2349",2609132106,12,0
"Düsseldorf Hbf",2576231255055476975-2609131934-5,"ICE 120",2609132110,10,0
"Düsseldorf Hbf",-5885856201096992744-2609131647-10,"ICE 544",2609132112,1,0
"Köln Hbf",-7056878515633598205-2609131833-8,"ICE 221",2609132113,0,0
"Köln Hbf",6625519329407624873-2609131652-8,"ICE 554",2609132114,38,0
"Köln Hbf",8388183103841403836-2609131516-14,"ICE 1544",2609132119,2,0
"Düsseldorf Hbf",6194893901306646476-2609131726-11,"ICE 617",2609132121,65,0
"Köln Hbf",5268242451257549226-2609131901-6,"ICE 313",2609132124,17,0
"Köln Hbf",8262134096716058006-2609131353-15,"ICE 2215",2609132131,-3,1
"Düsseldorf Hbf",50770787591072936-2609131644-9,"ICE 528",2609132137,11,0
"Köln Hbf",1555483896112278137-2609132014-6,"ICE 318",2609132139,12,0
"Köln Hbf",-5885856201096992744-2609131647-11,"ICE 544",2609132140,0,0
"Köln Hbf",1123272061820542344-2609131732-7,"ICE 24",2609132147,42,0
"Köln Hbf",6194893901306646476-2609131726-12,"ICE 617",2609132148,63,0
"Köln Hbf",5343082994331393331-2609131618-14,"ICE 902",2609132155,2,0
"Köln Hbf",7537395545451740415-2609131728-8,"ICE 512",2609132205,26,0
"Köln Hbf",2833625159253318698-2609131918-5,"IC 2347",2609132206,5,0
"Düsseldorf Hbf",-4080761801504144103-2609131747-10,"ICE 844",2609132208,10,0
"Düsseldorf Hbf",1123272061820542344-2609131732-8,"ICE 24",2609132213,42,0
"Köln Hbf",-8088851598754426904-2609132025-5,"ICE 319",2609132215,16,0
"Düsseldorf Hbf",6810614476303646777-2609131826-11,"ICE 207",2609132222,80,0
"Köln Hbf",4711383125555203513-2609131747-9,"ICE 854",2609132222,0,0
"Köln Hbf",6195485783263057734-2609131819-7,"ICE 910",2609132230,7,0
"Köln Hbf",-4080761801504144103-2609131747-11,"ICE 844",2609132234,5,0
"Düsseldorf Hbf",3736117015423388331-2609131746-9,"ICE 526",2609132236,13,0
"Köln Hbf",4804116960335233530-2609131522-21,"IC 2444",2609132245,4,0
"Köln Hbf",6810614476303646777-2609131826-12,"ICE 207",2609132251,75,0
"Köln Hbf",4005400229928334385-2609131659-16,"ICE 100",2609132310,14,0
"Düsseldorf Hbf",-1854738006003716349-2609131847-10,"ICE 542",2609132312,10,0
"Köln Hbf",2579078581490934825-2609131852-8,"ICE 552",2609132315,27,0
"Düsseldorf Hbf",7582314568044505717-2609132101-7,"IC 60403",2609132319,80,0
"Düsseldorf Hbf",5926473462606976417-2609131926-11,"ICE 619",2609132323,41,0
"Köln Hbf",5987880351959364904-2609132327-1,"ICE 1541",2609132327,0,0
"Düsseldorf Hbf",4005400229928334385-2609131659-17,"ICE 100",2609132337,17,0
"Köln Hbf",-6524998557445987060-2609131844-11,"ICE 524",2609132339,9,0
"Köln Hbf",-1854738006003716349-2609131847-11,"ICE 542",2609132339,6,0
"Köln Hbf",7582314568044505717-2609132101-8,"IC 60403",2609132345,81,0
"Düsseldorf Hbf",5987880351959364904-2609132327-2,"ICE 1541",2609132349,4,0
"Köln Hbf",5926473462606976417-2609131926-12,"ICE 619",2609132349,38,0
"Düsseldorf Hbf",-4737482986446738332-2609131947-10,"ICE 842",2609140008,35,0
"Köln Hbf",8322424274180843926-2609131928-8,"ICE 510",2609140010,41,0
"Köln Hbf",-111241669532597234-2609131947-9,"ICE 852",2609140023,22,0
"Köln Hbf",-4383803236760390820-2609131945-11,"ICE 522",2609140031,23,0
"Düsseldorf Hbf",-4463983841688751065-2609132026-12,"ICE 209",2609140033,58,0
"Köln Hbf",-4737482986446738332-2609131947-11,"ICE 842",2609140034,31,0
"Köln Hbf",-4463983841688751065-2609132026-13,"ICE 209",2609140059,58,0
"Köln Hbf",3337083331722830688-2609131932-5,"ICE 22",2609140115,14,0
"Düsseldorf Hbf",1262455023520421500-2609132054-16,"ICE 550",2609140146,38,0
"Köln Hbf",4686693095549980576-2609140209-1,"ICE 920",2609140209,0,0
"Köln Hbf",1262455023520421500-2609132054-17,"ICE 550",2609140213,29,0
"Düsseldorf Hbf",4686693095549980576-2609140209-2,"ICE 920",2609140231,2,0
"Düsseldorf Hbf",2774174590951633862-2609132225-14,"ICE 921",2609140249,13,0
"Köln Hbf",2774174590951633862-2609132225-15,"ICE 921",2609140320,5,0
"Köln Hbf",7130605216857004791-2609140321-1,"ICE 827",2609140321,0,0
"Köln Hbf",-1822966271854478829-2609140400-1,"ICE 1028",2609140400,0,0
"Düsseldorf Hbf",-1822966271854478829-2609140400-3,"ICE 1028",2609140425,1,0
"Köln Hbf",8652078400714170233-2609140425-1,"ICE 541",2609140425,40,0
"Köln Hbf",-7455087584675999219-2609140428-1,"ICE 521",2609140428,45,0
"Köln Hbf",6284591161410129597-2609140445-1,"ICE 551",2609140445,0,0
"Düsseldorf Hbf",8652078400714170233-2609140425-2,"ICE 541",2609140447,41,0
"Düsseldorf Hbf",-881594861635697900-2609140400-6,"ICE 523",2609140455,0,0
"Köln Hbf",-1981361635087318141-2609140511-1,"IC 2445",2609140511,14,0
"Köln Hbf",1179810196779242077-2609140511-1,"ICE 208",2609140511,0,0
"Köln Hbf",-784036643221120658-2609140514-1,"ICE 2214",2609140514,0,0
"Düsseldorf Hbf",3596733780499351643-2609140422-6,"ICE 23",2609140522,1,0
"Köln Hbf",-397321280238564306-2609140525-1,"ICE 911",2609140525,0,0
"Köln Hbf",-5962154382149198734-2609140526-1,"ICE 843",2609140526,0,0
"Düsseldorf Hbf",1179810196779242077-2609140511-2,"ICE 208",2609140532,1,0
"Düsseldorf Hbf",-784036643221120658-2609140514-2,"ICE 2214",2609140537,2,0
"Köln Hbf",-486178897212069438-2609140538-1,"ICE 853",2609140538,15,0
"Köln Hbf",4753870957390372842-2609131936-18,"IC 60402",2609140544,8,0
"Düsseldorf Hbf",707692460492138158-2609140009-14,"ICE 1540",2609140547,49,0
"Köln Hbf",4230433869735770140-2609140548-1,"ICE 511",2609140548,2,0
"Düsseldorf Hbf",-5962154382149198734-2609140526-2,"ICE 843",2609140549,0,0
"Köln Hbf",3596733780499351643-2609140422-7,"ICE 23",2609140549,0,0
"Köln Hbf",2178700040520449500-2609140601-1,"ICE 711",2609140601,0,0
"Köln Hbf",2686007473625185344-2609140001-12,"ICE 618",2609140604,1,0
"Köln Hbf",-7723883505152961116-2609140611-1,"ICE 312",2609140611,0,0
"Düsseldorf Hbf",4753870957390372842-2609131936-19,"IC 60402",2609140615,12,0
"Köln Hbf",707692460492138158-2609140009-15,"ICE 1540",2609140615,45,0
"Düsseldorf Hbf",-7586352224211082006-2609140514-4,"ICE 525",2609140618,9,0
"Düsseldorf Hbf",8735574551800398555-2609140524-5,"ICE 101",2609140622,0,1
"Köln Hbf",-4310203737838801908-2609140625-1,"ICE 543",2609140625,0,0
"Köln Hbf",1878809338003406023-2609140627-1,"ICE 1511",2609140627,0,0
"Düsseldorf Hbf",2686007473625185344-2609140001-13,"ICE 618",2609140632,6,0
"Köln Hbf",6856208171401458843-2609140534-4,"ICE 222",2609140643,7,0
"Köln Hbf",-7151271002257875909-2609140502-6,"IC 2348",2609140645,33,0
"Köln Hbf",-8806275556870827116-2609140645-1,"ICE 553",2609140645,0,0
"Düsseldorf Hbf",-4310203737838801908-2609140625-2,"ICE 543",2609140647,6,0
"Köln Hbf",8735574551800398555-2609140524-6,"ICE 101",2609140650,15,1
"Düsseldorf Hbf",-6165068286223376269-2609140554-5,"ICE 913",2609140702,11,0
"Köln Hbf",-2103315967753215489-2609140609-3,"IC 2443",2609140706,0,0
"Düsseldorf Hbf",6856208171401458843-2609140534-5,"ICE 222",2609140710,27,0
"Köln Hbf",6135728412348303878-2609140711-1,"ICE 206",2609140711,0,0
"Düsseldorf Hbf",-853844594697067860-2609140615-4,"ICE 527",2609140718,8,0
"Düsseldorf Hbf",542680258128049209-2609140621-6,"ICE 25",2609140724,21,0
"Köln Hbf",5312563495212518167-2609140726-1,"ICE 845",2609140726,0,0
"Düsseldorf Hbf",6135728412348303878-2609140711-2,"ICE 206",2609140732,8,0
"Köln Hbf",-7772981549573087469-2609140733-1,"ICE 1713",2609140733,0,0
"Düsseldorf Hbf",8378187760869811763-2609140541-8,"ICE 826",2609140737,2,0
"Köln Hbf",7280780786399683236-2609140738-1,"ICE 855",2609140738,6,0
"Köln Hbf",4021377973164879687-2609140634-3,"ICE 18",2609140740,0,0
"Köln Hbf",2082653246441066227-2609140740-1,"ICE 2310",2609140740,45,0
"Köln Hbf",-1316725331766652964-2609140603-6,"ICE 513",2609140745,26,0
"Köln Hbf",-8638855930583862299-2609140746-1,"IC 2206",2609140746,9,0
"Düsseldorf Hbf",5312563495212518167-2609140726-2,"ICE 845",2609140749,0,0
"Köln Hbf",542680258128049209-2609140621-7,"ICE 25",2609140750,22,0
"Köln Hbf",-3118459641712443593-2609140600-7,"ICE 712",2609140757,5,0
"Köln Hbf",937531600424895578-2609140549-4,"ICE 616",2609140805,1,0
"Düsseldorf Hbf",2082653246441066227-2609140740-2,"ICE 2310",2609140807,49,0
"Düsseldorf Hbf",-8638855930583862299-2609140746-2,"IC 2206",2609140810,20,0
"Köln Hbf",-683349446891373235-2609140623-5,"ICE 11",2609140816,7,0
"Düsseldorf Hbf",7320863906691937525-2609140719-4,"ICE 529",2609140818,22,0
"Düsseldorf Hbf",8518232099080018263-2609140426-11,"ICE 103",2609140822,1,0
"Köln Hbf",-1489252697791169587-2609140825-1,"ICE 545",2609140825,3,0
"Köln Hbf",-2307934263002248776-2609140829-1,"ICE 1513",2609140829,12,0
"Düsseldorf Hbf",8056505330798593907-2609140706-6,"ICE 119",2609140831,0,1
"Düsseldorf Hbf",1795377954048554987-2609140708-5,"ICE 824",2609140840,39,0
"Köln Hbf",-3687533052908579649-2609140734-4,"ICE 220",2609140843,9,0
"Köln Hbf",-5067205027928923412-2609140844-1,"ICE 555",2609140844,11,0
"Düsseldorf Hbf",1800994547680145354-2609140638-7,"ICE 121",2609140845,8,0
"Köln Hbf",-3987770513815330460-2609140539-12,"IC 2040",2609140845,9,0
"Köln Hbf",6675332026866779665-2609140845-1,"ICE 1036",2609140845,1,0
"Düsseldorf Hbf",-1489252697791169587-2609140825-2,"ICE 545",2609140847,12,0
"Köln Hbf",8518232099080018263-2609140426-12,"ICE 103",2609140850,1,0
"Düsseldorf Hbf",-5947456125297650390-2609140420-8,"ICE 1014",2609140853,6,0
"Düsseldorf Hbf",400157404087783375-2609140753-5,"ICE 915",2609140902,6,0
"Köln Hbf",-3316077366275075692-2609140516-8,"ICE 204",2609140905,4,0
"Düsseldorf Hbf",6675332026866779665-2609140845-2,"ICE 1036",2609140906,9,0
"Köln Hbf",4558275999006255649-2609140643-7,"IC 2441",2609140906,1,0
"Düsseldorf Hbf",-3687533052908579649-2609140734-5,"ICE 220",2609140910,17,0
"Düsseldorf Hbf",6972548221701888574-2609140418-15,"ICE 646",2609140912,25,0
"Köln Hbf",1800994547680145354-2609140638-8,"ICE 121",2609140913,4,0
"Köln Hbf",-4488195745363015090-2609140450-8,"ICE 656",2609140915,8,0
"Düsseldorf Hbf",-2521696256132503788-2609140920-1,"ICE 621",2609140920,5,0
"Düsseldorf Hbf",-1790024725878292801-2609140820-6,"ICE 27",2609140924,18,0
"Köln Hbf",-8906112445839706377-2609140926-1,"ICE 847",2609140926,0,0
"Düsseldorf Hbf",-6888861751751692665-2609140817-6,"ICE 217",2609140928,0,0
"Düsseldorf Hbf",-3316077366275075692-2609140516-9,"ICE 204",2609140932,10,0
"Köln Hbf",8918082092638159592-2609140812-6,"ICE 1612",2609140932,4,0
"Düsseldorf Hbf",-6223962037244896084-2609140441-10,"ICE 822",2609140936,54,0
"Köln Hbf",7127812590731908748-2609140938-1,"ICE 857",2609140938,2,0
"Köln Hbf",-5717720788505540143-2609140833-3,"ICE 316",2609140939,10,0
"Düsseldorf Hbf",-6760724929342255350-2609140634-13,"IC 2007",2609140946,10,0
"Köln Hbf",-3482704518387342076-2609140946-1,"IC 2204",2609140946,0,0
"Köln Hbf",6512354943507599026-2609140526-12,"ICE 515",2609140946,25,0
"Düsseldorf Hbf",-8906112445839706377-2609140926-2,"ICE 847",2609140949,5,0
"Köln Hbf",-1790024725878292801-2609140820-7,"ICE 27",2609140952,16,0
"Köln Hbf",67517114520381301-2609140533-8,"ICE 614",2609141005,4,0
"Köln Hbf",4250821308365947570-2609140528-10,"ICE 1022",2609141006,34,0
"Düsseldorf Hbf",-3482704518387342076-2609140946-2,"IC 2204",2609141008,3,0
"Düsseldorf Hbf",-4782954664003624221-2609140526-12,"ICE 946",2609141008,22,0
"Köln Hbf",-6760724929342255350-2609140634-14,"IC 2007",2609141014,9,0
"Köln Hbf",7296668088221534520-2609140825-5,"ICE 13",2609141016,10,0
"Düsseldorf Hbf",7692347899239356115-2609141019-1,"ICE 623",2609141019,13,0
"Düsseldorf Hbf",-3500545049874534285-2609140626-11,"ICE 105",2609141022,15,0
"Köln Hbf",-6590078199824287896-2609140526-11,"ICE 956",2609141022,0,0
"Köln Hbf",309221757920376132-2609141029-1,"ICE 1515",2609141029,20,0
"Düsseldorf Hbf",4250821308365947570-2609140528-11,"ICE 1022",2609141035,34,0
"Düsseldorf Hbf",5509309536167095600-2609140544-10,"ICE 820",2609141040,38,0
"Köln Hbf",-8155331480429548080-2609140934-4,"ICE 128",2609141043,30,0
"Köln Hbf",-8614664585551473503-2609141044-1,"ICE 557",2609141044,7,0
"Düsseldorf Hbf",467631948029280047-2609140831-7,"ICE 225",2609141045,10,0
"Köln Hbf",5248730939501738569-2609140602-15,"IC 2042",2609141045,13,0
"Düsseldorf Hbf",211585818996437737-2609141048-1,"ICE 547",2609141048,1,0
"Köln Hbf",-3500545049874534285-2609140626-12,"ICE 105",2609141050,11,0
"Düsseldorf Hbf",-6324333303227400345-2609140620-8,"ICE 1012",2609141053,27,0
"Köln Hbf",8125274319994745100-2609141053-1,"ICE 2013",2609141053,0,1
"Köln Hbf",-508151058757607646-2609140716-9,"ICE 202",2609141105,29,0
"Köln Hbf",2031840069123671352-2609140736-8,"IC 2049",2609141106,3,0
"Düsseldorf Hbf",2417110662322496020-2609140647-10,"ICE 644",2609141109,9,0
"Düsseldorf Hbf",-8155331480429548080-2609140934-5,"ICE 128",2609141110,38,0
"Köln Hbf",467631948029280047-2609140831-8,"ICE 225",2609141114,8,0
"Köln Hbf",-2664747470423541798-2609140652-8,"ICE 654",2609141114,37,0
"Düsseldorf Hbf",-1863724056778564852-2609141117-1,"ICE 625",2609141117,9,0
"Düsseldorf Hbf",3450663025951470366-2609140602-9,"ICE 1521",2609141119,18,0
"Düsseldorf Hbf",3704713885565394549-2609141024-4,"ICE 29",2609141124,7,0
"Düsseldorf Hbf",-508151058757607646-2609140716-10,"ICE 202",2609141132,33,0
"Köln Hbf",98157840525274029-2609141011-6,"ICE 1610",2609141133,12,0
"Düsseldorf Hbf",-7827307397706401371-2609140644-8,"ICE 728",2609141137,45,0
"Köln Hbf",-9221432942161771616-2609141138-1,"ICE 859",2609141138,0,0
"Köln Hbf",-3207602294555876168-2609141034-3,"ICE 16",2609141139,31,0
"Köln Hbf",3450663025951470366-2609140602-10,"ICE 1521",2609141145,15,0
"Düsseldorf Hbf",6862846665566225825-2609140834-13,"IC 2009",2609141146,18,0
"Köln Hbf",-8775310893499181309-2609141146-1,"IC 2202",2609141146,2,0
"Köln Hbf",-4602427783665327588-2609140726-12,"ICE 517",2609141146,29,0
"Düsseldorf Hbf",-3935110464616838577-2609141150-1,"ICE 849",2609141150,2,0
"Köln Hbf",3704713885565394549-2609141024-5,"ICE 29",2609141150,4,0
"Köln Hbf",-8386336934533711188-2609140728-9,"ICE 1020",2609141205,1,0
"Köln Hbf",-7184453857839759572-2609140728-8,"ICE 612",2609141205,10,0
"Düsseldorf Hbf",-8775310893499181309-2609141146-2,"IC 2202",2609141208,4,0
"Düsseldorf Hbf",789381465621699355-2609140747-10,"ICE 944",2609141208,25,0
"Köln Hbf",4555217987378332456-2609140713-11,"ICE 1548",2609141209,11,0
"Köln Hbf",6862846665566225825-2609140834-14,"IC 2009",2609141214,15,0
"Köln Hbf",-6382331557337532208-2609141025-5,"ICE 15",2609141215,7,0
"Düsseldorf Hbf",-7766800689315712550-2609141219-1,"ICE 627",2609141219,0,0
"Düsseldorf Hbf",-5703640496454004355-2609140825-11,"ICE 107",2609141222,38,0
"Köln Hbf",5065395714490050726-2609140747-9,"ICE 954",2609141222,46,0
"Köln Hbf",-8376398398323607088-2609141229-1,"ICE 1517",2609141229,0,0
"Düsseldorf Hbf",-8386336934533711188-2609140728-10,"ICE 1020",2609141230,4,0
"Düsseldorf Hbf",5394868531176279031-2609140742-9,"ICE 726",2609141240,12,0
"Köln Hbf",-4712053304823003938-2609141134-4,"ICE 126",2609141243,4,0
"Köln Hbf",5886092952094503689-2609141244-1,"ICE 559",2609141244,9,0
"Düsseldorf Hbf",1869793107893408377-2609141031-7,"ICE 123",2609141245,22,0
"Köln Hbf",666711005360005078-2609140522-21,"IC 2044",2609141245,63,0
"Köln Hbf",607281138257369836-2609141245-1,"ICE 1032",2609141245,0,0
"Düsseldorf Hbf",-5225265888807154878-2609141248-1,"ICE 549",2609141248,1,0
"Köln Hbf",-5703640496454004355-2609140825-12,"ICE 107",2609141250,34,0
"Düsseldorf Hbf",-1202781486977583710-2609140819-8,"ICE 1010",2609141253,5,0
"Düsseldorf Hbf",-5763151150910106247-2609141155-5,"ICE 919",2609141302,10,0
"Köln Hbf",5555371111259384160-2609140759-9,"ICE 200",2609141305,40,1
"Düsseldorf Hbf",607281138257369836-2609141245-2,"ICE 1032",2609141306,3,0
"Köln Hbf",-1660175693055885317-2609140936-8,"IC 2047",2609141306,1,1
"Düsseldorf Hbf",-4712053304823003938-2609141134-5,"ICE 126",2609141310,10,0
"Düsseldorf Hbf",-3811000113167125819-2609140847-11,"ICE 642",2609141311,47,0
"Köln Hbf",1869793107893408377-2609141031-8,"ICE 123",2609141314,29,0
"Köln Hbf",7029715491133337413-2609140852-8,"ICE 652",2609141315,60,0
"Düsseldorf Hbf",2307301279586290347-2609141321-1,"ICE 629",2609141321,1,0
"Düsseldorf Hbf",6492627968416470339-2609141221-6,"ICE 229",2609141324,1,0
"Köln Hbf",-2157107938954049243-2609141101-6,"ICE 311",2609141324,5,0
"Düsseldorf Hbf",5555371111259384160-2609140759-10,"ICE 200",2609141332,41,1
"Köln Hbf",-7017661080292591369-2609141211-6,"ICE 1518",2609141333,11,0
"Köln Hbf",201535978532296242-2609141334-1,"ICE 1549",2609141334,0,0
"Düsseldorf Hbf",-4676367904559688889-2609140845-8,"ICE 724",2609141337,-1,0
"Köln Hbf",-4020550040361167307-2609141338-1,"ICE 951",2609141338,10,0
"Köln Hbf",4216288988927907099-2609141234-3,"ICE 314",2609141339,16,0
"Düsseldorf Hbf",5900362052756938804-2609140951-16,"IC 2201",2609141346,16,0
"Köln Hbf",-3185038341433261764-2609141346-1,"IC 2200",2609141346,0,0
"Köln Hbf",-8471873024121272354-2609140926-12,"ICE 519",2609141346,51,0
"Düsseldorf Hbf",-1360629902197387952-2609141350-1,"ICE 941",2609141350,3,0
"Köln Hbf",6492627968416470339-2609141221-7,"ICE 229",2609141352,4,0
"Köln Hbf",9011011619156863439-2609140928-8,"ICE 610",2609141405,10,0
"Köln Hbf",338204297594764006-2609140827-10,"ICE 926",2609141406,38,0
"Düsseldorf Hbf",-3185038341433261764-2609141346-2,"IC 2200",2609141408,5,0
"Düsseldorf Hbf",7024771559125615258-2609140947-10,"ICE 942",2609141408,62,0
"Köln Hbf",5900362052756938804-2609140951-17,"IC 2201",2609141414,17,0
"Köln Hbf",4815612638303090443-2609141225-5,"ICE 315",2609141415,11,0
"Düsseldorf Hbf",-758807154932475400-2609141419-1,"ICE 721",2609141419,4,0
"Düsseldorf Hbf",6610086332469437335-2609141026-11,"ICE 109",2609141422,23,0
"Köln Hbf",2625224039751841654-2609140947-9,"ICE 952",2609141422,57,0
"Köln Hbf",4846835449118805747-2609141429-1,"ICE 1519",2609141429,1,0
"Düsseldorf Hbf",338204297594764006-2609140827-11,"ICE 926",2609141432,41,0
"Düsseldorf Hbf",-7906017824379584014-2609140946-9,"ICE 722",2609141436,38,0
"Köln Hbf",-8784598530479710827-2609141438-1,"ICE 310",2609141438,0,0
"Köln Hbf",-5676785138972199399-2609141334-4,"ICE 124",2609141443,3,0
"Köln Hbf",-6270903731699972278-2609141444-1,"ICE 651",2609141444,16,0
"Düsseldorf Hbf",-9018982874238179365-2609141238-7,"ICE 125",2609141445,13,0
"Köln Hbf",-5299413353021537464-2609140722-21,"IC 2046",2609141445,41,0
"Düsseldorf Hbf",7188954872564278301-2609141448-1,"ICE 641",2609141448,4,0
"Düsseldorf Hbf",-553863566957669250-2609140730-17,"ICE 1033",2609141450,20,0
"Köln Hbf",6610086332469437335-2609141026-12,"ICE 109",2609141450,19,0
"Düsseldorf Hbf",7844358081895785158-2609141019-8,"ICE 918",2609141453,15,0
"Düsseldorf Hbf",8564432605510706771-2609141353-4,"ICE 1011",2609141501,0,0
"Köln Hbf",7702481692019596064-2609140838-12,"ICE 108",2609141505,4,0
"Köln Hbf",7334323916340841763-2609141136-8,"IC 2045",2609141506,39,0
"Düsseldorf Hbf",-5676785138972199399-2609141334-5,"ICE 124",2609141510,18,0
"Düsseldorf Hbf",8642793912640631890-2609141047-11,"ICE 640",2609141511,49,0
"Köln Hbf",-9018982874238179365-2609141238-8,"ICE 125",2609141513,10,0
"Köln Hbf",-7022498938457192021-2609141052-8,"ICE 650",2609141515,54,0
"Düsseldorf Hbf",5311537321398817844-2609141520-1,"ICE 723",2609141520,10,0
"Köln Hbf",-553863566957669250-2609140730-18,"ICE 1033",2609141520,23,0
"Düsseldorf Hbf",-1497213994658544450-2609141154-6,"ICE 927",2609141522,25,0
"Düsseldorf Hbf",7702481692019596064-2609140838-13,"ICE 108",2609141532,9,0
"Köln Hbf",4945186918802353023-2609141411-6,"ICE 1516",2609141533,15,0
"Düsseldorf Hbf",6519626148103819066-2609141045-9,"ICE 720",2609141536,22,0
"Köln Hbf",-107298036587741504-2609141538-1,"ICE 953",2609141538,2,0
"Köln Hbf",2218943744552257469-2609141434-3,"ICE 14",2609141539,17,0
"Düsseldorf Hbf",-257816953041096365-2609141136-16,"IC 2203",2609141546,40,0
"Köln Hbf",8187582116097718743-2609141546-1,"IC 2008",2609141546,1,0
"Köln Hbf",5653087570567167872-2609141126-12,"ICE 611",2609141546,66,0
"Düsseldorf Hbf",6378881227509878523-2609141550-1,"ICE 943",2609141550,3,0
"Köln Hbf",-1497213994658544450-2609141154-7,"ICE 927",2609141551,24,0
"Köln Hbf",-6452407069337976676-2609141128-8,"ICE 518",2609141605,1,0
"Köln Hbf",7010757467826963006-2609141132-9,"ICE 228",2609141606,14,0
"Köln Hbf",-8732834586368903752-2609141607-1,"ICE 1520",2609141607,0,0
"Düsseldorf Hbf",8187582116097718743-2609141546-2,"IC 2008",2609141608,20,0
"Düsseldorf Hbf",-3330605035074967330-2609141147-10,"ICE 940",2609141608,56,0
"Köln Hbf",-257816953041096365-2609141136-17,"IC 2203",2609141614,42,0
"Köln Hbf",-482221124538025922-2609141425-5,"ICE 17",2609141615,11,0
"Düsseldorf Hbf",6556040714554725251-2609141619-1,"ICE 725",2609141619,0,0
"Köln Hbf",375201943151232777-2609141147-9,"ICE 950",2609141621,49,0
"Düsseldorf Hbf",-762086226758254325-2609141226-11,"ICE 201",2609141622,13,0
"Köln Hbf",-6579606754577220741-2609141501-5,"ICE 1716",2609141625,31,0
"Düsseldorf Hbf",-8732834586368903752-2609141607-2,"ICE 1520",2609141627,4,0
"Köln Hbf",5058768902280124693-2609141629-1,"ICE 1611",2609141629,7,0
"Düsseldorf Hbf",7010757467826963006-2609141132-10,"ICE 228",2609141632,16,0
"Düsseldorf Hbf",8429649765325465614-2609141145-9,"ICE 628",2609141640,56,0
"Köln Hbf",4524910290568704513-2609141534-4,"ICE 122",2609141643,0,0
"Köln Hbf",-157208555968192668-2609141644-1,"ICE 653",2609141644,5,0
"Düsseldorf Hbf",5612128767266048221-2609141438-7,"ICE 127",2609141645,8,0
"Köln Hbf",-5036776284380011862-2609140922-21,"IC 2048",2609141645,20,0
"Düsseldorf Hbf",-5511541014003594580-2609141648-1,"ICE 643",2609141648,5,0
"Düsseldorf Hbf",6330890959881575446-2609140953-14,"ICE 2311",2609141650,26,0
"Köln Hbf",-762086226758254325-2609141226-12,"ICE 201",2609141650,8,0
"Düsseldorf Hbf",-1838827148333657754-2609141220-8,"ICE 916",2609141653,13,0
"Düsseldorf Hbf",2333246513660073790-2609141553-5,"ICE 1013",2609141703,10,0
"Köln Hbf",-8705107722613527627-2609141059-15,"ICE 106",2609141705,13,0
"Köln Hbf",-7566186731885125077-2609141305-8,"ICE 2012",2609141706,2,0
"Düsseldorf Hbf",4524910290568704513-2609141534-5,"ICE 122",2609141710,3,0
"Köln Hbf",-893148775004719136-2609141711-1,"IC 2043",2609141711,1,0
"Düsseldorf Hbf",-8713208741749436113-2609141247-11,"ICE 548",2609141712,52,0
"Köln Hbf",5612128767266048221-2609141438-8,"ICE 127",2609141713,13,0
"Köln Hbf",-2894975550766125611-2609141252-8,"ICE 558",2609141715,80,0
"Köln Hbf",6330890959881575446-2609140953-15,"ICE 2311",2609141719,29,0
"Düsseldorf Hbf",6757774550243091278-2609141720-1,"ICE 727",2609141720,6,0
"Düsseldorf Hbf",-2924322226173910183-2609141703-3,"ICE 929",2609141724,3,0
"Köln Hbf",-1057492321374091038-2609141731-1,"ICE 713",2609141731,0,1
"Düsseldorf Hbf",-8705107722613527627-2609141059-16,"ICE 106",2609141732,17,0
"Köln Hbf",-8631361224774257822-2609141611-6,"ICE 1514",2609141733,7,0
"Düsseldorf Hbf",5042424630356113204-2609141245-8,"ICE 626",2609141738,27,0
"Köln Hbf",-4550645364654346112-2609141738-1,"ICE 955",2609141738,0,0
"Köln Hbf",3763871362376381297-2609141634-3,"ICE 12",2609141740,17,0
"Düsseldorf Hbf",-7566186731885125077-2609141305-9,"ICE 2012",2609141742,2,0
"Düsseldorf Hbf",-2882197430592295029-2609141351-16,"IC 2205",2609141746,8,0
"Köln Hbf",-3282400354544978678-2609141746-1,"IC 2006",2609141746,0,0
"Köln Hbf",-2910589038648014094-2609141326-12,"ICE 613",2609141746,6,0
"Düsseldorf Hbf",-8275737537227179086-2609141750-1,"ICE 945",2609141750,4,0
"Köln Hbf",-2924322226173910183-2609141703-4,"ICE 929",2609141750,8,0
"Köln Hbf",6954924236955692259-2609141328-8,"ICE 516",2609141805,3,0
"Köln Hbf",944231164744023574-2609141332-9,"ICE 28",2609141806,1,0
"Düsseldorf Hbf",-3282400354544978678-2609141746-2,"IC 2006",2609141808,3,0
"Düsseldorf Hbf",3702662415087684826-2609141347-10,"ICE 848",2609141808,46,0
"Köln Hbf",6423634419829337550-2609141434-11,"ICE 710",2609141808,4,0
"Köln Hbf",-2882197430592295029-2609141351-17,"IC 2205",2609141814,4,0
"Köln Hbf",4992819178731237054-2609141622-5,"ICE 317",2609141815,21,0
"Düsseldorf Hbf",-3019965818182152821-2609141821-1,"ICE 729",2609141821,4,0
"Düsseldorf Hbf",-7956047615718350819-2609141426-11,"ICE 203",2609141822,13,0
"Köln Hbf",-1900115166859559092-2609141347-9,"ICE 858",2609141822,32,0
"Düsseldorf Hbf",1459720362045900384-2609141235-10,"ICE 216",2609141824,19,0
"Köln Hbf",-7955422278217659578-2609141703-5,"ICE 1714",2609141825,20,0
"Köln Hbf",1407594009417555306-2609141829-1,"ICE 1613",2609141829,6,0
"Düsseldorf Hbf",944231164744023574-2609141332-10,"ICE 28",2609141832,0,0
"Düsseldorf Hbf",-4521437519262178170-2609141345-9,"ICE 624",2609141836,55,1
"Köln Hbf",-6750794421454638985-2609141420-8,"ICE 224",2609141843,51,1
"Köln Hbf",9016403526930832374-2609141844-1,"ICE 655",2609141844,10,0
"Düsseldorf Hbf",-2599950570116389517-2609141638-7,"ICE 129",2609141845,2,0
"Köln Hbf",-4140470391187734614-2609141122-21,"IC 2440",2609141845,23,0
"Düsseldorf Hbf",4447890004106418758-2609141848-1,"ICE 645",2609141848,15,0
"Düsseldorf Hbf",7867558493628354270-2609141115-18,"ICE 1037",2609141850,9,0
"Köln Hbf",-7956047615718350819-2609141426-12,"ICE 203",2609141850,8,0
"Düsseldorf Hbf",-6727683722954373951-2609141754-5,"ICE 1015",2609141901,4,0
"Köln Hbf",-4758242349678413284-2609141238-12,"ICE 104",2609141905,27,0
"Köln Hbf",2508597620716488611-2609141536-8,"IC 2041",2609141906,25,0
"Düsseldorf Hbf",3141971505559871903-2609141447-10,"ICE 546",2609141908,12,0
"Düsseldorf Hbf",-6750794421454638985-2609141420-9,"ICE 224",2609141910,62,0
"Köln Hbf",-2599950570116389517-2609141638-8,"ICE 129",2609141913,0,0
"Köln Hbf",8430642524571604487-2609141452-8,"ICE 556",2609141915,52,0
"Düsseldorf Hbf",-3738461847412237185-2609141918-1,"ICE 821",2609141918,0,0
"Köln Hbf",7867558493628354270-2609141115-19,"ICE 1037",2609141920,2,0
"Düsseldorf Hbf",2312296716933966404-2609141554-4,"ICE 1021",2609141921,42,0
"Düsseldorf Hbf",-4055232889596422409-2609140803-29,"ICE 118",2609141924,25,0
"Düsseldorf Hbf",-4758242349678413284-2609141238-13,"ICE 104",2609141932,29,0
"Köln Hbf",-4997552987396627422-2609141811-6,"ICE 1512",2609141933,14,0
"Düsseldorf Hbf",-2142784246140329213-2609141445-8,"ICE 622",2609141936,27,0
"Köln Hbf",3141971505559871903-2609141447-11,"ICE 546",2609141936,13,0
"Köln Hbf",-8942408890709913676-2609141833-3,"ICE 10",2609141940,20,0
"Düsseldorf Hbf",1492120664389609114-2609141604-14,"IC 2207",2609141946,21,0
"Köln Hbf",-5425302918995479956-2609141526-12,"ICE 615",2609141946,11,0
"Düsseldorf Hbf",3778695356863398992-2609141950-1,"ICE 947",2609141950,4,0
"Köln Hbf",2312296716933966404-2609141554-5,"ICE 1021",2609141950,38,0
"Köln Hbf",-5040855886902453859-2609141528-8,"ICE 514",2609142005,21,1
"Köln Hbf",-8926157399752465663-2609141532-9,"ICE 26",2609142006,8,0
"Düsseldorf Hbf",798259414142998527-2609142009-1,"ICE 823",2609142009,0,0
"Düsseldorf Hbf",-9003107645534276753-2609141547-9,"ICE 846",2609142013,13,0
"Köln Hbf",1492120664389609114-2609141604-15,"IC 2207",2609142014,26,0
"Köln Hbf",4341219805487381340-2609141825-5,"ICE 19",2609142015,74,0
"Düsseldorf Hbf",-6235789055676348186-2609141626-11,"ICE 205",2609142022,20,0
"Köln Hbf",-819597198211929243-2609141547-9,"ICE 856",2609142022,11,0
"Düsseldorf Hbf",-8926157399752465663-2609141532-10,"ICE 26",2609142032,6,0
"Düsseldorf Hbf",-1188267942167451229-2609141545-9,"ICE 620",2609142037,25,0
"Köln Hbf",2576231255055476975-2609141934-4,"ICE 120",2609142043,17,0
"Düsseldorf Hbf",-7056878515633598205-2609141838-7,"ICE 221",2609142045,3,0
"Köln Hbf",-7949491460536242261-2609141322-21,"IC 2442",2609142045,11,0
"Köln Hbf",5646922477923288654-2609142045-1,"ICE 657",2609142045,3,0
"Köln Hbf",-6235789055676348186-2609141626-12,"ICE 205",2609142048,18,0
"Düsseldorf Hbf",-977669644680017628-2609141620-8,"ICE 912",2609142053,23,0
"Düsseldorf Hbf",8262134096716058006-2609141353-14,"ICE 2215",2609142059,0,0
"Köln Hbf",-7971996062035411059-2609141438-12,"ICE 102",2609142105,120,0
"Köln Hbf",1913356045703776437-2609141736-8,"IC 2349",2609142106,20,0
"Düsseldorf Hbf",2576231255055476975-2609141934-5,"ICE 120",2609142110,25,0
"Düsseldorf Hbf",-5885856201096992744-2609141647-10,"ICE 544",2609142112,29,0
"Köln Hbf",-7056878515633598205-2609141838-8,"ICE 221",2609142113,0,1
"Köln Hbf",6625519329407624873-2609141652-8,"ICE 554",2609142114,39,0
"Köln Hbf",8388183103841403836-2609141516-14,"ICE 1544",2609142119,31,0
"Düsseldorf Hbf",6194893901306646476-2609141726-11,"ICE 617",2609142121,2,0
"Köln Hbf",5268242451257549226-2609141901-6,"ICE 313",2609142124,13,0
"Köln Hbf",8262134096716058006-2609141353-15,"ICE 2215",2609142131,-3,0
"Düsseldorf Hbf",50770787591072936-2609141644-9,"ICE 528",2609142137,130,0
"Köln Hbf",1555483896112278137-2609142014-6,"ICE 318",2609142139,123,0
"Köln Hbf",-5885856201096992744-2609141647-11,"ICE 544",2609142140,25,0
"Köln Hbf",6194893901306646476-2609141726-12,"ICE 617",2609142148,0,0
"Köln Hbf",1123272061820542344-2609141732-9,"ICE 24",2609142206,60,0
"Düsseldorf Hbf",-4080761801504144103-2609141747-10,"ICE 844",2609142208,14,0
"Düsseldorf Hbf",6810614476303646777-2609141826-11,"ICE 207",2609142222,18,0
"Köln Hbf",4711383125555203513-2609141747-9,"ICE 854",2609142222,14,0
"Düsseldorf Hbf",1123272061820542344-2609141732-10,"ICE 24",2609142232,62,0
"Köln Hbf",-4080761801504144103-2609141747-11,"ICE 844",2609142234,11,0
"Köln Hbf",4804116960335233530-2609141522-21,"IC 2444",2609142245,3,0
"Köln Hbf",6810614476303646777-2609141826-12,"ICE 207",2609142251,12,0
"Düsseldorf Hbf",-1854738006003716349-2609141847-10,"ICE 542",2609142312,6,0
"Köln Hbf",2579078581490934825-2609141852-8,"ICE 552",2609142315,70,0
"Düsseldorf Hbf",7582314568044505717-2609142101-7,"IC 60403",2609142319,12,0
"Düsseldorf Hbf",5926473462606976417-2609141926-11,"ICE 619",2609142323,2,0
"Köln Hbf",5987880351959364904-2609142327-1,"ICE 1541",2609142327,30,0
"Köln Hbf",-1854738006003716349-2609141847-11,"ICE 542",2609142339,2,0
"Köln Hbf",7582314568044505717-2609142101-8,"IC 60403",2609142345,27,0
"Düsseldorf Hbf",5987880351959364904-2609142327-2,"ICE 1541",2609142349,31,0
"Köln Hbf",5926473462606976417-2609141926-12,"ICE 619",2609142349,0,0
"Köln Hbf",3337083331722830688-2609141932-9,"ICE 22",2609150006,11,0
"Düsseldorf Hbf",-4737482986446738332-2609141947-10,"ICE 842",2609150008,18,0
"Düsseldorf Hbf",8570739711458019321-2609141936-9,"IC 2347",2609150014,25,0
"Köln Hbf",3736117015423388331-2609141746-7,"ICE 526",2609150015,1,0
"Köln Hbf",6195485783263057734-2609141819-7,"ICE 910",2609150033,-23,0
"Köln Hbf",-4737482986446738332-2609141947-11,"ICE 842",2609150034,23,0
"Düsseldorf Hbf",3337083331722830688-2609141932-10,"ICE 22",2609150035,13,0
"Düsseldorf Hbf",3736117015423388331-2609141746-8,"ICE 526",2609150040,4,0
"Düsseldorf Hbf",-4463983841688751065-2609142024-12,"ICE 209",2609150047,36,0
"Köln Hbf",4005400229928334385-2609141659-15,"ICE 100",2609150050,-9,0
"Köln Hbf",-4463983841688751065-2609142024-13,"ICE 209",2609150116,42,0
"Köln Hbf",8322424274180843926-2609141928-8,"ICE 510",2609150135,60,0
"Köln Hbf",8503777394879306018-2609142322-9,"ICE 920",2609150205,24,0
"Düsseldorf Hbf",8503777394879306018-2609142322-10,"ICE 920",2609150231,27,0
"Düsseldorf Hbf",2774174590951633862-2609142225-14,"ICE 921",2609150249,35,0
"Köln Hbf",2774174590951633862-2609142225-15,"ICE 921",2609150315,32,0
"Köln Hbf",-1822966271854478829-2609150400-1,"ICE 1028",2609150400,16,0
"Düsseldorf Hbf",-1822966271854478829-2609150400-3,"ICE 1028",2609150425,16,0
"Köln Hbf",8652078400714170233-2609150425-1,"ICE 541",2609150425,0,0
"Düsseldorf Hbf",8652078400714170233-2609150425-2,"ICE 541",2609150447,0,0
"Düsseldorf Hbf",-881594861635697900-2609150400-6,"ICE 523",2609150455,16,0
"Köln Hbf",-1981361635087318141-2609150511-1,"IC 2445",2609150511,0,0
"Köln Hbf",1179810196779242077-2609150511-1,"ICE 208",2609150511,0,0
"Düsseldorf Hbf",3596733780499351643-2609150422-6,"ICE 23",2609150522,3,0
"Köln Hbf",-397321280238564306-2609150525-1,"ICE 911",2609150525,0,0
"Köln Hbf",-5962154382149198734-2609150526-1,"ICE 843",2609150526,0,0
"Düsseldorf Hbf",1179810196779242077-2609150511-2,"ICE 208",2609150532,1,0
"Köln Hbf",-486178897212069438-2609150538-1,"ICE 853",2609150538,7,0
"Köln Hbf",4753870957390372842-2609142159-14,"IC 60402",2609150544,6,0
"Düsseldorf Hbf",707692460492138158-2609142339-14,"ICE 1540",2609150547,48,0
"Köln Hbf",4230433869735770140-2609150548-1,"ICE 511",2609150548,0,0
"Düsseldorf Hbf",-5962154382149198734-2609150526-2,"ICE 843",2609150549,0,0
"Köln Hbf",3596733780499351643-2609150422-7,"ICE 23",2609150549,2,0
"Köln Hbf",2178700040520449500-2609150601-1,"ICE 711",2609150601,0,0
"Köln Hbf",2686007473625185344-2609150001-12,"ICE 618",2609150604,0,0
"Köln Hbf",-7723883505152961116-2609150611-1,"ICE 312",2609150611,1,0
"Düsseldorf Hbf",4753870957390372842-2609142159-15,"IC 60402",2609150615,3,0
"Köln Hbf",707692460492138158-2609142339-15,"ICE 1540",2609150615,90,0
"Düsseldorf Hbf",-7586352224211082006-2609150514-4,"ICE 525",2609150618,16,0
"Düsseldorf Hbf",8735574551800398555-2609150524-5,"ICE 101",2609150622,67,0
"Köln Hbf",-4310203737838801908-2609150625-1,"ICE 543",2609150625,0,0
"Köln Hbf",1878809338003406023-2609150627-1,"ICE 1511",2609150627,0,0
"Düsseldorf Hbf",2686007473625185344-2609150001-13,"ICE 618",2609150632,2,0
"Köln Hbf",6856208171401458843-2609150534-4,"ICE 222",2609150643,-1,0
"Köln Hbf",-7151271002257875909-2609150502-6,"IC 2348",2609150645,21,0
"Köln Hbf",-8806275556870827116-2609150645-1,"ICE 553",2609150645,0,0
"Düsseldorf Hbf",-4310203737838801908-2609150625-2,"ICE 543",2609150647,2,0
"Köln Hbf",8735574551800398555-2609150524-6,"ICE 101",2609150650,62,0
"Düsseldorf Hbf",-6165068286223376269-2609150554-5,"ICE 913",2609150702,2,1
"Köln Hbf",-2103315967753215489-2609150609-3,"IC 2443",2609150706,3,0
"Düsseldorf Hbf",6856208171401458843-2609150534-5,"ICE 222",2609150710,3,0
"Köln Hbf",6135728412348303878-2609150711-1,"ICE 206",2609150711,1,0
"Düsseldorf Hbf",-853844594697067860-2609150615-4,"ICE 527",2609150718,0,1
"Düsseldorf Hbf",542680258128049209-2609150621-6,"ICE 25",2609150724,44,0
"Köln Hbf",5312563495212518167-2609150726-1,"ICE 845",2609150726,0,1
"Düsseldorf Hbf",6135728412348303878-2609150711-2,"ICE 206",2609150732,3,0
"Köln Hbf",-7772981549573087469-2609150733-1,"ICE 1713",2609150733,0,0
"Düsseldorf Hbf",8378187760869811763-2609150541-8,"ICE 826",2609150737,0,0
"Köln Hbf",7280780786399683236-2609150738-1,"ICE 855",2609150738,8,0
"Köln Hbf",4021377973164879687-2609150634-3,"ICE 18",2609150740,10,0
"Köln Hbf",2082653246441066227-2609150740-1,"ICE 2310",2609150740,0,0
"Köln Hbf",-1316725331766652964-2609150603-6,"ICE 513",2609150745,16,0
"Köln Hbf",-8638855930583862299-2609150746-1,"IC 2206",2609150746,20,0
"Düsseldorf Hbf",5312563495212518167-2609150726-2,"ICE 845",2609150749,2,1
"Köln Hbf",542680258128049209-2609150621-7,"ICE 25",2609150750,43,0
"Köln Hbf",-3118459641712443593-2609150600-7,"ICE 712",2609150757,4,0
"Köln Hbf",937531600424895578-2609150549-4,"ICE 616",2609150805,3,1
"Düsseldorf Hbf",2082653246441066227-2609150740-2,"ICE 2310",2609150807,3,0
"Düsseldorf Hbf",-8638855930583862299-2609150746-2,"IC 2206",2609150810,43,0
"Köln Hbf",-683349446891373235-2609150623-5,"ICE 11",2609150816,2,1
"Düsseldorf Hbf",7320863906691937525-2609150719-4,"ICE 529",2609150818,34,0
"Düsseldorf Hbf",8518232099080018263-2609150426-11,"ICE 103",2609150822,19,0
"Köln Hbf",-1489252697791169587-2609150825-1,"ICE 545",2609150825,24,0
"Köln Hbf",-2307934263002248776-2609150829-1,"ICE 1513",2609150829,24,0
"Düsseldorf Hbf",8056505330798593907-2609150706-6,"ICE 119",2609150831,14,0
"Düsseldorf Hbf",1795377954048554987-2609150708-5,"ICE 824",2609150840,8,0
"Köln Hbf",-3687533052908579649-2609150734-4,"ICE 220",2609150843,2,0
"Köln Hbf",-5067205027928923412-2609150844-1,"ICE 555",2609150844,13,0
"Düsseldorf Hbf",1800994547680145354-2609150638-7,"ICE 121",2609150845,55,0
"Köln Hbf",-3987770513815330460-2609150539-12,"IC 2040",2609150845,18,0
"Köln Hbf",6675332026866779665-2609150845-1,"ICE 1036",2609150845,0,0
"Düsseldorf Hbf",-1489252697791169587-2609150825-2,"ICE 545",2609150847,27,0
"Köln Hbf",8518232099080018263-2609150426-12,"ICE 103",2609150850,17,0
"Düsseldorf Hbf",-5947456125297650390-2609150420-8,"ICE 1014",2609150853,4,0
"Düsseldorf Hbf",400157404087783375-2609150753-5,"ICE 915",2609150902,6,0
"Köln Hbf",735896325928713766-2609150525-7,"ICE 204",2609150905,7,0
"Düsseldorf Hbf",6675332026866779665-2609150845-2,"ICE 1036",2609150906,2,0
"Köln Hbf",4558275999006255649-2609150643-7,"IC 2441",2609150906,4,0
"Düsseldorf Hbf",-3687533052908579649-2609150734-5,"ICE 220",2609150910,14,0
"Düsseldorf Hbf",6972548221701888574-2609150418-15,"ICE 646",2609150912,46,0
"Köln Hbf",1800994547680145354-2609150638-8,"ICE 121",2609150913,52,0
"Köln Hbf",5146840242049916044-2609150640-5,"ICE 656",2609150915,63,0
"Düsseldorf Hbf",-2521696256132503788-2609150920-1,"ICE 621",2609150920,2,0
"Düsseldorf Hbf",-1790024725878292801-2609150820-6,"ICE 27",2609150924,2,0
"Köln Hbf",-8906112445839706377-2609150926-1,"ICE 847",2609150926,1,0
"Düsseldorf Hbf",-6888861751751692665-2609150817-6,"ICE 217",2609150928,1,0
"Düsseldorf Hbf",735896325928713766-2609150525-8,"ICE 204",2609150932,12,0
"Köln Hbf",8918082092638159592-2609150812-6,"ICE 1612",2609150932,0,0
"Düsseldorf Hbf",-6223962037244896084-2609150441-10,"ICE 822",2609150936,1,0
"Köln Hbf",7127812590731908748-2609150938-1,"ICE 857",2609150938,0,0
"Köln Hbf",-5717720788505540143-2609150833-3,"ICE 316",2609150939,6,0
"Düsseldorf Hbf",-6760724929342255350-2609150634-13,"IC 2007",2609150946,21,0
"Köln Hbf",-3482704518387342076-2609150946-1,"IC 2204",2609150946,1,0
"Köln Hbf",6512354943507599026-2609150526-12,"ICE 515",2609150946,18,0
"Düsseldorf Hbf",-8906112445839706377-2609150926-2,"ICE 847",2609150949,4,0
"Köln Hbf",-1790024725878292801-2609150820-7,"ICE 27",2609150952,2,0
"Köln Hbf",67517114520381301-2609150533-8,"ICE 614",2609151005,2,0
"Köln Hbf",4250821308365947570-2609150528-10,"ICE 1022",2609151006,12,0
"Düsseldorf Hbf",-3482704518387342076-2609150946-2,"IC 2204",2609151008,3,0
"Düsseldorf Hbf",-4782954664003624221-2609150526-12,"ICE 946",2609151008,17,0
"Köln Hbf",-6760724929342255350-2609150634-14,"IC 2007",2609151014,18,0
"Köln Hbf",7296668088221534520-2609150825-5,"ICE 13",2609151016,16,0
"Düsseldorf Hbf",7692347899239356115-2609151019-1,"ICE 623",2609151019,0,0
"Düsseldorf Hbf",-3500545049874534285-2609150626-11,"ICE 105",2609151022,7,0
"Köln Hbf",-6590078199824287896-2609150526-11,"ICE 956",2609151022,23,0
"Köln Hbf",309221757920376132-2609151029-1,"ICE 1515",2609151029,0,0
"Düsseldorf Hbf",4250821308365947570-2609150528-11,"ICE 1022",2609151035,15,0
"Düsseldorf Hbf",5509309536167095600-2609150544-10,"ICE 820",2609151040,28,0
"Köln Hbf",-8155331480429548080-2609150934-4,"ICE 128",2609151043,14,0
"Köln Hbf",-8614664585551473503-2609151044-1,"ICE 557",2609151044,0,0
"Düsseldorf Hbf",467631948029280047-2609150831-7,"ICE 225",2609151045,54,0
"Köln Hbf",5248730939501738569-2609150602-15,"IC 2042",2609151045,33,0
"Düsseldorf Hbf",211585818996437737-2609151048-1,"ICE 547",2609151048,20,0
"Köln Hbf",-3500545049874534285-2609150626-12,"ICE 105",2609151050,10,0
"Düsseldorf Hbf",-6324333303227400345-2609150620-8,"ICE 1012",2609151053,34,0
"Köln Hbf",8125274319994745100-2609151053-1,"ICE 2013",2609151053,4,0
"Köln Hbf",-508151058757607646-2609150716-9,"ICE 202",2609151105,5,0
"Köln Hbf",2031840069123671352-2609150736-8,"IC 2049",2609151106,0,0
"Düsseldorf Hbf",2417110662322496020-2609150647-10,"ICE 644",2609151109,65,0
"Düsseldorf Hbf",-8155331480429548080-2609150934-5,"ICE 128",2609151110,20,0
"Köln Hbf",467631948029280047-2609150831-8,"ICE 225",2609151114,58,0
"Köln Hbf",-2664747470423541798-2609150652-8,"ICE 654",2609151114,55,0
"Düsseldorf Hbf",-1863724056778564852-2609151117-1,"ICE 625",2609151117,1,0
"Düsseldorf Hbf",3450663025951470366-2609150602-8,"ICE 1521",2609151119,18,0
"Düsseldorf Hbf",3704713885565394549-2609151024-4,"ICE 29",2609151124,1,0
"Düsseldorf Hbf",-508151058757607646-2609150716-10,"ICE 202",2609151132,6,0
"Köln Hbf",98157840525274029-2609151011-6,"ICE 1610",2609151133,28,0
"Düsseldorf Hbf",-7827307397706401371-2609150644-8,"ICE 728",2609151137,12,0
"Köln Hbf",-9221432942161771616-2609151138-1,"ICE 859",2609151138,3,0
"Köln Hbf",-3207602294555876168-2609151034-3,"ICE 16",2609151139,10,0
"Köln Hbf",3450663025951470366-2609150602-9,"ICE 1521",2609151145,15,0
"Düsseldorf Hbf",6862846665566225825-2609150834-13,"IC 2009",2609151146,21,0
"Köln Hbf",-8775310893499181309-2609151146-1,"IC 2202",2609151146,1,0
"Köln Hbf",-4602427783665327588-2609150726-12,"ICE 517",2609151146,29,0
"Düsseldorf Hbf",-3935110464616838577-2609151150-1,"ICE 849",2609151150,1,0
"Köln Hbf",3704713885565394549-2609151024-5,"ICE 29",2609151150,0,0
"Köln Hbf",-8386336934533711188-2609150728-9,"ICE 1020",2609151205,16,0
"Köln Hbf",-7184453857839759572-2609150728-8,"ICE 612",2609151205,3,0
"Düsseldorf Hbf",-8775310893499181309-2609151146-2,"IC 2202",2609151208,3,0
"Düsseldorf Hbf",789381465621699355-2609150747-10,"ICE 944",2609151208,28,0
"Köln Hbf",4555217987378332456-2609150713-11,"ICE 1548",2609151209,33,0
"Köln Hbf",6862846665566225825-2609150834-14,"IC 2009",2609151214,19,0
"Köln Hbf",-6382331557337532208-2609151025-5,"ICE 15",2609151215,5,0
"Düsseldorf Hbf",-7766800689315712550-2609151219-1,"ICE 627",2609151219,0,0
"Düsseldorf Hbf",-5703640496454004355-2609150825-11,"ICE 107",2609151222,5,0
"Köln Hbf",5065395714490050726-2609150747-9,"ICE 954",2609151222,27,0
"Köln Hbf",-8376398398323607088-2609151229-1,"ICE 1517",2609151229,0,0
"Düsseldorf Hbf",-8386336934533711188-2609150728-10,"ICE 1020",2609151230,18,0
"Düsseldorf Hbf",5394868531176279031-2609150742-9,"ICE 726",2609151240,11,0
"Köln Hbf",-4712053304823003938-2609151134-4,"ICE 126",2609151243,4,0
"Köln Hbf",5886092952094503689-2609151244-1,"ICE 559",2609151244,8,0
"Düsseldorf Hbf",1869793107893408377-2609151031-7,"ICE 123",2609151245,25,0
"Köln Hbf",666711005360005078-2609150522-21,"IC 2044",2609151245,25,0
"Köln Hbf",607281138257369836-2609151245-1,"ICE 1032",2609151245,0,0
"Düsseldorf Hbf",-5225265888807154878-2609151248-1,"ICE 549",2609151248,5,0
"Köln Hbf",-5703640496454004355-2609150825-12,"ICE 107",2609151250,1,0
"Düsseldorf Hbf",-1202781486977583710-2609150819-8,"ICE 1010",2609151253,16,0
"Düsseldorf Hbf",-5763151150910106247-2609151155-5,"ICE 919",2609151302,2,0
"Köln Hbf",5555371111259384160-2609150759-9,"ICE 200",2609151305,17,0
"Düsseldorf Hbf",607281138257369836-2609151245-2,"ICE 1032",2609151306,1,0
"Köln Hbf",-1660175693055885317-2609150936-8,"IC 2047",2609151306,6,0
"Düsseldorf Hbf",-4712053304823003938-2609151134-5,"ICE 126",2609151310,7,0
"Düsseldorf Hbf",-3811000113167125819-2609150847-11,"ICE 642",2609151311,31,0
"Köln Hbf",1869793107893408377-2609151031-8,"ICE 123",2609151314,22,0
"Köln Hbf",7029715491133337413-2609150852-8,"ICE 652",2609151315,41,0
"Düsseldorf Hbf",2307301279586290347-2609151321-1,"ICE 629",2609151321,0,0
"Düsseldorf Hbf",6492627968416470339-2609151221-6,"ICE 229",2609151324,8,0
"Köln Hbf",-2157107938954049243-2609151101-6,"ICE 311",2609151324,2,0
"Düsseldorf Hbf",5555371111259384160-2609150759-10,"ICE 200",2609151332,18,0
"Köln Hbf",-7017661080292591369-2609151211-6,"ICE 1518",2609151333,0,0
"Köln Hbf",201535978532296242-2609151334-1,"ICE 1549",2609151334,0,0
"Düsseldorf Hbf",-4676367904559688889-2609150845-8,"ICE 724",2609151337,0,0
"Köln Hbf",-4020550040361167307-2609151338-1,"ICE 951",2609151338,7,0
"Köln Hbf",4216288988927907099-2609151234-3,"ICE 314",2609151339,9,0
"Düsseldorf Hbf",5900362052756938804-2609150951-16,"IC 2201",2609151346,29,0
"Köln Hbf",-3185038341433261764-2609151346-1,"IC 2200",2609151346,1,0
"Köln Hbf",-8471873024121272354-2609150926-12,"ICE 519",2609151346,17,0
"Düsseldorf Hbf",-1360629902197387952-2609151350-1,"ICE 941",2609151350,5,0
"Köln Hbf",6492627968416470339-2609151221-7,"ICE 229",2609151352,8,0
"Köln Hbf",9011011619156863439-2609150928-8,"ICE 610",2609151405,1,0
"Köln Hbf",338204297594764006-2609150827-10,"ICE 926",2609151406,5,0
"Düsseldorf Hbf",-3185038341433261764-2609151346-2,"IC 2200",2609151408,4,0
"Düsseldorf Hbf",7024771559125615258-2609150947-10,"ICE 942",2609151408,70,0
"Köln Hbf",5900362052756938804-2609150951-17,"IC 2201",2609151414,25,0
"Köln Hbf",4815612638303090443-2609151225-5,"ICE 315",2609151415,6,0
"Düsseldorf Hbf",-758807154932475400-2609151419-1,"ICE 721",2609151419,0,0
"Düsseldorf Hbf",6610086332469437335-2609151026-11,"ICE 109",2609151422,15,0
"Köln Hbf",2625224039751841654-2609150947-9,"ICE 952",2609151422,0,1
"Köln Hbf",4846835449118805747-2609151429-1,"ICE 1519",2609151429,0,0
"Düsseldorf Hbf",338204297594764006-2609150827-11,"ICE 926",2609151432,14,0
"Düsseldorf Hbf",-7906017824379584014-2609150946-9,"ICE 722",2609151436,1,0
"Köln Hbf",-8784598530479710827-2609151438-1,"ICE 310",2609151438,2,0
"Köln Hbf",-5676785138972199399-2609151334-4,"ICE 124",2609151443,1,0
"Köln Hbf",-6270903731699972278-2609151444-1,"ICE 651",2609151444,1,0
"Düsseldorf Hbf",-9018982874238179365-2609151238-7,"ICE 125",2609151445,1,0
"Köln Hbf",-5299413353021537464-2609150722-21,"IC 2046",2609151445,51,0
"Düsseldorf Hbf",7188954872564278301-2609151448-1,"ICE 641",2609151448,4,0
"Düsseldorf Hbf",-553863566957669250-2609150730-17,"ICE 1033",2609151450,2,0
"Köln Hbf",6610086332469437335-2609151026-12,"ICE 109",2609151450,10,0
"Düsseldorf Hbf",7844358081895785158-2609151019-8,"ICE 918",2609151453,1,0
"Düsseldorf Hbf",8564432605510706771-2609151353-4,"ICE 1011",2609151501,3,0
"Köln Hbf",7702481692019596064-2609150838-12,"ICE 108",2609151505,2,0
"Köln Hbf",7334323916340841763-2609151136-8,"IC 2045",2609151506,9,0
"Düsseldorf Hbf",-5676785138972199399-2609151334-5,"ICE 124",2609151510,3,0
"Düsseldorf Hbf",8642793912640631890-2609151047-11,"ICE 640",2609151511,49,0
"Köln Hbf",-9018982874238179365-2609151238-8,"ICE 125",2609151513,0,0
"Köln Hbf",-7022498938457192021-2609151052-8,"ICE 650",2609151515,55,0
"Düsseldorf Hbf",5311537321398817844-2609151520-1,"ICE 723",2609151520,0,0
"Köln Hbf",-553863566957669250-2609150730-18,"ICE 1033",2609151520,-2,0
"Düsseldorf Hbf",-1497213994658544450-2609151154-6,"ICE 927",2609151522,4,0
"Düsseldorf Hbf",7702481692019596064-2609150838-13,"ICE 108",2609151532,2,0
"Köln Hbf",4945186918802353023-2609151411-6,"ICE 1516",2609151533,0,0
"Düsseldorf Hbf",6519626148103819066-2609151045-9,"ICE 720",2609151536,2,0
"Köln Hbf",-107298036587741504-2609151538-1,"ICE 953",2609151538,30,0
"Köln Hbf",2218943744552257469-2609151434-3,"ICE 14",2609151539,5,0
"Düsseldorf Hbf",-257816953041096365-2609151136-16,"IC 2203",2609151546,29,0
"Köln Hbf",8187582116097718743-2609151546-1,"IC 2008",2609151546,0,0
"Köln Hbf",5653087570567167872-2609151126-12,"ICE 611",2609151546,22,0
"Düsseldorf Hbf",6378881227509878523-2609151550-1,"ICE 943",2609151550,3,0
"Köln Hbf",-1497213994658544450-2609151154-7,"ICE 927",2609151551,1,0
"Köln Hbf",-6452407069337976676-2609151128-8,"ICE 518",2609151605,7,0
"Köln Hbf",7010757467826963006-2609151132-9,"ICE 228",2609151606,0,0
"Köln Hbf",-8732834586368903752-2609151607-1,"ICE 1520",2609151607,0,0
"Düsseldorf Hbf",8187582116097718743-2609151546-2,"IC 2008",2609151608,2,0
"Düsseldorf Hbf",-3330605035074967330-2609151147-10,"ICE 940",2609151608,54,0
"Köln Hbf",-257816953041096365-2609151136-17,"IC 2203",2609151614,28,0
"Köln Hbf",-482221124538025922-2609151425-5,"ICE 17",2609151615,7,0
"Düsseldorf Hbf",6556040714554725251-2609151619-1,"ICE 725",2609151619,5,0
"Köln Hbf",375201943151232777-2609151147-9,"ICE 950",2609151621,25,0
"Düsseldorf Hbf",-762086226758254325-2609151226-11,"ICE 201",2609151622,25,0
"Köln Hbf",-6579606754577220741-2609151501-5,"ICE 1716",2609151625,0,0
"Düsseldorf Hbf",-8732834586368903752-2609151607-2,"ICE 1520",2609151627,1,0
"Köln Hbf",5058768902280124693-2609151629-1,"ICE 1611",2609151629,0,0
"Düsseldorf Hbf",7010757467826963006-2609151132-10,"ICE 228",2609151632,1,0
"Düsseldorf Hbf",8429649765325465614-2609151145-9,"ICE 628",2609151640,9,0
"Köln Hbf",4524910290568704513-2609151534-4,"ICE 122",2609151643,5,0
"Köln Hbf",-157208555968192668-2609151644-1,"ICE 653",2609151644,3,0
"Düsseldorf Hbf",5612128767266048221-2609151438-7,"ICE 127",2609151645,9,0
"Köln Hbf",-5036776284380011862-2609150922-21,"IC 2048",2609151645,25,0
"Düsseldorf Hbf",-5511541014003594580-2609151648-1,"ICE 643",2609151648,2,0
"Düsseldorf Hbf",6330890959881575446-2609150953-14,"ICE 2311",2609151650,26,0
"Köln Hbf",-762086226758254325-2609151226-12,"ICE 201",2609151650,20,0
"Düsseldorf Hbf",-1838827148333657754-2609151220-8,"ICE 916",2609151653,5,0
"Düsseldorf Hbf",2333246513660073790-2609151553-5,"ICE 1013",2609151703,6,0
"Köln Hbf",-8705107722613527627-2609151059-15,"ICE 106",2609151705,2,0
"Köln Hbf",-7566186731885125077-2609151305-8,"ICE 2012",2609151706,0,1
"Düsseldorf Hbf",4524910290568704513-2609151534-5,"ICE 122",2609151710,15,0
"Köln Hbf",-893148775004719136-2609151711-1,"IC 2043",2609151711,1,0
"Düsseldorf Hbf",-8713208741749436113-2609151247-11,"ICE 548",2609151712,29,0
"Köln Hbf",5612128767266048221-2609151438-8,"ICE 127",2609151713,9,0
"Köln Hbf",-2894975550766125611-2609151252-8,"ICE 558",2609151715,62,0
"Köln Hbf",6330890959881575446-2609150953-15,"ICE 2311",2609151719,28,0
"Düsseldorf Hbf",6757774550243091278-2609151720-1,"ICE 727",2609151720,6,0
"Düsseldorf Hbf",-2924322226173910183-2609151703-3,"ICE 929",2609151724,11,0
"Köln Hbf",-1057492321374091038-2609151731-1,"ICE 713",2609151731,0,0
"Düsseldorf Hbf",-8705107722613527627-2609151059-16,"ICE 106",2609151732,5,0
"Köln Hbf",-8631361224774257822-2609151611-6,"ICE 1514",2609151733,1,0
"Düsseldorf Hbf",5042424630356113204-2609151245-8,"ICE 626",2609151738,97,1
"Köln Hbf",-4550645364654346112-2609151738-1,"ICE 955",2609151738,1,0
"Köln Hbf",3763871362376381297-2609151634-3,"ICE 12",2609151740,9,0
"Düsseldorf Hbf",-7566186731885125077-2609151305-9,"ICE 2012",2609151742,0,1
"Düsseldorf Hbf",-2882197430592295029-2609151351-16,"IC 2205",2609151746,5,0
"Köln Hbf",-3282400354544978678-2609151746-1,"IC 2006",2609151746,0,0
"Köln Hbf",-2910589038648014094-2609151326-12,"ICE 613",2609151746,38,1
"Düsseldorf Hbf",-8275737537227179086-2609151750-1,"ICE 945",2609151750,0,0
"Köln Hbf",-2924322226173910183-2609151703-4,"ICE 929",2609151750,11,0
"Köln Hbf",6954924236955692259-2609151328-8,"ICE 516",2609151805,1,0
"Köln Hbf",944231164744023574-2609151332-9,"ICE 28",2609151806,31,0
"Düsseldorf Hbf",-3282400354544978678-2609151746-2,"IC 2006",2609151808,5,0
"Düsseldorf Hbf",3702662415087684826-2609151347-10,"ICE 848",2609151808,27,0
"Köln Hbf",6423634419829337550-2609151434-11,"ICE 710",2609151808,1,0
"Köln Hbf",-2882197430592295029-2609151351-17,"IC 2205",2609151814,5,0
"Köln Hbf",4992819178731237054-2609151622-5,"ICE 317",2609151815,10,0
"Düsseldorf Hbf",-3019965818182152821-2609151821-1,"ICE 729",2609151821,1,0
"Düsseldorf Hbf",-7956047615718350819-2609151426-11,"ICE 203",2609151822,21,0
"Köln Hbf",-1900115166859559092-2609151347-9,"ICE 858",2609151822,16,0
"Düsseldorf Hbf",1459720362045900384-2609151235-10,"ICE 216",2609151824,2,0
"Köln Hbf",-7955422278217659578-2609151703-5,"ICE 1714",2609151825,26,0
"Köln Hbf",1407594009417555306-2609151829-1,"ICE 1613",2609151829,0,0
"Düsseldorf Hbf",944231164744023574-2609151332-10,"ICE 28",2609151832,34,0
"Düsseldorf Hbf",-4521437519262178170-2609151345-9,"ICE 624",2609151836,74,0
"Köln Hbf",-6750794421454638985-2609151420-8,"ICE 224",2609151843,0,0
"Köln Hbf",9016403526930832374-2609151844-1,"ICE 655",2609151844,10,0
"Düsseldorf Hbf",-2599950570116389517-2609151638-7,"ICE 129",2609151845,4,0
"Köln Hbf",-4140470391187734614-2609151122-21,"IC 2440",2609151845,20,0
"Düsseldorf Hbf",4447890004106418758-2609151848-1,"ICE 645",2609151848,0,0
"Düsseldorf Hbf",7867558493628354270-2609151115-18,"ICE 1037",2609151850,13,0
"Köln Hbf",-7956047615718350819-2609151426-12,"ICE 203",2609151850,17,1
"Düsseldorf Hbf",-6727683722954373951-2609151754-5,"ICE 1015",2609151901,5,0
"Köln Hbf",-4758242349678413284-2609151238-12,"ICE 104",2609151905,7,0
"Köln Hbf",2508597620716488611-2609151536-8,"IC 2041",2609151906,28,0
"Düsseldorf Hbf",3141971505559871903-2609151447-10,"ICE 546",2609151908,57,0
"Düsseldorf Hbf",-6750794421454638985-2609151420-9,"ICE 224",2609151910,5,0
"Köln Hbf",-2599950570116389517-2609151638-8,"ICE 129",2609151913,0,0
"Köln Hbf",8430642524571604487-2609151452-8,"ICE 556",2609151915,32,0
"Düsseldorf Hbf",-3738461847412237185-2609151918-1,"ICE 821",2609151918,2,0
"Köln Hbf",7867558493628354270-2609151115-19,"ICE 1037",2609151920,12,0
"Düsseldorf Hbf",2312296716933966404-2609151554-4,"ICE 1021",2609151921,24,0
"Düsseldorf Hbf",-4055232889596422409-2609150803-29,"ICE 118",2609151924,7,1
"Düsseldorf Hbf",-4758242349678413284-2609151238-13,"ICE 104",2609151932,11,0
"Köln Hbf",-4997552987396627422-2609151811-6,"ICE 1512",2609151933,16,0
"Düsseldorf Hbf",-2142784246140329213-2609151445-8,"ICE 622",2609151936,37,0
"Köln Hbf",3141971505559871903-2609151447-11,"ICE 546",2609151936,54,0
"Köln Hbf",-8942408890709913676-2609151833-3,"ICE 10",2609151940,13,0
"Düsseldorf Hbf",1492120664389609114-2609151604-14,"IC 2207",2609151946,31,0
"Köln Hbf",-5425302918995479956-2609151526-12,"ICE 615",2609151946,25,0
"Düsseldorf Hbf",3778695356863398992-2609151950-1,"ICE 947",2609151950,1,0
"Köln Hbf",2312296716933966404-2609151554-5,"ICE 1021",2609151950,20,0
"Köln Hbf",-5040855886902453859-2609151528-8,"ICE 514",2609152005,6,0
"Köln Hbf",-8926157399752465663-2609151532-9,"ICE 26",2609152006,21,0
"Düsseldorf Hbf",798259414142998527-2609152009-1,"ICE 823",2609152009,13,0
"Düsseldorf Hbf",-9003107645534276753-2609151547-9,"ICE 846",2609152013,35,0
"Köln Hbf",1492120664389609114-2609151604-15,"IC 2207",2609152014,30,0
"Köln Hbf",4341219805487381340-2609151825-5,"ICE 19",2609152015,6,0
"Düsseldorf Hbf",-6235789055676348186-2609151626-11,"ICE 205",2609152022,3,0
"Köln Hbf",-819597198211929243-2609151547-9,"ICE 856",2609152022,27,0
"Düsseldorf Hbf",-8926157399752465663-2609151532-10,"ICE 26",2609152032,19,0
"Düsseldorf Hbf",-1188267942167451229-2609151545-9,"ICE 620",2609152037,40,0
"Köln Hbf",2576231255055476975-2609151934-4,"ICE 120",2609152043,0,0
"Düsseldorf Hbf",-7056878515633598205-2609151838-7,"ICE 221",2609152045,3,0
"Köln Hbf",-7949491460536242261-2609151322-21,"IC 2442",2609152045,35,0
"Köln Hbf",5646922477923288654-2609152045-1,"ICE 657",2609152045,20,0
"Köln Hbf",-6235789055676348186-2609151626-12,"ICE 205",2609152048,3,0
"Düsseldorf Hbf",-977669644680017628-2609151620-8,"ICE 912",2609152053,33,0
"Köln Hbf",-7971996062035411059-2609151438-12,"ICE 102",2609152105,2,0
"Köln Hbf",1913356045703776437-2609151736-8,"IC 2349",2609152106,4,0
"Düsseldorf Hbf",2576231255055476975-2609151934-5,"ICE 120",2609152110,2,0
"Düsseldorf Hbf",-5885856201096992744-2609151647-10,"ICE 544",2609152112,82,0
"Köln Hbf",-7056878515633598205-2609151838-8,"ICE 221",2609152113,4,0
"Köln Hbf",6625519329407624873-2609151652-8,"ICE 554",2609152114,55,0
"Köln Hbf",8388183103841403836-2609151516-14,"ICE 1544",2609152119,8,0
"Düsseldorf Hbf",6194893901306646476-2609151726-11,"ICE 617",2609152121,5,0
"Köln Hbf",5268242451257549226-2609151901-6,"ICE 313",2609152124,1,0
"Düsseldorf Hbf",50770787591072936-2609151644-9,"ICE 528",2609152137,13,0
"Köln Hbf",1555483896112278137-2609152014-6,"ICE 318",2609152139,9,0
"Köln Hbf",-5885856201096992744-2609151647-11,"ICE 544",2609152140,78,0
"Köln Hbf",6194893901306646476-2609151726-12,"ICE 617",2609152148,1,0
"Köln Hbf",1123272061820542344-2609151732-9,"ICE 24",2609152206,34,0
"Düsseldorf Hbf",-4080761801504144103-2609151747-10,"ICE 844",2609152208,41,0
"Düsseldorf Hbf",6810614476303646777-2609151826-11,"ICE 207",2609152224,6,0
"Düsseldorf Hbf",1123272061820542344-2609151732-10,"ICE 24",2609152232,41,0
"Düsseldorf Hbf",4804116960335233530-2609151522-20,"IC 2444",2609152251,11,0
"Köln Hbf",4711383125555203513-2609151747-9,"ICE 854",2609152309,42,0
"Düsseldorf Hbf",-1854738006003716349-2609151847-10,"ICE 542",2609152312,75,0
"Köln Hbf",-4080761801504144103-2609151747-11,"ICE 844",2609152315,42,0
"Düsseldorf Hbf",7582314568044505717-2609152101-7,"IC 60403",2609152320,13,0
"Köln Hbf",5987880351959364904-2609152327-1,"ICE 1541",2609152327,8,0
"Düsseldorf Hbf",5926473462606976417-2609151926-11,"ICE 619",2609152328,1,0
"Köln Hbf",6810614476303646777-2609151826-12,"ICE 207",2609152338,2,0
"Düsseldorf Hbf",5987880351959364904-2609152327-2,"ICE 1541",2609152349,8,0
"Köln Hbf",4804116960335233530-2609151522-21,"IC 2444",2609160002,18,0
"Köln Hbf",3337083331722830688-2609151932-9,"ICE 22",2609160006,10,0
"Düsseldorf Hbf",-4737482986446738332-2609151947-10,"ICE 842",2609160009,41,0
"Düsseldorf Hbf",8570739711458019321-2609151936-9,"IC 2347",2609160014,21,0
"Köln Hbf",3736117015423388331-2609151746-7,"ICE 526",2609160015,4,0
"Köln Hbf",-1854738006003716349-2609151847-11,"ICE 542",2609160016,45,0
"Köln Hbf",7582314568044505717-2609152101-8,"IC 60403",2609160021,10,0
"Düsseldorf Hbf",-4463983841688751065-2609152026-10,"ICE 209",2609160025,36,0
"Köln Hbf",6195485783263057734-2609151819-7,"ICE 910",2609160033,-18,0
"Düsseldorf Hbf",3337083331722830688-2609151932-10,"ICE 22",2609160035,5,0
"Düsseldorf Hbf",3736117015423388331-2609151746-8,"ICE 526",2609160040,6,0
"Köln Hbf",4005400229928334385-2609151659-15,"ICE 100",2609160050,-16,0
"Köln Hbf",-4737482986446738332-2609151947-11,"ICE 842",2609160111,19,0
"Köln Hbf",-4463983841688751065-2609152026-11,"ICE 209",2609160124,11,0
"Köln Hbf",8322424274180843926-2609151928-8,"ICE 510",2609160135,0,0
"Köln Hbf",8503777394879306018-2609152322-9,"ICE 920",2609160205,5,0
"Düsseldorf Hbf",8503777394879306018-2609152322-10,"ICE 920",2609160231,9,0
"Düsseldorf Hbf",2774174590951633862-2609152225-14,"ICE 921",2609160250,6,0
"Köln Hbf",-1822966271854478829-2609160400-1,"ICE 1028",2609160400,0,0
"Düsseldorf Hbf",-1822966271854478829-2609160400-3,"ICE 1028",2609160425,7,0
"Köln Hbf",8652078400714170233-2609160425-1,"ICE 541",2609160425,0,0
"Düsseldorf Hbf",8652078400714170233-2609160425-2,"ICE 541",2609160447,2,0
"Düsseldorf Hbf",-881594861635697900-2609160400-6,"ICE 523",2609160455,36,0
"Köln Hbf",-1981361635087318141-2609160511-1,"IC 2445",2609160511,0,0
"Köln Hbf",1179810196779242077-2609160511-1,"ICE 208",2609160511,0,0
"Düsseldorf Hbf",3596733780499351643-2609160422-6,"ICE 23",2609160522,23,0
"Köln Hbf",-397321280238564306-2609160525-1,"ICE 911",2609160525,3,0
"Köln Hbf",-5962154382149198734-2609160526-1,"ICE 843",2609160526,0,0
"Düsseldorf Hbf",1179810196779242077-2609160511-2,"ICE 208",2609160532,3,0
"Köln Hbf",-486178897212069438-2609160538-1,"ICE 853",2609160538,0,0
"Köln Hbf",4753870957390372842-2609152159-14,"IC 60402",2609160544,9,0
"Düsseldorf Hbf",8446418061730467865-2609160001-13,"ICE 1540",2609160547,58,0
"Köln Hbf",4230433869735770140-2609160548-1,"ICE 511",2609160548,0,0
"Düsseldorf Hbf",-5962154382149198734-2609160526-2,"ICE 843",2609160549,0,1
"Köln Hbf",3596733780499351643-2609160422-7,"ICE 23",2609160549,20,0
"Köln Hbf",2178700040520449500-2609160601-1,"ICE 711",2609160601,0,0
"Köln Hbf",2686007473625185344-2609160001-12,"ICE 618",2609160604,38,0
"Köln Hbf",-7723883505152961116-2609160611-1,"ICE 312",2609160611,11,0
"Düsseldorf Hbf",4753870957390372842-2609152159-15,"IC 60402",2609160615,5,0
"Köln Hbf",8446418061730467865-2609160001-14,"ICE 1540",2609160615,63,0
"Düsseldorf Hbf",-7586352224211082006-2609160514-4,"ICE 525",2609160618,9,0
"Düsseldorf Hbf",8735574551800398555-2609160524-5,"ICE 101",2609160622,13,0
"Köln Hbf",-4310203737838801908-2609160625-1,"ICE 543",2609160625,0,0
"Köln Hbf",1878809338003406023-2609160627-1,"ICE 1511",2609160627,1,0
"Düsseldorf Hbf",2686007473625185344-2609160001-13,"ICE 618",2609160632,40,0
"Köln Hbf",6856208171401458843-2609160534-4,"ICE 222",2609160643,5,0
"Köln Hbf",-7151271002257875909-2609160502-6,"IC 2348",2609160645,11,0
"Köln Hbf",-8806275556870827116-2609160645-1,"ICE 553",2609160645,0,0
"Düsseldorf Hbf",-4310203737838801908-2609160625-2,"ICE 543",2609160647,2,0
"Köln Hbf",8735574551800398555-2609160524-6,"ICE 101",2609160650,9,0
"Düsseldorf Hbf",-6165068286223376269-2609160554-5,"ICE 913",2609160702,7,0
"Köln Hbf",-2103315967753215489-2609160609-3,"IC 2443",2609160706,5,0
"Düsseldorf Hbf",6856208171401458843-2609160534-5,"ICE 222",2609160710,8,0
"Köln Hbf",6135728412348303878-2609160711-1,"ICE 206",2609160711,0,0
"Düsseldorf Hbf",-853844594697067860-2609160615-4,"ICE 527",2609160718,3,0
"Düsseldorf Hbf",542680258128049209-2609160621-6,"ICE 25",2609160724,7,0
"Köln Hbf",5312563495212518167-2609160726-1,"ICE 845",2609160726,2,0
"Düsseldorf Hbf",6135728412348303878-2609160711-2,"ICE 206",2609160732,3,0
"Köln Hbf",-7772981549573087469-2609160733-1,"ICE 1713",2609160733,2,0
"Düsseldorf Hbf",8378187760869811763-2609160541-8,"ICE 826",2609160737,2,0
"Köln Hbf",7280780786399683236-2609160738-1,"ICE 855",2609160738,10,0
"Köln Hbf",4021377973164879687-2609160634-3,"ICE 18",2609160740,0,0
"Köln Hbf",2082653246441066227-2609160740-1,"ICE 2310",2609160740,4,0
"Köln Hbf",-1316725331766652964-2609160603-6,"ICE 513",2609160745,28,0
"Köln Hbf",-8638855930583862299-2609160746-1,"IC 2206",2609160746,0,0
"Düsseldorf Hbf",5312563495212518167-2609160726-2,"ICE 845",2609160749,3,0
"Köln Hbf",542680258128049209-2609160621-7,"ICE 25",2609160750,6,0
"Köln Hbf",-3118459641712443593-2609160600-7,"ICE 712",2609160757,5,0
"Köln Hbf",937531600424895578-2609160549-4,"ICE 616",2609160805,5,0
"Düsseldorf Hbf",2082653246441066227-2609160740-2,"ICE 2310",2609160807,2,0
"Düsseldorf Hbf",-8638855930583862299-2609160746-2,"IC 2206",2609160810,2,0
"Köln Hbf",-683349446891373235-2609160623-5,"ICE 11",2609160816,23,0
"Düsseldorf Hbf",7320863906691937525-2609160719-4,"ICE 529",2609160818,22,0
"Düsseldorf Hbf",8518232099080018263-2609160426-11,"ICE 103",2609160822,45,0
"Köln Hbf",-1489252697791169587-2609160825-1,"ICE 545",2609160825,1,0
"Köln Hbf",-2307934263002248776-2609160829-1,"ICE 1513",2609160829,4,0
"Düsseldorf Hbf",8056505330798593907-2609160706-6,"ICE 119",2609160831,42,0
"Düsseldorf Hbf",1795377954048554987-2609160708-5,"ICE 824",2609160840,0,0
"Köln Hbf",-3687533052908579649-2609160734-4,"ICE 220",2609160843,0,0
"Köln Hbf",-5067205027928923412-2609160844-1,"ICE 555",2609160844,5,0
"Düsseldorf Hbf",1800994547680145354-2609160638-7,"ICE 121",2609160845,4,0
"Köln Hbf",-3987770513815330460-2609160539-12,"IC 2040",2609160845,25,0
"Köln Hbf",6675332026866779665-2609160845-1,"ICE 1036",2609160845,7,0
"Düsseldorf Hbf",-1489252697791169587-2609160825-2,"ICE 545",2609160847,7,0
"Köln Hbf",8518232099080018263-2609160426-12,"ICE 103",2609160850,21,1
"Düsseldorf Hbf",-5947456125297650390-2609160420-8,"ICE 1014",2609160853,21,0
"Düsseldorf Hbf",400157404087783375-2609160753-5,"ICE 915",2609160902,25,0
"Köln Hbf",-3316077366275075692-2609160516-8,"ICE 204",2609160905,18,0
"Düsseldorf Hbf",6675332026866779665-2609160845-2,"ICE 1036",2609160906,15,0
"Köln Hbf",4558275999006255649-2609160643-7,"IC 2441",2609160906,21,0
"Düsseldorf Hbf",-3687533052908579649-2609160734-5,"ICE 220",2609160910,4,0
"Düsseldorf Hbf",6972548221701888574-2609160418-15,"ICE 646",2609160912,87,0
"Köln Hbf",1800994547680145354-2609160638-8,"ICE 121",2609160913,1,0
"Köln Hbf",5146840242049916044-2609160640-5,"ICE 656",2609160915,62,0
"Düsseldorf Hbf",-2521696256132503788-2609160920-1,"ICE 621",2609160920,3,0
"Düsseldorf Hbf",-1790024725878292801-2609160820-6,"ICE 27",2609160924,17,0
"Köln Hbf",-8906112445839706377-2609160926-1,"ICE 847",2609160926,0,0
"Düsseldorf Hbf",-6888861751751692665-2609160817-6,"ICE 217",2609160928,27,0
"Düsseldorf Hbf",-3316077366275075692-2609160516-9,"ICE 204",2609160932,25,0
"Köln Hbf",8918082092638159592-2609160812-6,"ICE 1612",2609160932,4,0
"Düsseldorf Hbf",-6223962037244896084-2609160441-10,"ICE 822",2609160936,7,0
"Köln Hbf",7127812590731908748-2609160938-1,"ICE 857",2609160938,6,0
"Köln Hbf",-5717720788505540143-2609160833-3,"ICE 316",2609160939,5,0
"Düsseldorf Hbf",-6760724929342255350-2609160634-13,"IC 2007",2609160946,17,0
"Köln Hbf",-3482704518387342076-2609160946-1,"IC 2204",2609160946,1,0
"Köln Hbf",6512354943507599026-2609160526-12,"ICE 515",2609160946,21,0
"Düsseldorf Hbf",-8906112445839706377-2609160926-2,"ICE 847",2609160949,7,0
"Köln Hbf",-1790024725878292801-2609160820-7,"ICE 27",2609160952,14,0
"Köln Hbf",67517114520381301-2609160533-8,"ICE 614",2609161005,1,0
"Köln Hbf",4250821308365947570-2609160528-10,"ICE 1022",2609161006,60,0
"Düsseldorf Hbf",-3482704518387342076-2609160946-2,"IC 2204",2609161008,3,0
"Düsseldorf Hbf",-4782954664003624221-2609160526-12,"ICE 946",2609161008,32,0
"Köln Hbf",-6760724929342255350-2609160634-14,"IC 2007",2609161014,14,0
"Köln Hbf",7296668088221534520-2609160825-5,"ICE 13",2609161016,26,0
"Düsseldorf Hbf",7692347899239356115-2609161019-1,"ICE 623",2609161019,5,0
"Düsseldorf Hbf",-3500545049874534285-2609160626-11,"ICE 105",2609161022,4,0
"Köln Hbf",-6590078199824287896-2609160526-11,"ICE 956",2609161022,15,1
"Köln Hbf",309221757920376132-2609161029-1,"ICE 1515",2609161029,22,0
"Düsseldorf Hbf",4250821308365947570-2609160528-11,"ICE 1022",2609161035,59,0
"Düsseldorf Hbf",5509309536167095600-2609160544-10,"ICE 820",2609161040,33,0
"Köln Hbf",-8155331480429548080-2609160934-4,"ICE 128",2609161043,16,0
"Köln Hbf",-8614664585551473503-2609161044-1,"ICE 557",2609161044,5,0
"Düsseldorf Hbf",467631948029280047-2609160831-7,"ICE 225",2609161045,20,0
"Köln Hbf",5248730939501738569-2609160602-15,"IC 2042",2609161045,36,0
"Düsseldorf Hbf",211585818996437737-2609161048-1,"ICE 547",2609161048,9,0
"Köln Hbf",-3500545049874534285-2609160626-12,"ICE 105",2609161050,8,0
"Düsseldorf Hbf",-6324333303227400345-2609160620-8,"ICE 1012",2609161053,0,0
"Köln Hbf",8125274319994745100-2609161053-1,"ICE 2013",2609161053,10,0
"Köln Hbf",-508151058757607646-2609160716-9,"ICE 202",2609161105,7,0
"Köln Hbf",2031840069123671352-2609160736-8,"IC 2049",2609161106,42,0
"Düsseldorf Hbf",2417110662322496020-2609160647-10,"ICE 644",2609161109,90,0
"Düsseldorf Hbf",-8155331480429548080-2609160934-5,"ICE 128",2609161110,20,0
"Köln Hbf",467631948029280047-2609160831-8,"ICE 225",2609161114,19,0
"Köln Hbf",-2664747470423541798-2609160652-8,"ICE 654",2609161114,65,0
"Düsseldorf Hbf",-1863724056778564852-2609161117-1,"ICE 625",2609161117,6,0
"Düsseldorf Hbf",3450663025951470366-2609160602-8,"ICE 1521",2609161119,13,0
"Düsseldorf Hbf",3704713885565394549-2609161024-4,"ICE 29",2609161124,13,0
"Düsseldorf Hbf",-508151058757607646-2609160716-10,"ICE 202",2609161132,10,0
"Köln Hbf",98157840525274029-2609161011-6,"ICE 1610",2609161133,9,0
"Düsseldorf Hbf",-7827307397706401371-2609160644-8,"ICE 728",2609161137,0,0
"Köln Hbf",-9221432942161771616-2609161138-1,"ICE 859",2609161138,1,0
"Köln Hbf",-3207602294555876168-2609161034-3,"ICE 16",2609161139,13,0
"Köln Hbf",3450663025951470366-2609160602-9,"ICE 1521",2609161145,13,0
"Düsseldorf Hbf",6862846665566225825-2609160834-13,"IC 2009",2609161146,9,0
"Köln Hbf",-8775310893499181309-2609161146-1,"IC 2202",2609161146,7,0
"Köln Hbf",-4602427783665327588-2609160726-12,"ICE 517",2609161146,31,0
"Düsseldorf Hbf",-3935110464616838577-2609161150-1,"ICE 849",2609161150,4,0
"Köln Hbf",3704713885565394549-2609161024-5,"ICE 29",2609161150,12,0
"Köln Hbf",-8386336934533711188-2609160728-9,"ICE 1020",2609161205,26,0
"Köln Hbf",-7184453857839759572-2609160728-8,"ICE 612",2609161205,3,0
"Düsseldorf Hbf",-8775310893499181309-2609161146-2,"IC 2202",2609161208,10,0
"Düsseldorf Hbf",789381465621699355-2609160747-10,"ICE 944",2609161208,53,0
"Köln Hbf",4555217987378332456-2609160713-11,"ICE 1548",2609161209,67,0
"Köln Hbf",6862846665566225825-2609160834-14,"IC 2009",2609161214,6,0
"Köln Hbf",-6382331557337532208-2609161025-5,"ICE 15",2609161215,11,0
"Düsseldorf Hbf",-7766800689315712550-2609161219-1,"ICE 627",2609161219,4,0
"Düsseldorf Hbf",-5703640496454004355-2609160825-11,"ICE 107",2609161222,13,0
"Köln Hbf",5065395714490050726-2609160747-9,"ICE 954",2609161222,58,0
"Köln Hbf",-8376398398323607088-2609161229-1,"ICE 1517",2609161229,4,0
"Düsseldorf Hbf",-8386336934533711188-2609160728-10,"ICE 1020",2609161230,28,0
"Düsseldorf Hbf",5394868531176279031-2609160742-9,"ICE 726",2609161240,5,0
"Köln Hbf",-4712053304823003938-2609161134-4,"ICE 126",2609161243,10,0
"Köln Hbf",5886092952094503689-2609161244-1,"ICE 559",2609161244,10,0
"Düsseldorf Hbf",1869793107893408377-2609161031-7,"ICE 123",2609161245,25,0
"Köln Hbf",666711005360005078-2609160522-21,"IC 2044",2609161245,40,0
"Köln Hbf",607281138257369836-2609161245-1,"ICE 1032",2609161245,0,0
"Düsseldorf Hbf",-5225265888807154878-2609161248-1,"ICE 549",2609161248,10,0
"Köln Hbf",-5703640496454004355-2609160825-12,"ICE 107",2609161250,10,0
"Düsseldorf Hbf",-1202781486977583710-2609160819-8,"ICE 1010",2609161253,20,0
"Düsseldorf Hbf",-5763151150910106247-2609161155-5,"ICE 919",2609161302,2,0
"Köln Hbf",5555371111259384160-2609160759-9,"ICE 200",2609161305,16,0
"Düsseldorf Hbf",607281138257369836-2609161245-2,"ICE 1032",2609161306,4,0
"Köln Hbf",-1660175693055885317-2609160936-8,"IC 2047",2609161306,94,0
"Düsseldorf Hbf",-4712053304823003938-2609161134-5,"ICE 126",2609161310,13,0
"Düsseldorf Hbf",-3811000113167125819-2609160847-11,"ICE 642",2609161311,77,0
"Köln Hbf",1869793107893408377-2609161031-8,"ICE 123",2609161314,34,0
"Köln Hbf",7029715491133337413-2609160852-8,"ICE 652",2609161315,62,0
"Düsseldorf Hbf",2307301279586290347-2609161321-1,"ICE 629",2609161321,1,0
"Düsseldorf Hbf",6492627968416470339-2609161221-6,"ICE 229",2609161324,5,0
"Köln Hbf",-2157107938954049243-2609161101-6,"ICE 311",2609161324,25,0
"Düsseldorf Hbf",5555371111259384160-2609160759-10,"ICE 200",2609161332,20,0
"Köln Hbf",-7017661080292591369-2609161211-6,"ICE 1518",2609161333,5,0
"Köln Hbf",201535978532296242-2609161334-1,"ICE 1549",2609161334,1,0
"Düsseldorf Hbf",-4676367904559688889-2609160845-8,"ICE 724",2609161337,6,0
"Köln Hbf",-4020550040361167307-2609161338-1,"ICE 951",2609161338,2,0
"Köln Hbf",4216288988927907099-2609161234-3,"ICE 314",2609161339,9,0
"Düsseldorf Hbf",5900362052756938804-2609160951-16,"IC 2201",2609161346,7,0
"Köln Hbf",-3185038341433261764-2609161346-1,"IC 2200",2609161346,1,0
"Köln Hbf",-8471873024121272354-2609160926-12,"ICE 519",2609161346,22,0
"Düsseldorf Hbf",-1360629902197387952-2609161350-1,"ICE 941",2609161350,0,0
"Köln Hbf",6492627968416470339-2609161221-7,"ICE 229",2609161352,5,0
"Köln Hbf",9011011619156863439-2609160928-8,"ICE 610",2609161405,6,0
"Köln Hbf",338204297594764006-2609160827-10,"ICE 926",2609161406,55,0
"Düsseldorf Hbf",-3185038341433261764-2609161346-2,"IC 2200",2609161408,3,0
"Düsseldorf Hbf",7024771559125615258-2609160947-10,"ICE 942",2609161408,35,0
"Köln Hbf",5900362052756938804-2609160951-17,"IC 2201",2609161414,6,0
"Köln Hbf",4815612638303090443-2609161225-5,"ICE 315",2609161415,8,0
"Düsseldorf Hbf",-758807154932475400-2609161419-1,"ICE 721",2609161419,3,0
"Düsseldorf Hbf",6610086332469437335-2609161026-11,"ICE 109",2609161422,16,0
"Köln Hbf",2625224039751841654-2609160947-9,"ICE 952",2609161422,42,0
"Köln Hbf",4846835449118805747-2609161429-1,"ICE 1519",2609161429,0,0
"Düsseldorf Hbf",338204297594764006-2609160827-11,"ICE 926",2609161432,57,0
"Düsseldorf Hbf",-7906017824379584014-2609160946-9,"ICE 722",2609161436,22,0
"Köln Hbf",-8784598530479710827-2609161438-1,"ICE 310",2609161438,0,0
"Köln Hbf",-5676785138972199399-2609161334-4,"ICE 124",2609161443,2,0
"Köln Hbf",-6270903731699972278-2609161444-1,"ICE 651",2609161444,8,0
"Düsseldorf Hbf",-9018982874238179365-2609161238-7,"ICE 125",2609161445,18,0
"Köln Hbf",-5299413353021537464-2609160722-21,"IC 2046",2609161445,3,1
"Düsseldorf Hbf",7188954872564278301-2609161448-1,"ICE 641",2609161448,1,0
"Düsseldorf Hbf",-553863566957669250-2609160730-17,"ICE 1033",2609161450,40,0
"Köln Hbf",6610086332469437335-2609161026-12,"ICE 109",2609161450,16,0
"Düsseldorf Hbf",7844358081895785158-2609161019-8,"ICE 918",2609161453,17,0
"Düsseldorf Hbf",8564432605510706771-2609161353-4,"ICE 1011",2609161501,9,0
"Köln Hbf",7702481692019596064-2609160838-12,"ICE 108",2609161505,42,0
"Köln Hbf",7334323916340841763-2609161136-8,"IC 2045",2609161506,33,0
"Düsseldorf Hbf",-5676785138972199399-2609161334-5,"ICE 124",2609161510,8,0
"Düsseldorf Hbf",8642793912640631890-2609161047-11,"ICE 640",2609161511,39,0
"Köln Hbf",-9018982874238179365-2609161238-8,"ICE 125",2609161513,18,0
"Köln Hbf",-7022498938457192021-2609161052-8,"ICE 650",2609161515,51,0
"Düsseldorf Hbf",5311537321398817844-2609161520-1,"ICE 723",2609161520,1,0
"Köln Hbf",-553863566957669250-2609160730-18,"ICE 1033",2609161520,41,0
"Düsseldorf Hbf",-1497213994658544450-2609161154-6,"ICE 927",2609161522,91,0
"Düsseldorf Hbf",7702481692019596064-2609160838-13,"ICE 108",2609161532,43,0
"Köln Hbf",4945186918802353023-2609161411-6,"ICE 1516",2609161533,27,0
"Düsseldorf Hbf",6519626148103819066-2609161045-9,"ICE 720",2609161536,0,0
"Köln Hbf",-107298036587741504-2609161538-1,"ICE 953",2609161538,12,0
"Köln Hbf",2218943744552257469-2609161434-3,"ICE 14",2609161539,16,0
"Düsseldorf Hbf",-257816953041096365-2609161136-16,"IC 2203",2609161546,0,1
"Köln Hbf",8187582116097718743-2609161546-1,"IC 2008",2609161546,34,0
"Köln Hbf",5653087570567167872-2609161126-12,"ICE 611",2609161546,35,1
"Düsseldorf Hbf",6378881227509878523-2609161550-1,"ICE 943",2609161550,2,0
"Köln Hbf",-1497213994658544450-2609161154-7,"ICE 927",2609161551,88,0
"Köln Hbf",-6452407069337976676-2609161128-8,"ICE 518",2609161605,1,0
"Köln Hbf",7010757467826963006-2609161132-9,"ICE 228",2609161606,61,0
"Köln Hbf",-8732834586368903752-2609161607-1,"ICE 1520",2609161607,0,0
"Düsseldorf Hbf",8187582116097718743-2609161546-2,"IC 2008",2609161608,43,0
"Düsseldorf Hbf",-3330605035074967330-2609161147-10,"ICE 940",2609161608,67,0
"Köln Hbf",-257816953041096365-2609161136-17,"IC 2203",2609161614,0,1
"Köln Hbf",-482221124538025922-2609161425-5,"ICE 17",2609161615,8,0
"Düsseldorf Hbf",6556040714554725251-2609161619-1,"ICE 725",2609161619,0,0
"Köln Hbf",375201943151232777-2609161147-9,"ICE 950",2609161621,15,0
"Düsseldorf Hbf",-762086226758254325-2609161226-11,"ICE 201",2609161622,20,0
"Köln Hbf",-6579606754577220741-2609161501-5,"ICE 1716",2609161625,22,0
"Düsseldorf Hbf",-8732834586368903752-2609161607-2,"ICE 1520",2609161627,1,0
"Köln Hbf",5058768902280124693-2609161629-1,"ICE 1611",2609161629,0,0
"Düsseldorf Hbf",7010757467826963006-2609161132-10,"ICE 228",2609161632,64,0
"Düsseldorf Hbf",8429649765325465614-2609161145-9,"ICE 628",2609161640,32,0
"Köln Hbf",4524910290568704513-2609161534-4,"ICE 122",2609161643,15,0
"Köln Hbf",-157208555968192668-2609161644-1,"ICE 653",2609161644,19,0
"Düsseldorf Hbf",5612128767266048221-2609161438-7,"ICE 127",2609161645,34,0
"Köln Hbf",-5036776284380011862-2609160922-21,"IC 2048",2609161645,0,1
"Düsseldorf Hbf",-5511541014003594580-2609161648-1,"ICE 643",2609161648,1,0
"Düsseldorf Hbf",6330890959881575446-2609160953-14,"ICE 2311",2609161650,6,0
"Köln Hbf",-762086226758254325-2609161226-12,"ICE 201",2609161650,15,0
"Düsseldorf Hbf",-1838827148333657754-2609161220-8,"ICE 916",2609161653,26,0
"Düsseldorf Hbf",2333246513660073790-2609161553-5,"ICE 1013",2609161703,7,0
"Köln Hbf",-8705107722613527627-2609161059-15,"ICE 106",2609161705,4,0
"Köln Hbf",-7566186731885125077-2609161305-8,"ICE 2012",2609161706,9,0
"Düsseldorf Hbf",4524910290568704513-2609161534-5,"ICE 122",2609161710,26,0
"Köln Hbf",-893148775004719136-2609161711-1,"IC 2043",2609161711,0,1
"Düsseldorf Hbf",-8713208741749436113-2609161247-11,"ICE 548",2609161712,48,0
"Köln Hbf",5612128767266048221-2609161438-8,"ICE 127",2609161713,45,0
"Köln Hbf",-2894975550766125611-2609161252-8,"ICE 558",2609161715,54,1
"Köln Hbf",6330890959881575446-2609160953-15,"ICE 2311",2609161719,4,0
"Düsseldorf Hbf",6757774550243091278-2609161720-1,"ICE 727",2609161720,11,0
"Düsseldorf Hbf",-2924322226173910183-2609161703-3,"ICE 929",2609161724,16,0
"Köln Hbf",-1057492321374091038-2609161731-1,"ICE 713",2609161731,1,0
"Düsseldorf Hbf",-8705107722613527627-2609161059-16,"ICE 106",2609161732,9,0
"Köln Hbf",-8631361224774257822-2609161611-6,"ICE 1514",2609161733,3,0
"Düsseldorf Hbf",5042424630356113204-2609161245-8,"ICE 626",2609161738,7,0
"Köln Hbf",-4550645364654346112-2609161738-1,"ICE 955",2609161738,5,0
"Köln Hbf",3763871362376381297-2609161634-3,"ICE 12",2609161740,9,0
"Düsseldorf Hbf",-7566186731885125077-2609161305-9,"ICE 2012",2609161742,12,0
"Düsseldorf Hbf",-2882197430592295029-2609161351-16,"IC 2205",2609161746,40,0
"Köln Hbf",-3282400354544978678-2609161746-1,"IC 2006",2609161746,0,0
"Köln Hbf",-2910589038648014094-2609161326-12,"ICE 613",2609161746,23,1
"Düsseldorf Hbf",-8275737537227179086-2609161750-1,"ICE 945",2609161750,1,0
"Köln Hbf",-2924322226173910183-2609161703-4,"ICE 929",2609161750,15,0
"Köln Hbf",6954924236955692259-2609161328-8,"ICE 516",2609161805,21,0
"Köln Hbf",944231164744023574-2609161332-9,"ICE 28",2609161806,42,0
"Düsseldorf Hbf",-3282400354544978678-2609161746-2,"IC 2006",2609161808,4,0
"Düsseldorf Hbf",3702662415087684826-2609161347-10,"ICE 848",2609161808,66,0
"Köln Hbf",6423634419829337550-2609161434-11,"ICE 710",2609161808,0,0
"Köln Hbf",-2882197430592295029-2609161351-17,"IC 2205",2609161814,39,0
"Köln Hbf",4992819178731237054-2609161622-5,"ICE 317",2609161815,4,0
"Düsseldorf Hbf",-3019965818182152821-2609161821-1,"ICE 729",2609161821,1,0
"Düsseldorf Hbf",-7956047615718350819-2609161426-11,"ICE 203",2609161822,54,0
"Köln Hbf",-1900115166859559092-2609161347-9,"ICE 858",2609161822,46,0
"Düsseldorf Hbf",1459720362045900384-2609161235-10,"ICE 216",2609161824,2,0
"Köln Hbf",-7955422278217659578-2609161703-5,"ICE 1714",2609161825,21,0
"Köln Hbf",1407594009417555306-2609161829-1,"ICE 1613",2609161829,9,0
"Düsseldorf Hbf",944231164744023574-2609161332-10,"ICE 28",2609161832,44,0
"Düsseldorf Hbf",-4521437519262178170-2609161345-9,"ICE 624",2609161836,18,0
"Köln Hbf",-6750794421454638985-2609161420-8,"ICE 224",2609161843,39,0
"Köln Hbf",9016403526930832374-2609161844-1,"ICE 655",2609161844,0,0
"Düsseldorf Hbf",-2599950570116389517-2609161638-7,"ICE 129",2609161845,13,0
"Köln Hbf",-4140470391187734614-2609161122-21,"IC 2440",2609161845,21,0
"Düsseldorf Hbf",4447890004106418758-2609161848-1,"ICE 645",2609161848,4,0
"Düsseldorf Hbf",7867558493628354270-2609161115-18,"ICE 1037",2609161850,32,0
"Köln Hbf",-7956047615718350819-2609161426-12,"ICE 203",2609161850,50,0
"Düsseldorf Hbf",-6727683722954373951-2609161754-5,"ICE 1015",2609161901,3,0
"Köln Hbf",-4758242349678413284-2609161238-12,"ICE 104",2609161905,7,0
"Köln Hbf",2508597620716488611-2609161536-8,"IC 2041",2609161906,0,1
"Düsseldorf Hbf",3141971505559871903-2609161447-10,"ICE 546",2609161908,52,0
"Düsseldorf Hbf",-6750794421454638985-2609161420-9,"ICE 224",2609161910,58,0
"Köln Hbf",-2599950570116389517-2609161638-8,"ICE 129",2609161913,15,0
"Köln Hbf",8430642524571604487-2609161452-8,"ICE 556",2609161915,57,0
"Düsseldorf Hbf",-3738461847412237185-2609161918-1,"ICE 821",2609161918,0,0
"Köln Hbf",7867558493628354270-2609161115-19,"ICE 1037",2609161920,43,0
"Düsseldorf Hbf",2312296716933966404-2609161554-4,"ICE 1021",2609161921,38,0
"Düsseldorf Hbf",-4055232889596422409-2609160803-29,"ICE 118",2609161924,1,0
"Düsseldorf Hbf",-4758242349678413284-2609161238-13,"ICE 104",2609161932,13,0
"Köln Hbf",-4997552987396627422-2609161811-6,"ICE 1512",2609161933,3,0
"Düsseldorf Hbf",-2142784246140329213-2609161445-8,"ICE 622",2609161936,4,0
"Köln Hbf",3141971505559871903-2609161447-11,"ICE 546",2609161936,48,0
"Köln Hbf",-8942408890709913676-2609161833-3,"ICE 10",2609161940,24,0
"Düsseldorf Hbf",1492120664389609114-2609161604-14,"IC 2207",2609161946,38,0
"Köln Hbf",-5425302918995479956-2609161526-12,"ICE 615",2609161946,40,0
"Düsseldorf Hbf",3778695356863398992-2609161950-1,"ICE 947",2609161950,1,0
"Köln Hbf",2312296716933966404-2609161554-5,"ICE 1021",2609161950,35,0
"Köln Hbf",-3591375992325826767-2609161528-8,"ICE 2514",2609162005,15,0
"Köln Hbf",-8926157399752465663-2609161532-9,"ICE 26",2609162006,33,0
"Düsseldorf Hbf",798259414142998527-2609162009-1,"ICE 823",2609162009,2,0
"Düsseldorf Hbf",-9003107645534276753-2609161547-9,"ICE 846",2609162013,57,0
"Köln Hbf",1492120664389609114-2609161604-15,"IC 2207",2609162014,36,0
"Köln Hbf",4341219805487381340-2609161825-5,"ICE 19",2609162015,19,0
"Düsseldorf Hbf",-6235789055676348186-2609161626-11,"ICE 205",2609162022,36,0
"Köln Hbf",-819597198211929243-2609161547-9,"ICE 856",2609162022,47,0
"Düsseldorf Hbf",-8926157399752465663-2609161532-10,"ICE 26",2609162032,33,0
"Düsseldorf Hbf",-1188267942167451229-2609161545-9,"ICE 620",2609162037,41,0
"Köln Hbf",2576231255055476975-2609161934-4,"ICE 120",2609162043,15,0
"Düsseldorf Hbf",-7056878515633598205-2609161838-7,"ICE 221",2609162045,7,0
"Köln Hbf",-7949491460536242261-2609161322-21,"IC 2442",2609162045,49,0
"Köln Hbf",5646922477923288654-2609162045-1,"ICE 657",2609162045,7,0
"Köln Hbf",-6235789055676348186-2609161626-12,"ICE 205",2609162048,34,0
"Düsseldorf Hbf",-977669644680017628-2609161620-8,"ICE 912",2609162053,23,0
"Köln Hbf",-7971996062035411059-2609161438-12,"ICE 102",2609162105,1,0
"Köln Hbf",1913356045703776437-2609161736-8,"IC 2349",2609162106,22,0
"Düsseldorf Hbf",2576231255055476975-2609161934-5,"ICE 120",2609162110,19,0
"Düsseldorf Hbf",-5885856201096992744-2609161647-10,"ICE 544",2609162112,87,0
"Köln Hbf",-7056878515633598205-2609161838-8,"ICE 221",2609162113,8,0
"Köln Hbf",6625519329407624873-2609161652-8,"ICE 554",2609162114,67,0
"Köln Hbf",8388183103841403836-2609161516-14,"ICE 1544",2609162119,46,0
"Düsseldorf Hbf",6194893901306646476-2609161726-11,"ICE 617",2609162121,69,0
"Köln Hbf",5268242451257549226-2609161901-6,"ICE 313",2609162124,0,0
"Düsseldorf Hbf",50770787591072936-2609161644-9,"ICE 528",2609162137,12,0
"Köln Hbf",1555483896112278137-2609162014-6,"ICE 318",2609162139,8,0
"Köln Hbf",-5885856201096992744-2609161647-11,"ICE 544",2609162140,86,0
"Köln Hbf",6194893901306646476-2609161726-12,"ICE 617",2609162148,69,0
"Düsseldorf Hbf",-4080761801504144103-2609161747-10,"ICE 844",2609162208,56,0
"Düsseldorf Hbf",6810614476303646777-2609161826-11,"ICE 207",2609162222,43,0
"Köln Hbf",-4080761801504144103-2609161747-11,"ICE 844",2609162234,52,0
"Düsseldorf Hbf",1123272061820542344-2609161732-9,"ICE 24",2609162240,35,0
"Düsseldorf Hbf",4804116960335233530-2609161522-20,"IC 2444",2609162251,0,1
"Köln Hbf",6810614476303646777-2609161826-12,"ICE 207",2609162251,39,0
"Köln Hbf",4711383125555203513-2609161747-9,"ICE 854",2609162309,39,0
"Düsseldorf Hbf",-1854738006003716349-2609161847-10,"ICE 542",2609162312,50,0
"Düsseldorf Hbf",7582314568044505717-2609162101-7,"IC 60403",2609162319,24,0
"Düsseldorf Hbf",5926473462606976417-2609161926-11,"ICE 619",2609162323,11,0
"Köln Hbf",5987880351959364904-2609162327-1,"ICE 1541",2609162327,32,0
"Köln Hbf",-1854738006003716349-2609161847-11,"ICE 542",2609162339,46,0
"Düsseldorf Hbf",5987880351959364904-2609162327-2,"ICE 1541",2609162349,32,0
"Köln Hbf",5926473462606976417-2609161926-12,"ICE 619",2609162349,8,0
"Köln Hbf",7582314568044505717-2609162101-8,"IC 60403",2609162350,22,0
"Köln Hbf",4804116960335233530-2609161522-21,"IC 2444",2609170002,0,1
"Köln Hbf",3337083331722830688-2609161932-9,"ICE 22",2609170006,89,0
"Düsseldorf Hbf",-4737482986446738332-2609161947-10,"ICE 842",2609170008,47,0
"Düsseldorf Hbf",8570739711458019321-2609161936-9,"IC 2347",2609170014,148,1
"Köln Hbf",3736117015423388331-2609161746-7,"ICE 526",2609170015,20,0
"Köln Hbf",6195485783263057734-2609161819-7,"ICE 910",2609170033,-22,0
"Köln Hbf",-4737482986446738332-2609161947-11,"ICE 842",2609170034,43,0
"Düsseldorf Hbf",3337083331722830688-2609161932-10,"ICE 22",2609170035,89,0
"Düsseldorf Hbf",3736117015423388331-2609161746-8,"ICE 526",2609170040,35,0
"Köln Hbf",4005400229928334385-2609161659-15,"ICE 100",2609170042,60,0
"Düsseldorf Hbf",-4463983841688751065-2609162024-12,"ICE 209",2609170047,16,0
"Köln Hbf",-4463983841688751065-2609162024-13,"ICE 209",2609170116,4,0
"Köln Hbf",8322424274180843926-2609161928-8,"ICE 510",2609170135,45,0
"Köln Hbf",8503777394879306018-2609162322-9,"ICE 920",2609170205,84,0
"Düsseldorf Hbf",8503777394879306018-2609162322-10,"ICE 920",2609170231,86,0
"Düsseldorf Hbf",2774174590951633862-2609162225-14,"ICE 921",2609170249,73,0
"Köln Hbf",2774174590951633862-2609162225-15,"ICE 921",2609170320,78,0
"Köln Hbf",8652078400714170233-2609170425-1,"ICE 541",2609170425,0,0
"Düsseldorf Hbf",5220412279450768557-2609170427-1,"ICE 1028",2609170427,0,0
"Düsseldorf Hbf",8652078400714170233-2609170425-2,"ICE 541",2609170447,1,0
"Düsseldorf Hbf",-881594861635697900-2609170400-6,"ICE 523",2609170455,0,0
"Köln Hbf",-1981361635087318141-2609170511-1,"IC 2445",2609170511,19,0
"Köln Hbf",1179810196779242077-2609170511-1,"ICE 208",2609170511,8,0
"Köln Hbf",-784036643221120658-2609170514-1,"ICE 2214",2609170514,50,0
"Düsseldorf Hbf",3596733780499351643-2609170404-6,"ICE 23",2609170522,6,0
"Köln Hbf",-397321280238564306-2609170525-1,"ICE 911",2609170525,0,0
"Köln Hbf",-5962154382149198734-2609170526-1,"ICE 843",2609170526,2,0
"Düsseldorf Hbf",1179810196779242077-2609170511-2,"ICE 208",2609170532,10,0
"Düsseldorf Hbf",-784036643221120658-2609170514-2,"ICE 2214",2609170537,51,0
"Köln Hbf",-486178897212069438-2609170538-1,"ICE 853",2609170538,0,0
"Köln Hbf",4753870957390372842-2609162159-14,"IC 60402",2609170544,17,0
"Düsseldorf Hbf",8446418061730467865-2609170001-12,"ICE 1540",2609170547,10,0
"Köln Hbf",4230433869735770140-2609170548-1,"ICE 511",2609170548,0,0
"Düsseldorf Hbf",-5962154382149198734-2609170526-2,"ICE 843",2609170549,2,0
"Köln Hbf",3596733780499351643-2609170404-7,"ICE 23",2609170549,2,0
"Köln Hbf",2178700040520449500-2609170601-1,"ICE 711",2609170601,0,0
"Köln Hbf",2686007473625185344-2609170001-12,"ICE 618",2609170604,0,0
"Köln Hbf",-7723883505152961116-2609170611-1,"ICE 312",2609170611,4,0
"Düsseldorf Hbf",4753870957390372842-2609162159-15,"IC 60402",2609170615,15,0
"Köln Hbf",8446418061730467865-2609170001-13,"ICE 1540",2609170615,17,0
"Düsseldorf Hbf",-7586352224211082006-2609170514-4,"ICE 525",2609170618,3,0
"Düsseldorf Hbf",8735574551800398555-2609170524-5,"ICE 101",2609170622,10,0
"Köln Hbf",-4310203737838801908-2609170625-1,"ICE 543",2609170625,0,0
"Köln Hbf",1878809338003406023-2609170627-1,"ICE 1511",2609170627,6,0
"Düsseldorf Hbf",2686007473625185344-2609170001-13,"ICE 618",2609170632,2,0
"Köln Hbf",6856208171401458843-2609170534-4,"ICE 222",2609170643,0,0
"Köln Hbf",-7151271002257875909-2609170502-6,"IC 2348",2609170645,0,1
"Köln Hbf",-8806275556870827116-2609170645-1,"ICE 553",2609170645,0,0
"Düsseldorf Hbf",-4310203737838801908-2609170625-2,"ICE 543",2609170647,1,0
"Köln Hbf",8735574551800398555-2609170524-6,"ICE 101",2609170650,6,0
"Düsseldorf Hbf",-6165068286223376269-2609170554-5,"ICE 913",2609170702,2,0
"Köln Hbf",-2103315967753215489-2609170609-3,"IC 2443",2609170706,10,0
"Düsseldorf Hbf",6856208171401458843-2609170534-5,"ICE 222",2609170710,6,0
"Köln Hbf",6135728412348303878-2609170711-1,"ICE 206",2609170711,0,0
"Düsseldorf Hbf",-853844594697067860-2609170615-4,"ICE 527",2609170718,0,0
"Düsseldorf Hbf",542680258128049209-2609170621-6,"ICE 25",2609170724,8,0
"Köln Hbf",5312563495212518167-2609170726-1,"ICE 845",2609170726,0,0
"Düsseldorf Hbf",6135728412348303878-2609170711-2,"ICE 206",2609170732,2,0
"Köln Hbf",-7772981549573087469-2609170733-1,"ICE 1713",2609170733,0,0
"Düsseldorf Hbf",8378187760869811763-2609170541-8,"ICE 826",2609170737,0,0
"Köln Hbf",7280780786399683236-2609170738-1,"ICE 855",2609170738,7,0
"Köln Hbf",4021377973164879687-2609170634-3,"ICE 18",2609170740,4,0
"Köln Hbf",2082653246441066227-2609170740-1,"ICE 2310",2609170740,45,0
"Köln Hbf",-1316725331766652964-2609170603-6,"ICE 513",2609170745,31,0
"Köln Hbf",-8638855930583862299-2609170746-1,"IC 2206",2609170746,0,0
"Düsseldorf Hbf",5312563495212518167-2609170726-2,"ICE 845",2609170749,5,0
"Köln Hbf",542680258128049209-2609170621-7,"ICE 25",2609170750,9,0
"Köln Hbf",-3118459641712443593-2609170600-7,"ICE 712",2609170757,2,0
"Köln Hbf",937531600424895578-2609170549-4,"ICE 616",2609170805,2,0
"Düsseldorf Hbf",2082653246441066227-2609170740-2,"ICE 2310",2609170807,60,0
"Düsseldorf Hbf",-8638855930583862299-2609170746-2,"IC 2206",2609170810,5,0
"Köln Hbf",-683349446891373235-2609170623-5,"ICE 11",2609170816,7,0
"Düsseldorf Hbf",7320863906691937525-2609170719-4,"ICE 529",2609170818,16,0
"Düsseldorf Hbf",8518232099080018263-2609170426-11,"ICE 103",2609170822,45,0
"Köln Hbf",-1489252697791169587-2609170825-1,"ICE 545",2609170825,18,0
"Köln Hbf",-2307934263002248776-2609170829-1,"ICE 1513",2609170829,8,0
"Düsseldorf Hbf",8056505330798593907-2609170706-6,"ICE 119",2609170831,41,0
"Düsseldorf Hbf",1795377954048554987-2609170708-5,"ICE 824",2609170840,2,0
"Köln Hbf",-3687533052908579649-2609170734-4,"ICE 220",2609170843,7,0
"Köln Hbf",-5067205027928923412-2609170844-1,"ICE 555",2609170844,1,0
"Düsseldorf Hbf",1800994547680145354-2609170638-7,"ICE 121",2609170845,19,0
"Köln Hbf",-3987770513815330460-2609170539-12,"IC 2040",2609170845,0,1
"Köln Hbf",6675332026866779665-2609170845-1,"ICE 1036",2609170845,1,0
"Düsseldorf Hbf",-1489252697791169587-2609170825-2,"ICE 545",2609170847,23,0
"Köln Hbf",8518232099080018263-2609170426-12,"ICE 103",2609170850,41,0
"Düsseldorf Hbf",-5947456125297650390-2609170420-8,"ICE 1014",2609170853,0,0
"Düsseldorf Hbf",400157404087783375-2609170753-5,"ICE 915",2609170902,26,0
"Köln Hbf",-3316077366275075692-2609170516-8,"ICE 204",2609170905,2,0
"Düsseldorf Hbf",6675332026866779665-2609170845-2,"ICE 1036",2609170906,12,0
"Köln Hbf",4558275999006255649-2609170643-7,"IC 2441",2609170906,1,0
"Düsseldorf Hbf",-3687533052908579649-2609170734-5,"ICE 220",2609170910,14,0
"Düsseldorf Hbf",6972548221701888574-2609170418-15,"ICE 646",2609170912,43,0
"Köln Hbf",1800994547680145354-2609170638-8,"ICE 121",2609170913,23,0
"Köln Hbf",5146840242049916044-2609170640-5,"ICE 656",2609170915,9,0
"Düsseldorf Hbf",-2521696256132503788-2609170920-1,"ICE 621",2609170920,5,0
"Düsseldorf Hbf",-1790024725878292801-2609170820-6,"ICE 27",2609170924,19,0
"Köln Hbf",-8906112445839706377-2609170926-1,"ICE 847",2609170926,0,0
"Düsseldorf Hbf",-6888861751751692665-2609170817-6,"ICE 217",2609170928,17,0
"Düsseldorf Hbf",-3316077366275075692-2609170516-9,"ICE 204",2609170932,22,0
"Köln Hbf",8918082092638159592-2609170812-6,"ICE 1612",2609170932,1,0
"Düsseldorf Hbf",-6223962037244896084-2609170441-10,"ICE 822",2609170936,49,0
"Köln Hbf",7127812590731908748-2609170938-1,"ICE 857",2609170938,17,0
"Köln Hbf",-5717720788505540143-2609170833-3,"ICE 316",2609170939,7,0
"Düsseldorf Hbf",-6760724929342255350-2609170634-13,"IC 2007",2609170946,22,0
"Köln Hbf",-3482704518387342076-2609170946-1,"IC 2204",2609170946,0,0
"Köln Hbf",6512354943507599026-2609170526-12,"ICE 515",2609170946,15,0
"Düsseldorf Hbf",-8906112445839706377-2609170926-2,"ICE 847",2609170949,2,0
"Köln Hbf",-1790024725878292801-2609170820-7,"ICE 27",2609170952,16,0
"Köln Hbf",67517114520381301-2609170533-8,"ICE 614",2609171005,0,0
"Köln Hbf",4250821308365947570-2609170528-10,"ICE 1022",2609171006,20,1
"Düsseldorf Hbf",-3482704518387342076-2609170946-2,"IC 2204",2609171008,6,0
"Düsseldorf Hbf",-4782954664003624221-2609170526-12,"ICE 946",2609171008,40,0
"Köln Hbf",-6760724929342255350-2609170634-14,"IC 2007",2609171014,25,0
"Köln Hbf",7296668088221534520-2609170825-5,"ICE 13",2609171016,28,0
"Düsseldorf Hbf",7692347899239356115-2609171019-1,"ICE 623",2609171019,1,0
"Düsseldorf Hbf",-3500545049874534285-2609170626-11,"ICE 105",2609171022,50,0
"Köln Hbf",-6590078199824287896-2609170526-11,"ICE 956",2609171022,33,0
"Köln Hbf",309221757920376132-2609171029-1,"ICE 1515",2609171029,0,0
"Düsseldorf Hbf",4250821308365947570-2609170528-11,"ICE 1022",2609171035,14,1
"Düsseldorf Hbf",5509309536167095600-2609170544-10,"ICE 820",2609171040,16,0
"Köln Hbf",-8155331480429548080-2609170934-4,"ICE 128",2609171043,2,0
"Köln Hbf",-8614664585551473503-2609171044-1,"ICE 557",2609171044,4,0
"Düsseldorf Hbf",467631948029280047-2609170831-7,"ICE 225",2609171045,12,0
"Köln Hbf",5248730939501738569-2609170602-15,"IC 2042",2609171045,39,0
"Düsseldorf Hbf",211585818996437737-2609171048-1,"ICE 547",2609171048,20,0
"Köln Hbf",-3500545049874534285-2609170626-12,"ICE 105",2609171050,47,0
"Düsseldorf Hbf",-6324333303227400345-2609170620-8,"ICE 1012",2609171053,9,0
"Köln Hbf",8125274319994745100-2609171053-1,"ICE 2013",2609171053,7,0
"Köln Hbf",-508151058757607646-2609170716-9,"ICE 202",2609171105,1,0
"Köln Hbf",2031840069123671352-2609170736-8,"IC 2049",2609171106,23,0
"Düsseldorf Hbf",2417110662322496020-2609170647-10,"ICE 644",2609171109,64,0
"Düsseldorf Hbf",-8155331480429548080-2609170934-5,"ICE 128",2609171110,8,0
"Köln Hbf",467631948029280047-2609170831-8,"ICE 225",2609171114,12,0
"Köln Hbf",-2664747470423541798-2609170652-8,"ICE 654",2609171114,0,1
"Düsseldorf Hbf",-1863724056778564852-2609171117-1,"ICE 625",2609171117,29,0
"Düsseldorf Hbf",3450663025951470366-2609170602-8,"ICE 1521",2609171119,57,0
"Düsseldorf Hbf",3704713885565394549-2609171024-4,"ICE 29",2609171124,15,0
"Düsseldorf Hbf",-508151058757607646-2609170716-10,"ICE 202",2609171132,3,0
"Köln Hbf",98157840525274029-2609171011-6,"ICE 1610",2609171133,2,0
"Düsseldorf Hbf",-7827307397706401371-2609170644-8,"ICE 728",2609171137,2,0
"Köln Hbf",-9221432942161771616-2609171138-1,"ICE 859",2609171138,4,0
"Köln Hbf",-3207602294555876168-2609171034-3,"ICE 16",2609171139,10,0
"Köln Hbf",3450663025951470366-2609170602-9,"ICE 1521",2609171145,54,0
"Düsseldorf Hbf",6862846665566225825-2609170834-13,"IC 2009",2609171146,39,0
"Köln Hbf",-8775310893499181309-2609171146-1,"IC 2202",2609171146,1,0
"Köln Hbf",-4602427783665327588-2609170726-12,"ICE 517",2609171146,34,0
"Düsseldorf Hbf",-3935110464616838577-2609171150-1,"ICE 849",2609171150,0,0
"Köln Hbf",3704713885565394549-2609171024-5,"ICE 29",2609171150,14,0
"Köln Hbf",-8386336934533711188-2609170728-9,"ICE 1020",2609171205,27,1
"Köln Hbf",-7184453857839759572-2609170728-8,"ICE 612",2609171205,1,0
"Düsseldorf Hbf",-8775310893499181309-2609171146-2,"IC 2202",2609171208,3,0
"Düsseldorf Hbf",789381465621699355-2609170747-10,"ICE 944",2609171208,72,0
"Köln Hbf",4555217987378332456-2609170713-11,"ICE 1548",2609171209,62,0
"Köln Hbf",6862846665566225825-2609170834-14,"IC 2009",2609171214,49,0
"Köln Hbf",-6382331557337532208-2609171025-5,"ICE 15",2609171215,9,0
"Düsseldorf Hbf",-7766800689315712550-2609171219-1,"ICE 627",2609171219,15,0
"Düsseldorf Hbf",-5703640496454004355-2609170825-11,"ICE 107",2609171222,51,0
"Köln Hbf",5065395714490050726-2609170747-9,"ICE 954",2609171222,52,0
"Köln Hbf",-8376398398323607088-2609171229-1,"ICE 1517",2609171229,0,0
"Düsseldorf Hbf",-8386336934533711188-2609170728-10,"ICE 1020",2609171230,22,1
"Düsseldorf Hbf",5394868531176279031-2609170742-9,"ICE 726",2609171240,6,0
"Köln Hbf",-4712053304823003938-2609171134-4,"ICE 126",2609171243,3,0
"Köln Hbf",5886092952094503689-2609171244-1,"ICE 559",2609171244,1,0
"Düsseldorf Hbf",1869793107893408377-2609171031-7,"ICE 123",2609171245,35,0
"Köln Hbf",666711005360005078-2609170522-21,"IC 2044",2609171245,44,0
"Köln Hbf",607281138257369836-2609171245-1,"ICE 1032",2609171245,0,1
"Düsseldorf Hbf",-5225265888807154878-2609171248-1,"ICE 549",2609171248,5,0
"Köln Hbf",-5703640496454004355-2609170825-12,"ICE 107",2609171250,48,0
"Düsseldorf Hbf",-1202781486977583710-2609170819-8,"ICE 1010",2609171253,16,0
"Düsseldorf Hbf",-5763151150910106247-2609171155-5,"ICE 919",2609171302,6,0
"Köln Hbf",5555371111259384160-2609170759-9,"ICE 200",2609171305,1,0
"Düsseldorf Hbf",607281138257369836-2609171245-2,"ICE 1032",2609171306,0,1
"Köln Hbf",-1660175693055885317-2609170936-8,"IC 2047",2609171306,15,0
"Düsseldorf Hbf",-4712053304823003938-2609171134-5,"ICE 126",2609171310,7,0
"Düsseldorf Hbf",-3811000113167125819-2609170847-11,"ICE 642",2609171311,82,0
"Köln Hbf",1869793107893408377-2609171031-8,"ICE 123",2609171314,45,0
"Köln Hbf",7029715491133337413-2609170852-8,"ICE 652",2609171315,78,0
"Düsseldorf Hbf",2307301279586290347-2609171321-1,"ICE 629",2609171321,5,0
"Düsseldorf Hbf",6492627968416470339-2609171221-6,"ICE 229",2609171324,17,0
"Köln Hbf",-2157107938954049243-2609171101-6,"ICE 311",2609171324,4,0
"Düsseldorf Hbf",5555371111259384160-2609170759-10,"ICE 200",2609171332,3,0
"Köln Hbf",-7017661080292591369-2609171211-6,"ICE 1518",2609171333,0,0
"Köln Hbf",201535978532296242-2609171334-1,"ICE 1549",2609171334,0,0
"Düsseldorf Hbf",-4676367904559688889-2609170845-8,"ICE 724",2609171337,1,0
"Köln Hbf",-4020550040361167307-2609171338-1,"ICE 951",2609171338,24,0
"Köln Hbf",4216288988927907099-2609171234-3,"ICE 314",2609171339,2,0
"Düsseldorf Hbf",5900362052756938804-2609170951-16,"IC 2201",2609171346,71,0
"Köln Hbf",-3185038341433261764-2609171346-1,"IC 2200",2609171346,3,0
"Köln Hbf",-8471873024121272354-2609170926-12,"ICE 519",2609171346,23,0
"Düsseldorf Hbf",-1360629902197387952-2609171350-1,"ICE 941",2609171350,6,0
"Köln Hbf",6492627968416470339-2609171221-7,"ICE 229",2609171352,14,0
"Köln Hbf",9011011619156863439-2609170928-8,"ICE 610",2609171405,8,0
"Köln Hbf",338204297594764006-2609170827-10,"ICE 926",2609171406,2,0
"Düsseldorf Hbf",-3185038341433261764-2609171346-2,"IC 2200",2609171408,12,0
"Düsseldorf Hbf",7024771559125615258-2609170947-10,"ICE 942",2609171408,94,0
"Köln Hbf",5900362052756938804-2609170951-17,"IC 2201",2609171414,80,1
"Köln Hbf",4815612638303090443-2609171225-5,"ICE 315",2609171415,8,0
"Düsseldorf Hbf",-758807154932475400-2609171419-1,"ICE 721",2609171419,5,0
"Düsseldorf Hbf",6610086332469437335-2609171026-11,"ICE 109",2609171422,44,0
"Köln Hbf",2625224039751841654-2609170947-9,"ICE 952",2609171422,55,0
"Köln Hbf",4846835449118805747-2609171429-1,"ICE 1519",2609171429,0,0
"Düsseldorf Hbf",338204297594764006-2609170827-11,"ICE 926",2609171432,3,0
"Düsseldorf Hbf",-7906017824379584014-2609170946-9,"ICE 722",2609171436,2,0
"Köln Hbf",-8784598530479710827-2609171438-1,"ICE 310",2609171438,1,0
"Köln Hbf",-5676785138972199399-2609171334-4,"ICE 124",2609171443,2,0
"Köln Hbf",-6270903731699972278-2609171444-1,"ICE 651",2609171444,2,0
"Düsseldorf Hbf",-9018982874238179365-2609171238-7,"ICE 125",2609171445,55,0
"Köln Hbf",-5299413353021537464-2609170722-21,"IC 2046",2609171445,64,0
"Düsseldorf Hbf",7188954872564278301-2609171448-1,"ICE 641",2609171448,10,0
"Düsseldorf Hbf",-553863566957669250-2609170730-17,"ICE 1033",2609171450,27,1
"Köln Hbf",6610086332469437335-2609171026-12,"ICE 109",2609171450,40,1
"Düsseldorf Hbf",7844358081895785158-2609171019-8,"ICE 918",2609171453,0,0
"Düsseldorf Hbf",8564432605510706771-2609171353-4,"ICE 1011",2609171501,11,0
"Köln Hbf",7702481692019596064-2609170838-12,"ICE 108",2609171505,6,0
"Köln Hbf",7334323916340841763-2609171136-8,"IC 2045",2609171506,18,1
"Düsseldorf Hbf",-5676785138972199399-2609171334-5,"ICE 124",2609171510,13,0
"Düsseldorf Hbf",8642793912640631890-2609171047-11,"ICE 640",2609171511,67,0
"Köln Hbf",-9018982874238179365-2609171238-8,"ICE 125",2609171513,82,0
"Köln Hbf",-7022498938457192021-2609171052-8,"ICE 650",2609171515,52,0
"Düsseldorf Hbf",5311537321398817844-2609171520-1,"ICE 723",2609171520,3,0
"Köln Hbf",-553863566957669250-2609170730-18,"ICE 1033",2609171520,22,1
"Düsseldorf Hbf",-1497213994658544450-2609171154-6,"ICE 927",2609171522,31,1
"Düsseldorf Hbf",7702481692019596064-2609170838-13,"ICE 108",2609171532,11,0
"Köln Hbf",4945186918802353023-2609171411-6,"ICE 1516",2609171533,1,0
"Düsseldorf Hbf",6519626148103819066-2609171045-9,"ICE 720",2609171536,1,0
"Köln Hbf",-107298036587741504-2609171538-1,"ICE 953",2609171538,0,0
"Köln Hbf",2218943744552257469-2609171434-3,"ICE 14",2609171539,0,1
"Düsseldorf Hbf",-257816953041096365-2609171136-16,"IC 2203",2609171546,67,0
"Köln Hbf",8187582116097718743-2609171546-1,"IC 2008",2609171546,0,1
"Köln Hbf",5653087570567167872-2609171126-12,"ICE 611",2609171546,33,0
"Düsseldorf Hbf",6378881227509878523-2609171550-1,"ICE 943",2609171550,30,0
"Köln Hbf",-1497213994658544450-2609171154-7,"ICE 927",2609171551,29,1
"Köln Hbf",-6452407069337976676-2609171128-8,"ICE 518",2609171605,6,0
"Köln Hbf",7010757467826963006-2609171132-9,"ICE 228",2609171606,9,0
"Köln Hbf",-8732834586368903752-2609171607-1,"ICE 1520",2609171607,0,0
"Düsseldorf Hbf",8187582116097718743-2609171546-2,"IC 2008",2609171608,29,1
"Düsseldorf Hbf",-3330605035074967330-2609171147-10,"ICE 940",2609171608,98,0
"Köln Hbf",-257816953041096365-2609171136-17,"IC 2203",2609171614,76,0
"Köln Hbf",-482221124538025922-2609171425-5,"ICE 17",2609171615,14,0
"Düsseldorf Hbf",6556040714554725251-2609171619-1,"ICE 725",2609171619,11,0
"Köln Hbf",375201943151232777-2609171147-9,"ICE 950",2609171621,80,0
"Düsseldorf Hbf",-762086226758254325-2609171226-11,"ICE 201",2609171622,24,0
"Köln Hbf",-6579606754577220741-2609171501-5,"ICE 1716",2609171625,0,0
"Düsseldorf Hbf",-8732834586368903752-2609171607-2,"ICE 1520",2609171627,32,0
"Köln Hbf",5058768902280124693-2609171629-1,"ICE 1611",2609171629,0,0
"Düsseldorf Hbf",7010757467826963006-2609171132-10,"ICE 228",2609171632,18,0
"Düsseldorf Hbf",8429649765325465614-2609171145-9,"ICE 628",2609171640,32,0
"Köln Hbf",4524910290568704513-2609171534-4,"ICE 122",2609171643,4,0
"Köln Hbf",-157208555968192668-2609171644-1,"ICE 653",2609171644,0,0
"Düsseldorf Hbf",5612128767266048221-2609171438-7,"ICE 127",2609171645,17,0
"Köln Hbf",-5036776284380011862-2609170922-21,"IC 2048",2609171645,32,0
"Düsseldorf Hbf",-5511541014003594580-2609171648-1,"ICE 643",2609171648,8,0
"Düsseldorf Hbf",6330890959881575446-2609170953-14,"ICE 2311",2609171650,32,0
"Köln Hbf",-762086226758254325-2609171226-12,"ICE 201",2609171650,20,0
"Düsseldorf Hbf",-1838827148333657754-2609171220-8,"ICE 916",2609171653,2,0
"Düsseldorf Hbf",2333246513660073790-2609171553-5,"ICE 1013",2609171703,12,0
"Köln Hbf",-8705107722613527627-2609171059-15,"ICE 106",2609171705,11,0
"Köln Hbf",-7566186731885125077-2609171305-8,"ICE 2012",2609171706,24,0
"Düsseldorf Hbf",4524910290568704513-2609171534-5,"ICE 122",2609171710,8,0
"Köln Hbf",-893148775004719136-2609171711-1,"IC 2043",2609171711,0,1
"Düsseldorf Hbf",-8713208741749436113-2609171247-11,"ICE 548",2609171712,69,0
"Köln Hbf",5612128767266048221-2609171438-8,"ICE 127",2609171713,41,1
"Köln Hbf",-2894975550766125611-2609171252-8,"ICE 558",2609171715,29,0
"Köln Hbf",6330890959881575446-2609170953-15,"ICE 2311",2609171719,44,0
"Düsseldorf Hbf",6757774550243091278-2609171720-1,"ICE 727",2609171720,13,0
"Düsseldorf Hbf",-2924322226173910183-2609171703-3,"ICE 929",2609171724,15,0
"Köln Hbf",-1057492321374091038-2609171731-1,"ICE 713",2609171731,4,0
"Düsseldorf Hbf",-8705107722613527627-2609171059-16,"ICE 106",2609171732,16,0
"Köln Hbf",-8631361224774257822-2609171611-6,"ICE 1514",2609171733,0,0
"Düsseldorf Hbf",5042424630356113204-2609171245-8,"ICE 626",2609171738,3,0
"Köln Hbf",-4550645364654346112-2609171738-1,"ICE 955",2609171738,16,0
"Köln Hbf",3763871362376381297-2609171634-3,"ICE 12",2609171740,6,0
"Düsseldorf Hbf",-7566186731885125077-2609171305-9,"ICE 2012",2609171742,17,0
"Düsseldorf Hbf",-2882197430592295029-2609171351-16,"IC 2205",2609171746,28,0
"Köln Hbf",-3282400354544978678-2609171746-1,"IC 2006",2609171746,34,0
"Köln Hbf",-2910589038648014094-2609171326-12,"ICE 613",2609171746,25,0
"Düsseldorf Hbf",-8275737537227179086-2609171750-1,"ICE 945",2609171750,15,0
"Köln Hbf",-2924322226173910183-2609171703-4,"ICE 929",2609171750,21,0
"Köln Hbf",6954924236955692259-2609171328-8,"ICE 516",2609171805,2,0
"Köln Hbf",944231164744023574-2609171332-9,"ICE 28",2609171806,19,0
"Düsseldorf Hbf",-3282400354544978678-2609171746-2,"IC 2006",2609171808,35,0
"Düsseldorf Hbf",3702662415087684826-2609171347-10,"ICE 848",2609171808,54,0
"Köln Hbf",6423634419829337550-2609171434-11,"ICE 710",2609171808,3,0
"Köln Hbf",-2882197430592295029-2609171351-17,"IC 2205",2609171814,29,0
"Köln Hbf",4992819178731237054-2609171622-5,"ICE 317",2609171815,9,0
"Düsseldorf Hbf",-3019965818182152821-2609171821-1,"ICE 729",2609171821,4,0
"Düsseldorf Hbf",-7956047615718350819-2609171426-11,"ICE 203",2609171822,47,0
"Köln Hbf",-1900115166859559092-2609171347-9,"ICE 858",2609171822,36,0
"Düsseldorf Hbf",1459720362045900384-2609171235-10,"ICE 216",2609171824,1,0
"Köln Hbf",-7955422278217659578-2609171703-5,"ICE 1714",2609171825,10,0
"Köln Hbf",1407594009417555306-2609171829-1,"ICE 1613",2609171829,0,0
"Düsseldorf Hbf",944231164744023574-2609171332-10,"ICE 28",2609171832,22,0
"Düsseldorf Hbf",-4521437519262178170-2609171345-9,"ICE 624",2609171836,25,0
"Köln Hbf",-6750794421454638985-2609171420-8,"ICE 224",2609171843,1,0
"Köln Hbf",9016403526930832374-2609171844-1,"ICE 655",2609171844,15,0
"Düsseldorf Hbf",-2599950570116389517-2609171638-7,"ICE 129",2609171845,7,0
"Köln Hbf",-4140470391187734614-2609171122-21,"IC 2440",2609171845,28,1
"Düsseldorf Hbf",4447890004106418758-2609171848-1,"ICE 645",2609171848,3,0
"Düsseldorf Hbf",7867558493628354270-2609171115-18,"ICE 1037",2609171850,12,1
"Köln Hbf",-7956047615718350819-2609171426-12,"ICE 203",2609171850,45,0
"Düsseldorf Hbf",-6727683722954373951-2609171754-5,"ICE 1015",2609171901,14,0
"Köln Hbf",-4758242349678413284-2609171238-12,"ICE 104",2609171905,2,0
"Köln Hbf",2508597620716488611-2609171536-8,"IC 2041",2609171906,31,0
"Düsseldorf Hbf",3141971505559871903-2609171447-10,"ICE 546",2609171908,38,0
"Düsseldorf Hbf",-6750794421454638985-2609171420-9,"ICE 224",2609171910,6,0
"Köln Hbf",-2599950570116389517-2609171638-8,"ICE 129",2609171913,1,0
"Köln Hbf",8430642524571604487-2609171452-8,"ICE 556",2609171915,38,0
"Düsseldorf Hbf",-3738461847412237185-2609171918-1,"ICE 821",2609171918,2,0
"Köln Hbf",7867558493628354270-2609171115-19,"ICE 1037",2609171920,7,1
"Düsseldorf Hbf",2312296716933966404-2609171554-4,"ICE 1021",2609171921,13,0
"Düsseldorf Hbf",-4055232889596422409-2609170803-29,"ICE 118",2609171924,1,0
"Düsseldorf Hbf",-4758242349678413284-2609171238-13,"ICE 104",2609171932,1,0
"Köln Hbf",-4997552987396627422-2609171811-6,"ICE 1512",2609171933,5,0
"Düsseldorf Hbf",-2142784246140329213-2609171445-8,"ICE 622",2609171936,33,0
"Köln Hbf",3141971505559871903-2609171447-11,"ICE 546",2609171936,34,0
"Köln Hbf",-2451771813568964797-2609171938-1,"ICE 957",2609171938,0,0
"Köln Hbf",-8942408890709913676-2609171833-3,"ICE 10",2609171940,14,0
"Düsseldorf Hbf",1492120664389609114-2609171604-14,"IC 2207",2609171946,61,0
"Köln Hbf",-5425302918995479956-2609171526-12,"ICE 615",2609171946,15,0
"Düsseldorf Hbf",3778695356863398992-2609171950-1,"ICE 947",2609171950,1,0
"Köln Hbf",2312296716933966404-2609171554-5,"ICE 1021",2609171950,9,0
"Köln Hbf",-5040855886902453859-2609171528-8,"ICE 514",2609172005,31,0
"Köln Hbf",-8926157399752465663-2609171532-9,"ICE 26",2609172006,25,0
"Düsseldorf Hbf",798259414142998527-2609172009-1,"ICE 823",2609172009,1,0
"Düsseldorf Hbf",-9003107645534276753-2609171547-9,"ICE 846",2609172013,59,1
"Köln Hbf",1492120664389609114-2609171604-15,"IC 2207",2609172014,68,0
"Köln Hbf",4341219805487381340-2609171825-5,"ICE 19",2609172015,0,1
"Düsseldorf Hbf",-6235789055676348186-2609171626-11,"ICE 205",2609172022,6,0
"Köln Hbf",-819597198211929243-2609171547-9,"ICE 856",2609172022,71,0
"Düsseldorf Hbf",-8926157399752465663-2609171532-10,"ICE 26",2609172032,31,0
"Düsseldorf Hbf",-1188267942167451229-2609171545-9,"ICE 620",2609172037,28,0
"Köln Hbf",2576231255055476975-2609171934-4,"ICE 120",2609172043,9,0
"Düsseldorf Hbf",-7056878515633598205-2609171838-7,"ICE 221",2609172045,18,0
"Köln Hbf",-7949491460536242261-2609171322-21,"IC 2442",2609172045,3,1
"Köln Hbf",5646922477923288654-2609172045-1,"ICE 657",2609172045,15,0
"Köln Hbf",-6235789055676348186-2609171626-12,"ICE 205",2609172048,4,0
"Düsseldorf Hbf",-977669644680017628-2609171620-8,"ICE 912",2609172053,24,0
"Köln Hbf",1555483896112278137-2609171934-6,"ICE 318",2609172056,29,0
"Düsseldorf Hbf",8262134096716058006-2609171353-14,"ICE 2215",2609172059,86,0
"Köln Hbf",-7971996062035411059-2609171438-12,"ICE 102",2609172105,7,0
"Köln Hbf",1913356045703776437-2609171736-8,"IC 2349",2609172106,0,1
"Düsseldorf Hbf",2576231255055476975-2609171934-5,"ICE 120",2609172110,19,0
"Düsseldorf Hbf",-5885856201096992744-2609171647-10,"ICE 544",2609172112,148,0
"Köln Hbf",-7056878515633598205-2609171838-8,"ICE 221",2609172113,19,0
"Köln Hbf",6625519329407624873-2609171652-8,"ICE 554",2609172114,122,0
"Köln Hbf",8388183103841403836-2609171516-14,"ICE 1544",2609172119,25,0
"Düsseldorf Hbf",6194893901306646476-2609171726-11,"ICE 617",2609172121,2,0
"Köln Hbf",5268242451257549226-2609171901-6,"ICE 313",2609172124,2,0
"Köln Hbf",8262134096716058006-2609171353-15,"ICE 2215",2609172131,79,0
"Düsseldorf Hbf",50770787591072936-2609171644-9,"ICE 528",2609172137,29,0
"Köln Hbf",-5885856201096992744-2609171647-11,"ICE 544",2609172140,144,0
"Köln Hbf",6194893901306646476-2609171726-12,"ICE 617",2609172148,5,0
"Köln Hbf",7537395545451740415-2609171728-8,"ICE 512",2609172205,2,0
"Köln Hbf",1123272061820542344-2609171732-9,"ICE 24",2609172206,51,0
"Düsseldorf Hbf",-4080761801504144103-2609171747-10,"ICE 844",2609172208,90,0
"Köln Hbf",-8088851598754426904-2609172022-4,"ICE 319",2609172215,3,0
"Köln Hbf",3736117015423388331-2609171746-8,"ICE 526",2609172216,25,0
"Düsseldorf Hbf",6810614476303646777-2609171826-11,"ICE 207",2609172222,8,0
"Köln Hbf",4711383125555203513-2609171747-9,"ICE 854",2609172222,84,0
"Köln Hbf",6195485783263057734-2609171819-7,"ICE 910",2609172230,18,0
"Köln Hbf",-4080761801504144103-2609171747-11,"ICE 844",2609172234,87,0
"Düsseldorf Hbf",1123272061820542344-2609171732-10,"ICE 24",2609172242,45,0
"Köln Hbf",4804116960335233530-2609171522-21,"IC 2444",2609172245,0,1
"Köln Hbf",6810614476303646777-2609171826-12,"ICE 207",2609172251,7,0
"Düsseldorf Hbf",3736117015423388331-2609171746-9,"ICE 526",2609172256,38,0
"Köln Hbf",5987880351959364904-2609172301-1,"ICE 1541",2609172301,0,1
"Köln Hbf",8570739711458019321-2609171936-8,"IC 2347",2609172306,10,0
"Köln Hbf",4005400229928334385-2609171659-16,"ICE 100",2609172310,5,0
"Düsseldorf Hbf",-1854738006003716349-2609171847-10,"ICE 542",2609172312,93,0
"Köln Hbf",2579078581490934825-2609171852-8,"ICE 552",2609172315,47,0
"Düsseldorf Hbf",7582314568044505717-2609172101-7,"IC 60403",2609172319,18,0
"Düsseldorf Hbf",5926473462606976417-2609171926-11,"ICE 619",2609172323,0,0
"Düsseldorf Hbf",5987880351959364904-2609172301-2,"ICE 1541",2609172331,0,1
"Köln Hbf",-6524998557445987060-2609171844-11,"ICE 524",2609172339,5,0
"Köln Hbf",-1854738006003716349-2609171847-11,"ICE 542",2609172339,90,0
"Düsseldorf Hbf",4005400229928334385-2609171659-17,"ICE 100",2609172345,21,0
"Köln Hbf",7582314568044505717-2609172101-8,"IC 60403",2609172345,18,0
"Köln Hbf",5926473462606976417-2609171926-12,"ICE 619",2609172349,1,0
"Köln Hbf",3337083331722830688-2609171931-9,"ICE 22",2609180006,1,0
"Düsseldorf Hbf",-4737482986446738332-2609171947-10,"ICE 842",2609180008,57,0
"Düsseldorf Hbf",-4463983841688751065-2609172026-12,"ICE 209",2609180022,2,0
"Köln Hbf",-111241669532597234-2609171947-9,"ICE 852",2609180023,33,0
"Köln Hbf",8322424274180843926-2609171928-9,"ICE 510",2609180027,2,0
"Köln Hbf",-4383803236760390820-2609171945-12,"ICE 522",2609180031,16,0
"Köln Hbf",-4737482986446738332-2609171947-11,"ICE 842",2609180034,53,0
"Köln Hbf",8503777394879306018-2609172322-9,"ICE 920",2609180205,1,0
"Düsseldorf Hbf",8503777394879306018-2609172322-10,"ICE 920",2609180243,8,0
"Düsseldorf Hbf",2774174590951633862-2609172225-14,"ICE 921",2609180249,35,0
"Köln Hbf",2774174590951633862-2609172225-15,"ICE 921",2609180320,35,0
"Köln Hbf",7130605216857004791-2609180321-1,"ICE 827",2609180321,0,0
"Köln Hbf",-1822966271854478829-2609180355-1,"ICE 1028",2609180355,10,0
"Köln Hbf",8652078400714170233-2609180416-1,"ICE 541",2609180416,3,0
"Düsseldorf Hbf",-1822966271854478829-2609180355-2,"ICE 1028",2609180425,22,0
"Köln Hbf",-7455087584675999219-2609180428-1,"ICE 521",2609180428,0,0
"Düsseldorf Hbf",-881594861635697900-2609180400-6,"ICE 523",2609180455,1,0
"Köln Hbf",-1981361635087318141-2609180511-1,"IC 2445",2609180511,0,1
"Köln Hbf",1179810196779242077-2609180511-1,"ICE 208",2609180511,22,0
"Köln Hbf",-784036643221120658-2609180514-1,"ICE 2214",2609180514,40,0
"Düsseldorf Hbf",3596733780499351643-2609180422-6,"ICE 23",2609180522,3,0
"Köln Hbf",-397321280238564306-2609180525-1,"ICE 911",2609180525,1,0
"Köln Hbf",-5962154382149198734-2609180526-1,"ICE 843",2609180526,0,0
"Düsseldorf Hbf",1179810196779242077-2609180511-2,"ICE 208",2609180532,26,0
"Düsseldorf Hbf",-784036643221120658-2609180514-2,"ICE 2214",2609180537,40,0
"Köln Hbf",-486178897212069438-2609180538-1,"ICE 853",2609180538,0,0
"Köln Hbf",4753870957390372842-2609172159-14,"IC 60402",2609180544,16,0
"Düsseldorf Hbf",707692460492138158-2609172352-14,"ICE 1540",2609180547,45,0
"Köln Hbf",4230433869735770140-2609180548-1,"ICE 511",2609180548,0,0
"Düsseldorf Hbf",-5962154382149198734-2609180526-2,"ICE 843",2609180549,1,0
"Köln Hbf",3596733780499351643-2609180422-7,"ICE 23",2609180549,18,0
"Köln Hbf",2178700040520449500-2609180601-1,"ICE 711",2609180601,0,0
"Köln Hbf",2686007473625185344-2609172330-12,"ICE 618",2609180604,0,0
"Köln Hbf",-7723883505152961116-2609180611-1,"ICE 312",2609180611,0,0
"Düsseldorf Hbf",4753870957390372842-2609172159-15,"IC 60402",2609180615,15,0
"Köln Hbf",707692460492138158-2609172352-15,"ICE 1540",2609180615,45,0
"Düsseldorf Hbf",-7586352224211082006-2609180514-4,"ICE 525",2609180618,0,0
"Düsseldorf Hbf",8735574551800398555-2609180524-5,"ICE 101",2609180622,4,0
"Köln Hbf",-4310203737838801908-2609180625-1,"ICE 543",2609180625,0,0
"Köln Hbf",1878809338003406023-2609180627-1,"ICE 1511",2609180627,1,0
"Düsseldorf Hbf",2686007473625185344-2609172330-13,"ICE 618",2609180632,1,0
"Köln Hbf",6856208171401458843-2609180534-4,"ICE 222",2609180643,1,0
"Köln Hbf",-7151271002257875909-2609180502-6,"IC 2348",2609180645,6,0
"Köln Hbf",-8806275556870827116-2609180645-1,"ICE 553",2609180645,0,0
"Düsseldorf Hbf",-4310203737838801908-2609180625-2,"ICE 543",2609180647,1,0
"Köln Hbf",8735574551800398555-2609180524-6,"ICE 101",2609180650,10,0
"Düsseldorf Hbf",-6165068286223376269-2609180554-5,"ICE 913",2609180702,0,0
"Köln Hbf",-2103315967753215489-2609180609-3,"IC 2443",2609180706,1,0
"Düsseldorf Hbf",6856208171401458843-2609180534-5,"ICE 222",2609180710,4,0
"Köln Hbf",6135728412348303878-2609180711-1,"ICE 206",2609180711,0,0
"Düsseldorf Hbf",-853844594697067860-2609180615-4,"ICE 527",2609180718,1,0
"Düsseldorf Hbf",542680258128049209-2609180621-6,"ICE 25",2609180724,20,0
"Köln Hbf",5312563495212518167-2609180726-1,"ICE 845",2609180726,0,0
"Düsseldorf Hbf",6135728412348303878-2609180711-2,"ICE 206",2609180732,0,0
"Köln Hbf",-7772981549573087469-2609180733-1,"ICE 1713",2609180733,4,0
"Düsseldorf Hbf",8378187760869811763-2609180541-8,"ICE 826",2609180737,0,0
"Köln Hbf",7280780786399683236-2609180738-1,"ICE 855",2609180738,0,0
"Köln Hbf",4021377973164879687-2609180634-3,"ICE 18",2609180740,3,0
"Köln Hbf",2082653246441066227-2609180740-1,"ICE 2310",2609180740,20,0
"Köln Hbf",-1316725331766652964-2609180603-6,"ICE 513",2609180745,16,0
"Köln Hbf",-8638855930583862299-2609180746-1,"IC 2206",2609180746,0,0
"Düsseldorf Hbf",5312563495212518167-2609180726-2,"ICE 845",2609180749,1,0
"Köln Hbf",542680258128049209-2609180621-7,"ICE 25",2609180750,20,0
"Köln Hbf",-3118459641712443593-2609180600-7,"ICE 712",2609180757,6,0
"Köln Hbf",937531600424895578-2609180549-4,"ICE 616",2609180805,13,0
"Düsseldorf Hbf",2082653246441066227-2609180740-2,"ICE 2310",2609180807,31,0
"Düsseldorf Hbf",-8638855930583862299-2609180746-2,"IC 2206",2609180810,1,0
"Köln Hbf",-683349446891373235-2609180623-5,"ICE 11",2609180816,13,0
"Düsseldorf Hbf",7320863906691937525-2609180719-4,"ICE 529",2609180818,10,0
"Düsseldorf Hbf",8518232099080018263-2609180426-11,"ICE 103",2609180822,13,0
"Köln Hbf",-1489252697791169587-2609180825-1,"ICE 545",2609180825,4,0
"Köln Hbf",-2307934263002248776-2609180829-1,"ICE 1513",2609180829,29,0
"Düsseldorf Hbf",8056505330798593907-2609180706-6,"ICE 119",2609180831,7,0
"Düsseldorf Hbf",1795377954048554987-2609180708-5,"ICE 824",2609180840,1,0
"Köln Hbf",-3687533052908579649-2609180734-4,"ICE 220",2609180843,11,0
"Köln Hbf",-5067205027928923412-2609180844-1,"ICE 555",2609180844,10,0
"Düsseldorf Hbf",1800994547680145354-2609180638-7,"ICE 121",2609180845,23,0
"Köln Hbf",-3987770513815330460-2609180539-12,"IC 2040",2609180845,5,0
"Köln Hbf",6675332026866779665-2609180845-1,"ICE 1036",2609180845,0,0
"Düsseldorf Hbf",-1489252697791169587-2609180825-2,"ICE 545",2609180847,13,0
"Köln Hbf",8518232099080018263-2609180426-12,"ICE 103",2609180850,8,0
"Düsseldorf Hbf",-5947456125297650390-2609180420-8,"ICE 1014",2609180853,7,0
"Düsseldorf Hbf",400157404087783375-2609180753-5,"ICE 915",2609180902,3,0
"Köln Hbf",-3316077366275075692-2609180516-8,"ICE 204",2609180905,8,0
"Düsseldorf Hbf",6675332026866779665-2609180845-2,"ICE 1036",2609180906,17,0
"Köln Hbf",4558275999006255649-2609180643-7,"IC 2441",2609180906,6,1
"Düsseldorf Hbf",-3687533052908579649-2609180734-5,"ICE 220",2609180910,23,0
"Düsseldorf Hbf",6972548221701888574-2609180418-15,"ICE 646",2609180912,39,0
"Köln Hbf",1800994547680145354-2609180638-8,"ICE 121",2609180913,37,0
"Köln Hbf",5146840242049916044-2609180640-5,"ICE 656",2609180915,26,0
"Düsseldorf Hbf",-2521696256132503788-2609180920-1,"ICE 621",2609180920,0,0
"Düsseldorf Hbf",-1790024725878292801-2609180820-6,"ICE 27",2609180924,1,0
"Köln Hbf",-8906112445839706377-2609180926-1,"ICE 847",2609180926,0,0
"Düsseldorf Hbf",-6888861751751692665-2609180817-6,"ICE 217",2609180928,1,0
"Düsseldorf Hbf",-3316077366275075692-2609180516-9,"ICE 204",2609180932,10,0
"Köln Hbf",8918082092638159592-2609180812-6,"ICE 1612",2609180932,1,0
"Düsseldorf Hbf",-6223962037244896084-2609180441-10,"ICE 822",2609180936,2,0
"Köln Hbf",7127812590731908748-2609180938-1,"ICE 857",2609180938,0,0
"Köln Hbf",-5717720788505540143-2609180833-3,"ICE 316",2609180939,4,0
"Düsseldorf Hbf",-6760724929342255350-2609180634-13,"IC 2007",2609180946,11,0
"Köln Hbf",-3482704518387342076-2609180946-1,"IC 2204",2609180946,2,0
"Köln Hbf",6512354943507599026-2609180526-12,"ICE 515",2609180946,27,1
"Düsseldorf Hbf",-8906112445839706377-2609180926-2,"ICE 847",2609180949,2,0
"Köln Hbf",-1790024725878292801-2609180820-7,"ICE 27",2609180952,2,0
"Köln Hbf",67517114520381301-2609180533-8,"ICE 614",2609181005,2,0
"Köln Hbf",4250821308365947570-2609180528-10,"ICE 1022",2609181006,5,0
"Düsseldorf Hbf",-3482704518387342076-2609180946-2,"IC 2204",2609181008,5,0
"Düsseldorf Hbf",-4782954664003624221-2609180526-12,"ICE 946",2609181008,28,0
"Köln Hbf",-6760724929342255350-2609180634-14,"IC 2007",2609181014,13,0
"Köln Hbf",7296668088221534520-2609180825-5,"ICE 13",2609181016,20,0
"Düsseldorf Hbf",7692347899239356115-2609181019-1,"ICE 623",2609181019,0,0
"Düsseldorf Hbf",-3500545049874534285-2609180626-11,"ICE 105",2609181022,4,0
"Köln Hbf",-6590078199824287896-2609180526-11,"ICE 956",2609181022,13,0
"Köln Hbf",309221757920376132-2609181029-1,"ICE 1515",2609181029,0,0
"Düsseldorf Hbf",4250821308365947570-2609180528-11,"ICE 1022",2609181035,7,0
"Düsseldorf Hbf",5509309536167095600-2609180544-10,"ICE 820",2609181040,-1,0
"Köln Hbf",-8155331480429548080-2609180934-4,"ICE 128",2609181043,0,0
"Köln Hbf",-8614664585551473503-2609181044-1,"ICE 557",2609181044,9,0
"Düsseldorf Hbf",467631948029280047-2609180831-7,"ICE 225",2609181045,11,0
"Köln Hbf",5248730939501738569-2609180602-15,"IC 2042",2609181045,0,1
"Düsseldorf Hbf",211585818996437737-2609181048-1,"ICE 547",2609181048,0,0
"Köln Hbf",-3500545049874534285-2609180626-12,"ICE 105",2609181050,0,0
"Düsseldorf Hbf",-6324333303227400345-2609180620-8,"ICE 1012",2609181053,1,0
"Köln Hbf",8125274319994745100-2609181053-1,"ICE 2013",2609181053,0,0
"Köln Hbf",-508151058757607646-2609180716-9,"ICE 202",2609181105,4,0
"Köln Hbf",2031840069123671352-2609180736-8,"IC 2049",2609181106,2,0
"Düsseldorf Hbf",2417110662322496020-2609180647-10,"ICE 644",2609181109,37,0
"Düsseldorf Hbf",-8155331480429548080-2609180934-5,"ICE 128",2609181110,2,0
"Köln Hbf",467631948029280047-2609180831-8,"ICE 225",2609181114,9,0
"Köln Hbf",-2664747470423541798-2609180652-8,"ICE 654",2609181114,36,0
"Düsseldorf Hbf",-1863724056778564852-2609181117-1,"ICE 625",2609181117,0,0
"Düsseldorf Hbf",3450663025951470366-2609180602-8,"ICE 1521",2609181119,17,0
"Düsseldorf Hbf",3704713885565394549-2609181024-4,"ICE 29",2609181124,15,0
"Düsseldorf Hbf",-508151058757607646-2609180716-10,"ICE 202",2609181132,8,0
"Köln Hbf",98157840525274029-2609181011-6,"ICE 1610",2609181133,26,0
"Düsseldorf Hbf",-7827307397706401371-2609180644-8,"ICE 728",2609181137,6,0
"Köln Hbf",-9221432942161771616-2609181138-1,"ICE 859",2609181138,0,0
"Köln Hbf",-3207602294555876168-2609181034-3,"ICE 16",2609181139,12,0
"Köln Hbf",3450663025951470366-2609180602-9,"ICE 1521",2609181145,14,0
"Düsseldorf Hbf",6862846665566225825-2609180834-13,"IC 2009",2609181146,16,0
"Köln Hbf",-8775310893499181309-2609181146-1,"IC 2202",2609181146,10,0
"Köln Hbf",-4602427783665327588-2609180726-12,"ICE 517",2609181146,10,0
"Düsseldorf Hbf",-3935110464616838577-2609181150-1,"ICE 849",2609181150,5,0
"Köln Hbf",3704713885565394549-2609181024-5,"ICE 29",2609181150,14,0
"Köln Hbf",-8386336934533711188-2609180728-9,"ICE 1020",2609181205,23,0
"Köln Hbf",-7184453857839759572-2609180728-8,"ICE 612",2609181205,24,1
"Düsseldorf Hbf",-8775310893499181309-2609181146-2,"IC 2202",2609181208,20,0
"Düsseldorf Hbf",789381465621699355-2609180747-10,"ICE 944",2609181208,34,0
"Köln Hbf",4555217987378332456-2609180713-11,"ICE 1548",2609181209,17,0
"Köln Hbf",6862846665566225825-2609180834-14,"IC 2009",2609181214,16,0
"Köln Hbf",-6382331557337532208-2609181025-5,"ICE 15",2609181215,10,0
"Düsseldorf Hbf",-7766800689315712550-2609181219-1,"ICE 627",2609181219,8,0
"Düsseldorf Hbf",-5703640496454004355-2609180825-11,"ICE 107",2609181222,6,0
"Köln Hbf",5065395714490050726-2609180747-9,"ICE 954",2609181222,37,0
"Köln Hbf",-8376398398323607088-2609181229-1,"ICE 1517",2609181229,5,0
"Düsseldorf Hbf",-8386336934533711188-2609180728-10,"ICE 1020",2609181230,28,0
"Düsseldorf Hbf",5394868531176279031-2609180742-9,"ICE 726",2609181240,2,0
"Köln Hbf",-4712053304823003938-2609181134-4,"ICE 126",2609181243,4,0
"Köln Hbf",5886092952094503689-2609181244-1,"ICE 559",2609181244,6,0
"Düsseldorf Hbf",1869793107893408377-2609181031-7,"ICE 123",2609181245,18,0
"Köln Hbf",666711005360005078-2609180522-21,"IC 2044",2609181245,46,0
"Köln Hbf",607281138257369836-2609181245-1,"ICE 1032",2609181245,1,0
"Düsseldorf Hbf",-5225265888807154878-2609181248-1,"ICE 549",2609181248,6,0
"Köln Hbf",-5703640496454004355-2609180825-12,"ICE 107",2609181250,4,0
"Düsseldorf Hbf",-1202781486977583710-2609180819-8,"ICE 1010",2609181253,19,0
"Düsseldorf Hbf",-5763151150910106247-2609181155-5,"ICE 919",2609181302,5,0
"Köln Hbf",5555371111259384160-2609180759-9,"ICE 200",2609181305,7,0
"Düsseldorf Hbf",607281138257369836-2609181245-2,"ICE 1032",2609181306,4,0
"Köln Hbf",-1660175693055885317-2609180936-8,"IC 2047",2609181306,46,0
"Düsseldorf Hbf",-4712053304823003938-2609181134-5,"ICE 126",2609181310,11,0
"Düsseldorf Hbf",-3811000113167125819-2609180847-11,"ICE 642",2609181311,51,0
"Köln Hbf",1869793107893408377-2609181031-8,"ICE 123",2609181311,21,0
"Köln Hbf",7029715491133337413-2609180852-8,"ICE 652",2609181315,70,1
"Düsseldorf Hbf",2307301279586290347-2609181321-1,"ICE 629",2609181321,0,0
"Düsseldorf Hbf",6492627968416470339-2609181221-6,"ICE 229",2609181324,2,0
"Köln Hbf",-2157107938954049243-2609181101-6,"ICE 311",2609181324,0,0
"Düsseldorf Hbf",5555371111259384160-2609180759-10,"ICE 200",2609181332,15,0
"Köln Hbf",-7017661080292591369-2609181211-6,"ICE 1518",2609181333,34,0
"Köln Hbf",201535978532296242-2609181334-1,"ICE 1549",2609181334,1,0
"Düsseldorf Hbf",-4676367904559688889-2609180845-8,"ICE 724",2609181337,6,0
"Köln Hbf",-4020550040361167307-2609181338-1,"ICE 951",2609181338,12,0
"Köln Hbf",4216288988927907099-2609181234-3,"ICE 314",2609181339,6,0
"Düsseldorf Hbf",5900362052756938804-2609180951-16,"IC 2201",2609181346,8,0
"Köln Hbf",-3185038341433261764-2609181346-1,"IC 2200",2609181346,0,0
"Köln Hbf",-8471873024121272354-2609180926-12,"ICE 519",2609181346,10,0
"Düsseldorf Hbf",-1360629902197387952-2609181350-1,"ICE 941",2609181350,5,0
"Köln Hbf",6492627968416470339-2609181221-7,"ICE 229",2609181352,2,0
"Köln Hbf",9011011619156863439-2609180928-8,"ICE 610",2609181405,7,0
"Köln Hbf",338204297594764006-2609180827-10,"ICE 926",2609181406,30,0
"Düsseldorf Hbf",-3185038341433261764-2609181346-2,"IC 2200",2609181408,2,0
"Düsseldorf Hbf",7024771559125615258-2609180947-10,"ICE 942",2609181408,55,0
"Köln Hbf",5900362052756938804-2609180951-17,"IC 2201",2609181414,5,0
"Köln Hbf",4815612638303090443-2609181225-5,"ICE 315",2609181415,8,0
"Düsseldorf Hbf",-758807154932475400-2609181419-1,"ICE 721",2609181419,0,0
"Düsseldorf Hbf",6610086332469437335-2609181026-11,"ICE 109",2609181422,8,0
"Köln Hbf",2625224039751841654-2609180947-9,"ICE 952",2609181422,76,0
"Köln Hbf",4846835449118805747-2609181429-1,"ICE 1519",2609181429,0,0
"Düsseldorf Hbf",338204297594764006-2609180827-11,"ICE 926",2609181432,32,0
"Düsseldorf Hbf",-7906017824379584014-2609180946-9,"ICE 722",2609181436,31,0
"Köln Hbf",-8784598530479710827-2609181438-1,"ICE 310",2609181438,4,0
"Köln Hbf",-5676785138972199399-2609181334-4,"ICE 124",2609181443,11,0
"Köln Hbf",-6270903731699972278-2609181444-1,"ICE 651",2609181444,0,1
"Düsseldorf Hbf",-9018982874238179365-2609181233-7,"ICE 125",2609181445,2,0
"Köln Hbf",-5299413353021537464-2609180722-21,"IC 2046",2609181445,14,0
"Düsseldorf Hbf",7188954872564278301-2609181448-1,"ICE 641",2609181448,1,0
"Düsseldorf Hbf",-553863566957669250-2609180730-17,"ICE 1033",2609181450,49,0
"Köln Hbf",6610086332469437335-2609181026-12,"ICE 109",2609181450,11,0
"Düsseldorf Hbf",7844358081895785158-2609181019-8,"ICE 918",2609181453,16,0
"Düsseldorf Hbf",8564432605510706771-2609181353-4,"ICE 1011",2609181501,0,0
"Köln Hbf",7702481692019596064-2609180838-12,"ICE 108",2609181505,25,0
"Köln Hbf",7334323916340841763-2609181136-8,"IC 2045",2609181506,59,0
"Düsseldorf Hbf",-5676785138972199399-2609181334-5,"ICE 124",2609181510,24,0
"Düsseldorf Hbf",8642793912640631890-2609181047-11,"ICE 640",2609181511,72,0
"Köln Hbf",-9018982874238179365-2609181233-8,"ICE 125",2609181513,0,0
"Köln Hbf",-7022498938457192021-2609181052-8,"ICE 650",2609181515,73,0
"Düsseldorf Hbf",5311537321398817844-2609181520-1,"ICE 723",2609181520,4,0
"Köln Hbf",-553863566957669250-2609180730-18,"ICE 1033",2609181520,60,0
"Düsseldorf Hbf",-1497213994658544450-2609181154-6,"ICE 927",2609181522,26,0
"Düsseldorf Hbf",7702481692019596064-2609180838-13,"ICE 108",2609181532,27,0
"Köln Hbf",4945186918802353023-2609181411-6,"ICE 1516",2609181533,9,0
"Düsseldorf Hbf",6519626148103819066-2609181045-9,"ICE 720",2609181536,-19,0
"Köln Hbf",-107298036587741504-2609181538-1,"ICE 953",2609181538,3,0
"Köln Hbf",2218943744552257469-2609181434-3,"ICE 14",2609181539,5,0
"Düsseldorf Hbf",-257816953041096365-2609181136-16,"IC 2203",2609181546,28,0
"Köln Hbf",8187582116097718743-2609181546-1,"IC 2008",2609181546,6,0
"Köln Hbf",5653087570567167872-2609181126-12,"ICE 611",2609181546,30,1
"Düsseldorf Hbf",6378881227509878523-2609181550-1,"ICE 943",2609181550,0,0
"Köln Hbf",-1497213994658544450-2609181154-7,"ICE 927",2609181551,23,0
"Köln Hbf",-6452407069337976676-2609181128-8,"ICE 518",2609181605,20,0
"Köln Hbf",7010757467826963006-2609181132-9,"ICE 228",2609181606,5,0
"Köln Hbf",-8732834586368903752-2609181607-1,"ICE 1520",2609181607,0,0
"Düsseldorf Hbf",8187582116097718743-2609181546-2,"IC 2008",2609181608,7,0
"Düsseldorf Hbf",-3330605035074967330-2609181147-10,"ICE 940",2609181608,43,0
"Köln Hbf",-257816953041096365-2609181136-17,"IC 2203",2609181614,36,0
"Köln Hbf",-482221124538025922-2609181425-5,"ICE 17",2609181615,8,0
"Düsseldorf Hbf",6556040714554725251-2609181619-1,"ICE 725",2609181619,0,0
"Köln Hbf",375201943151232777-2609181147-9,"ICE 950",2609181621,38,0
"Düsseldorf Hbf",-762086226758254325-2609181226-11,"ICE 201",2609181622,6,0
"Köln Hbf",-6579606754577220741-2609181501-5,"ICE 1716",2609181625,16,0
"Düsseldorf Hbf",-8732834586368903752-2609181607-2,"ICE 1520",2609181627,6,0
"Köln Hbf",5058768902280124693-2609181629-1,"ICE 1611",2609181629,15,1
"Düsseldorf Hbf",7010757467826963006-2609181132-10,"ICE 228",2609181632,5,0
"Düsseldorf Hbf",8429649765325465614-2609181145-9,"ICE 628",2609181640,14,0
"Köln Hbf",4524910290568704513-2609181534-4,"ICE 122",2609181643,7,0
"Köln Hbf",-157208555968192668-2609181644-1,"ICE 653",2609181644,3,0
"Düsseldorf Hbf",5612128767266048221-2609181433-7,"ICE 127",2609181645,17,0
"Köln Hbf",-5036776284380011862-2609180922-21,"IC 2048",2609181645,31,1
"Düsseldorf Hbf",-5511541014003594580-2609181648-1,"ICE 643",2609181648,4,0
"Düsseldorf Hbf",6330890959881575446-2609180953-14,"ICE 2311",2609181650,18,0
"Köln Hbf",-762086226758254325-2609181226-12,"ICE 201",2609181650,7,0
"Düsseldorf Hbf",-1838827148333657754-2609181220-8,"ICE 916",2609181653,26,0
"Düsseldorf Hbf",2333246513660073790-2609181553-5,"ICE 1013",2609181703,8,0
"Köln Hbf",-8705107722613527627-2609181059-15,"ICE 106",2609181705,5,0
"Köln Hbf",-7566186731885125077-2609181305-8,"ICE 2012",2609181706,20,0
"Düsseldorf Hbf",4524910290568704513-2609181534-5,"ICE 122",2609181710,23,0
"Köln Hbf",-893148775004719136-2609181711-1,"IC 2043",2609181711,0,1
"Düsseldorf Hbf",-8713208741749436113-2609181247-11,"ICE 548",2609181712,35,0
"Köln Hbf",5612128767266048221-2609181433-8,"ICE 127",2609181713,34,0
"Köln Hbf",-2894975550766125611-2609181252-8,"ICE 558",2609181715,44,0
"Köln Hbf",6330890959881575446-2609180953-15,"ICE 2311",2609181719,24,0
"Düsseldorf Hbf",6757774550243091278-2609181720-1,"ICE 727",2609181720,5,0
"Düsseldorf Hbf",-2924322226173910183-2609181703-3,"ICE 929",2609181724,6,0
"Köln Hbf",-1057492321374091038-2609181731-1,"ICE 713",2609181731,1,0
"Düsseldorf Hbf",-8705107722613527627-2609181059-16,"ICE 106",2609181732,20,0
"Köln Hbf",-8631361224774257822-2609181611-6,"ICE 1514",2609181733,0,0
"Düsseldorf Hbf",5042424630356113204-2609181245-8,"ICE 626",2609181738,1,0
"Köln Hbf",-4550645364654346112-2609181738-1,"ICE 955",2609181738,6,0
"Köln Hbf",3763871362376381297-2609181634-3,"ICE 12",2609181740,23,0
"Düsseldorf Hbf",-7566186731885125077-2609181305-9,"ICE 2012",2609181742,15,0
"Düsseldorf Hbf",-2882197430592295029-2609181351-16,"IC 2205",2609181746,10,0
"Köln Hbf",-3282400354544978678-2609181746-1,"IC 2006",2609181746,0,0
"Köln Hbf",-2910589038648014094-2609181326-12,"ICE 613",2609181746,40,1
"Düsseldorf Hbf",-8275737537227179086-2609181750-1,"ICE 945",2609181750,0,0
"Köln Hbf",-2924322226173910183-2609181703-4,"ICE 929",2609181750,14,0
"Köln Hbf",6954924236955692259-2609181328-8,"ICE 516",2609181805,8,0
"Köln Hbf",944231164744023574-2609181332-9,"ICE 28",2609181806,20,0
"Düsseldorf Hbf",-3282400354544978678-2609181746-2,"IC 2006",2609181808,4,0
"Düsseldorf Hbf",3702662415087684826-2609181347-10,"ICE 848",2609181808,43,0
"Köln Hbf",6423634419829337550-2609181434-11,"ICE 710",2609181808,24,0
"Köln Hbf",-2882197430592295029-2609181351-17,"IC 2205",2609181814,10,0
"Köln Hbf",4992819178731237054-2609181622-5,"ICE 317",2609181815,7,0
"Düsseldorf Hbf",-3019965818182152821-2609181821-1,"ICE 729",2609181821,2,0
"Düsseldorf Hbf",-7956047615718350819-2609181426-11,"ICE 203",2609181822,6,0
"Köln Hbf",-1900115166859559092-2609181347-9,"ICE 858",2609181822,21,0
"Düsseldorf Hbf",1459720362045900384-2609181235-10,"ICE 216",2609181824,4,0
"Köln Hbf",-7955422278217659578-2609181703-5,"ICE 1714",2609181825,3,0
"Köln Hbf",1407594009417555306-2609181829-1,"ICE 1613",2609181829,2,0
"Düsseldorf Hbf",944231164744023574-2609181332-10,"ICE 28",2609181832,22,0
"Düsseldorf Hbf",-4521437519262178170-2609181345-9,"ICE 624",2609181836,22,0
"Köln Hbf",-6750794421454638985-2609181420-8,"ICE 224",2609181843,51,0
"Köln Hbf",9016403526930832374-2609181844-1,"ICE 655",2609181844,10,0
"Düsseldorf Hbf",-2599950570116389517-2609181633-7,"ICE 129",2609181845,1,0
"Köln Hbf",-4140470391187734614-2609181122-21,"IC 2440",2609181845,14,0
"Düsseldorf Hbf",4447890004106418758-2609181848-1,"ICE 645",2609181848,5,0
"Düsseldorf Hbf",7867558493628354270-2609181115-18,"ICE 1037",2609181850,21,0
"Köln Hbf",-7956047615718350819-2609181426-12,"ICE 203",2609181850,2,0
"Düsseldorf Hbf",-6727683722954373951-2609181754-5,"ICE 1015",2609181901,7,0
"Köln Hbf",-4758242349678413284-2609181238-12,"ICE 104",2609181905,5,0
"Köln Hbf",2508597620716488611-2609181536-8,"IC 2041",2609181906,5,0
"Düsseldorf Hbf",3141971505559871903-2609181447-10,"ICE 546",2609181908,90,0
"Düsseldorf Hbf",-6750794421454638985-2609181420-9,"ICE 224",2609181910,66,0
"Köln Hbf",-2599950570116389517-2609181633-8,"ICE 129",2609181913,0,0
"Köln Hbf",8430642524571604487-2609181452-8,"ICE 556",2609181915,48,0
"Düsseldorf Hbf",-3738461847412237185-2609181918-1,"ICE 821",2609181918,2,0
"Köln Hbf",7867558493628354270-2609181115-19,"ICE 1037",2609181920,17,0
"Düsseldorf Hbf",2312296716933966404-2609181554-4,"ICE 1021",2609181921,8,0
"Düsseldorf Hbf",-4055232889596422409-2609180803-28,"ICE 118",2609181924,2,0
"Düsseldorf Hbf",-4758242349678413284-2609181238-13,"ICE 104",2609181932,11,0
"Köln Hbf",-4997552987396627422-2609181811-6,"ICE 1512",2609181933,0,1
"Düsseldorf Hbf",-2142784246140329213-2609181445-8,"ICE 622",2609181936,1,0
"Köln Hbf",3141971505559871903-2609181447-11,"ICE 546",2609181936,85,0
"Köln Hbf",-2451771813568964797-2609181938-1,"ICE 957",2609181938,8,0
"Köln Hbf",-8942408890709913676-2609181833-3,"ICE 10",2609181940,15,0
"Düsseldorf Hbf",1492120664389609114-2609181604-14,"IC 2207",2609181946,3,0
"Köln Hbf",-5425302918995479956-2609181526-12,"ICE 615",2609181946,26,0
"Düsseldorf Hbf",3778695356863398992-2609181950-1,"ICE 947",2609181950,1,0
"Köln Hbf",2312296716933966404-2609181554-5,"ICE 1021",2609181950,8,0
"Köln Hbf",-5040855886902453859-2609181528-8,"ICE 514",2609182005,24,0
"Köln Hbf",-8926157399752465663-2609181532-9,"ICE 26",2609182006,7,0
"Düsseldorf Hbf",798259414142998527-2609182009-1,"ICE 823",2609182009,3,0
"Düsseldorf Hbf",-9003107645534276753-2609181547-9,"ICE 846",2609182013,69,0
"Köln Hbf",1492120664389609114-2609181604-15,"IC 2207",2609182014,6,0
"Köln Hbf",4341219805487381340-2609181825-5,"ICE 19",2609182015,24,0
"Düsseldorf Hbf",-6235789055676348186-2609181626-11,"ICE 205",2609182022,17,0
"Köln Hbf",-819597198211929243-2609181547-9,"ICE 856",2609182022,87,0
"Düsseldorf Hbf",-8926157399752465663-2609181532-10,"ICE 26",2609182032,6,0
"Düsseldorf Hbf",-1188267942167451229-2609181545-9,"ICE 620",2609182037,14,0
"Köln Hbf",2576231255055476975-2609181934-4,"ICE 120",2609182043,5,0
"Düsseldorf Hbf",-7056878515633598205-2609181833-7,"ICE 221",2609182045,18,0
"Köln Hbf",-7949491460536242261-2609181322-21,"IC 2442",2609182045,74,0
"Köln Hbf",5646922477923288654-2609182045-1,"ICE 657",2609182045,2,0
"Köln Hbf",-6235789055676348186-2609181626-12,"ICE 205",2609182048,20,0
"Düsseldorf Hbf",-977669644680017628-2609181620-8,"ICE 912",2609182053,33,0
"Köln Hbf",1555483896112278137-2609181934-6,"ICE 318",2609182056,1,0
"Düsseldorf Hbf",8262134096716058006-2609181353-14,"ICE 2215",2609182059,66,1
"Köln Hbf",-7971996062035411059-2609181438-12,"ICE 102",2609182105,6,0
"Köln Hbf",1913356045703776437-2609181736-8,"IC 2349",2609182106,22,0
"Düsseldorf Hbf",2576231255055476975-2609181934-5,"ICE 120",2609182110,21,0
"Düsseldorf Hbf",-5885856201096992744-2609181647-10,"ICE 544",2609182112,48,0
"Köln Hbf",-7056878515633598205-2609181833-8,"ICE 221",2609182113,22,0
"Köln Hbf",6625519329407624873-2609181652-8,"ICE 554",2609182114,35,0
"Köln Hbf",8388183103841403836-2609181516-14,"ICE 1544",2609182119,25,1
"Düsseldorf Hbf",6194893901306646476-2609181726-11,"ICE 617",2609182121,33,0
"Köln Hbf",5268242451257549226-2609181901-6,"ICE 313",2609182124,8,0
"Köln Hbf",8262134096716058006-2609181353-15,"ICE 2215",2609182131,59,1
"Düsseldorf Hbf",50770787591072936-2609181644-9,"ICE 528",2609182137,13,0
"Köln Hbf",-5885856201096992744-2609181647-11,"ICE 544",2609182140,43,0
"Düsseldorf Hbf",-743390444667924643-2609181757-16,"IC 2209",2609182146,21,0
"Köln Hbf",6194893901306646476-2609181726-12,"ICE 617",2609182148,32,0
"Köln Hbf",7537395545451740415-2609181728-8,"ICE 512",2609182205,6,0
"Köln Hbf",1123272061820542344-2609181732-9,"ICE 24",2609182206,46,0
"Düsseldorf Hbf",-4080761801504144103-2609181747-10,"ICE 844",2609182214,47,0
"Köln Hbf",-743390444667924643-2609181757-17,"IC 2209",2609182214,38,0
"Köln Hbf",-8088851598754426904-2609182022-4,"ICE 319",2609182215,7,0
"Köln Hbf",3736117015423388331-2609181746-8,"ICE 526",2609182216,2,0
"Köln Hbf",4711383125555203513-2609181747-9,"ICE 854",2609182222,44,0
"Düsseldorf Hbf",6810614476303646777-2609181826-11,"ICE 207",2609182228,4,0
"Köln Hbf",6195485783263057734-2609181819-7,"ICE 910",2609182230,42,0
"Düsseldorf Hbf",1123272061820542344-2609181732-10,"ICE 24",2609182242,39,0
"Köln Hbf",4804116960335233530-2609181522-21,"IC 2444",2609182245,0,1
"Köln Hbf",-4080761801504144103-2609181747-11,"ICE 844",2609182255,40,0
"Düsseldorf Hbf",3736117015423388331-2609181746-9,"ICE 526",2609182256,14,0
"Köln Hbf",5987880351959364904-2609182301-1,"ICE 1541",2609182301,20,0
"Köln Hbf",8570739711458019321-2609181936-8,"IC 2347",2609182306,55,0
"Köln Hbf",6810614476303646777-2609181826-12,"ICE 207",2609182306,13,0
"Köln Hbf",4005400229928334385-2609181659-16,"ICE 100",2609182310,33,0
"Köln Hbf",2579078581490934825-2609181852-8,"ICE 552",2609182315,78,0
"Düsseldorf Hbf",7582314568044505717-2609182101-7,"IC 60403",2609182319,28,0
"Düsseldorf Hbf",-1854738006003716349-2609181847-10,"ICE 542",2609182328,28,0
"Düsseldorf Hbf",5987880351959364904-2609182301-2,"ICE 1541",2609182331,40,1
"Düsseldorf Hbf",5926473462606976417-2609181926-11,"ICE 619",2609182334,1,0
"Köln Hbf",-6524998557445987060-2609181844-11,"ICE 524",2609182339,95,0
"Düsseldorf Hbf",4005400229928334385-2609181659-17,"ICE 100",2609182345,23,1
"Köln Hbf",7582314568044505717-2609182101-8,"IC 60403",2609182357,29,0
"Köln Hbf",-1854738006003716349-2609181847-11,"ICE 542",2609190005,28,0
"Köln Hbf",3337083331722830688-2609181932-9,"ICE 22",2609190006,17,0
"Köln Hbf",8322424274180843926-2609181928-9,"ICE 510",2609190010,16,0
"Köln Hbf",5926473462606976417-2609181926-12,"ICE 619",2609190011,11,0
"Köln Hbf",-111241669532597234-2609181947-9,"ICE 852",2609190023,0,1
"Düsseldorf Hbf",-4463983841688751065-2609182026-12,"ICE 209",2609190025,32,0
"Köln Hbf",-4383803236760390820-2609181945-12,"ICE 522",2609190031,33,0
"Köln Hbf",-4737482986446738332-2609181947-9,"ICE 842",2609190034,56,0
"Köln Hbf",-4463983841688751065-2609182026-13,"ICE 209",2609190048,35,0
"Düsseldorf Hbf",-2056885538516361019-2609182240-13,"ICE 550",2609190149,7,0
"Köln Hbf",8503777394879306018-2609182323-9,"ICE 920",2609190205,42,0
"Köln Hbf",-2056885538516361019-2609182240-14,"ICE 550",2609190224,10,0
"Düsseldorf Hbf",2774174590951633862-2609182216-14,"ICE 921",2609190240,68,0
"Düsseldorf Hbf",8503777394879306018-2609182323-10,"ICE 920",2609190243,37,0
"Köln Hbf",2774174590951633862-2609182216-15,"ICE 921",2609190314,58,0
"Köln Hbf",7130605216857004791-2609190321-1,"ICE 827",2609190321,2,0
"Köln Hbf",-1822966271854478829-2609190355-1,"ICE 1028",2609190355,0,0
"Köln Hbf",8652078400714170233-2609190416-1,"ICE 541",2609190416,2,0
"Düsseldorf Hbf",-1822966271854478829-2609190355-2,"ICE 1028",2609190425,13,0
"Köln Hbf",-7455087584675999219-2609190428-1,"ICE 521",2609190428,0,0
"Düsseldorf Hbf",-881594861635697900-2609190400-6,"ICE 523",2609190455,1,0
"Köln Hbf",-1981361635087318141-2609190511-1,"IC 2445",2609190511,0,1
"Köln Hbf",1179810196779242077-2609190511-1,"ICE 208",2609190511,0,0
"Köln Hbf",-784036643221120658-2609190514-1,"ICE 2214",2609190514,1,0
"Düsseldorf Hbf",3596733780499351643-2609190422-6,"ICE 23",2609190522,0,0
"Köln Hbf",-397321280238564306-2609190525-1,"ICE 911",2609190525,1,0
"Köln Hbf",-5962154382149198734-2609190526-1,"ICE 843",2609190526,1,0
"Düsseldorf Hbf",1179810196779242077-2609190511-2,"ICE 208",2609190532,1,0
"Düsseldorf Hbf",-784036643221120658-2609190514-2,"ICE 2214",2609190537,2,0
"Köln Hbf",-486178897212069438-2609190538-1,"ICE 853",2609190538,0,0
"Köln Hbf",-3745426514835261167-2609190541-1,"IC 2208",2609190541,1,0
"Köln Hbf",-4876505146387112510-2609190332-5,"IC 60402",2609190544,43,0
"Köln Hbf",4230433869735770140-2609190548-1,"ICE 511",2609190548,3,0
"Düsseldorf Hbf",-5962154382149198734-2609190526-2,"ICE 843",2609190549,4,0
"Köln Hbf",3596733780499351643-2609190422-7,"ICE 23",2609190549,0,0
"Düsseldorf Hbf",8446418061730467865-2609190001-13,"ICE 1540",2609190558,7,0
"Düsseldorf Hbf",-3745426514835261167-2609190541-2,"IC 2208",2609190604,1,0
"Köln Hbf",2686007473625185344-2609190001-11,"ICE 618",2609190604,1,0
"Köln Hbf",-7723883505152961116-2609190611-1,"ICE 312",2609190611,0,0
"Düsseldorf Hbf",-4876505146387112510-2609190332-6,"IC 60402",2609190615,40,0
"Düsseldorf Hbf",-7586352224211082006-2609190514-4,"ICE 525",2609190618,0,0
"Düsseldorf Hbf",4038013620285592902-2609190526-5,"ICE 2511",2609190622,2,0
"Köln Hbf",-4310203737838801908-2609190625-1,"ICE 543",2609190625,0,0
"Köln Hbf",8446418061730467865-2609190001-14,"ICE 1540",2609190626,8,0
"Düsseldorf Hbf",2686007473625185344-2609190001-12,"ICE 618",2609190632,2,0
"Köln Hbf",-7151271002257875909-2609190502-6,"IC 2348",2609190645,5,0
"Köln Hbf",-8806275556870827116-2609190645-1,"ICE 553",2609190645,0,0
"Düsseldorf Hbf",-4310203737838801908-2609190625-2,"ICE 543",2609190647,1,0
"Köln Hbf",8886211019858254549-2609190649-1,"ICE 222",2609190649,1,0
"Köln Hbf",4038013620285592902-2609190526-6,"ICE 2511",2609190649,0,0
"Düsseldorf Hbf",-6165068286223376269-2609190554-5,"ICE 913",2609190702,1,0
"Köln Hbf",-2103315967753215489-2609190609-3,"IC 2443",2609190706,0,0
"Düsseldorf Hbf",8886211019858254549-2609190649-2,"ICE 222",2609190710,4,0
"Köln Hbf",6135728412348303878-2609190711-1,"ICE 206",2609190711,1,0
"Düsseldorf Hbf",-853844594697067860-2609190615-4,"ICE 527",2609190718,1,0
"Düsseldorf Hbf",542680258128049209-2609190621-6,"ICE 25",2609190724,4,0
"Köln Hbf",5312563495212518167-2609190726-1,"ICE 845",2609190726,0,0
"Düsseldorf Hbf",6135728412348303878-2609190711-2,"ICE 206",2609190732,2,0
"Köln Hbf",-7772981549573087469-2609190733-1,"ICE 1713",2609190733,2,0
"Düsseldorf Hbf",8378187760869811763-2609190541-8,"ICE 826",2609190737,6,0
"Köln Hbf",7280780786399683236-2609190738-1,"ICE 855",2609190738,0,0
"Köln Hbf",4021377973164879687-2609190634-3,"ICE 18",2609190740,14,0
"Köln Hbf",2082653246441066227-2609190740-1,"ICE 2310",2609190740,25,0
"Köln Hbf",-1316725331766652964-2609190603-6,"ICE 513",2609190745,0,0
"Köln Hbf",-8638855930583862299-2609190746-1,"IC 2206",2609190746,2,0
"Düsseldorf Hbf",5312563495212518167-2609190726-2,"ICE 845",2609190749,15,0
"Köln Hbf",542680258128049209-2609190621-7,"ICE 25",2609190750,20,0
"Köln Hbf",-8185131505847408296-2609190801-1,"IC 2306",2609190801,0,0
"Köln Hbf",937531600424895578-2609190549-4,"ICE 616",2609190805,6,0
"Düsseldorf Hbf",2082653246441066227-2609190740-2,"ICE 2310",2609190807,23,0
"Düsseldorf Hbf",-8638855930583862299-2609190746-2,"IC 2206",2609190810,4,0
"Köln Hbf",-683349446891373235-2609190623-5,"ICE 11",2609190816,60,1
"Düsseldorf Hbf",7320863906691937525-2609190719-4,"ICE 529",2609190818,1,0
"Düsseldorf Hbf",2500766175388208738-2609190426-11,"ICE 2513",2609190822,3,0
"Köln Hbf",-1489252697791169587-2609190825-1,"ICE 545",2609190825,5,0
"Düsseldorf Hbf",-8185131505847408296-2609190801-2,"IC 2306",2609190826,6,0
"Düsseldorf Hbf",8056505330798593907-2609190706-6,"ICE 119",2609190831,6,0
"Düsseldorf Hbf",1795377954048554987-2609190708-5,"ICE 824",2609190840,6,0
"Köln Hbf",-3687533052908579649-2609190734-4,"ICE 220",2609190843,2,0
"Köln Hbf",-5067205027928923412-2609190844-1,"ICE 555",2609190844,0,0
"Düsseldorf Hbf",1800994547680145354-2609190638-7,"ICE 121",2609190845,6,0
"Köln Hbf",-3987770513815330460-2609190539-12,"IC 2040",2609190845,18,0
"Köln Hbf",6675332026866779665-2609190845-1,"ICE 1036",2609190845,0,0
"Düsseldorf Hbf",-1489252697791169587-2609190825-2,"ICE 545",2609190847,6,0
"Köln Hbf",2500766175388208738-2609190426-12,"ICE 2513",2609190848,4,0
"Düsseldorf Hbf",-5947456125297650390-2609190402-8,"ICE 1014",2609190853,2,0
"Düsseldorf Hbf",400157404087783375-2609190753-5,"ICE 915",2609190902,1,0
"Köln Hbf",-3736018120908232717-2609190624-6,"ICE 204",2609190905,2,0
"Düsseldorf Hbf",6675332026866779665-2609190845-2,"ICE 1036",2609190906,1,0
"Köln Hbf",4558275999006255649-2609190643-7,"IC 2441",2609190906,1,0
"Düsseldorf Hbf",-3687533052908579649-2609190734-5,"ICE 220",2609190910,5,0
"Düsseldorf Hbf",6972548221701888574-2609190418-15,"ICE 646",2609190912,15,0
"Köln Hbf",1800994547680145354-2609190638-8,"ICE 121",2609190913,7,0
"Düsseldorf Hbf",-2521696256132503788-2609190920-1,"ICE 621",2609190920,1,0
"Düsseldorf Hbf",-1790024725878292801-2609190820-6,"ICE 27",2609190924,11,0
"Köln Hbf",-8906112445839706377-2609190926-1,"ICE 847",2609190926,0,0
"Düsseldorf Hbf",-6888861751751692665-2609190817-6,"ICE 217",2609190928,8,0
"Düsseldorf Hbf",-3736018120908232717-2609190624-7,"ICE 204",2609190932,6,0
"Köln Hbf",8918082092638159592-2609190812-6,"ICE 1612",2609190932,2,0
"Düsseldorf Hbf",-6223962037244896084-2609190441-10,"ICE 822",2609190936,7,0
"Köln Hbf",7127812590731908748-2609190938-1,"ICE 857",2609190938,0,0
"Köln Hbf",-5717720788505540143-2609190833-3,"ICE 316",2609190939,6,0
"Düsseldorf Hbf",-6760724929342255350-2609190634-13,"IC 2007",2609190946,16,0
"Köln Hbf",-3482704518387342076-2609190946-1,"IC 2204",2609190946,2,0
"Köln Hbf",6512354943507599026-2609190526-12,"ICE 515",2609190946,12,0
"Düsseldorf Hbf",-8906112445839706377-2609190926-2,"ICE 847",2609190949,7,0
"Köln Hbf",-1790024725878292801-2609190820-7,"ICE 27",2609190952,8,0
"Köln Hbf",67517114520381301-2609190533-8,"ICE 614",2609191005,3,0
"Köln Hbf",4250821308365947570-2609190528-10,"ICE 1022",2609191006,2,0
"Düsseldorf Hbf",-3482704518387342076-2609190946-2,"IC 2204",2609191008,6,0
"Düsseldorf Hbf",-4782954664003624221-2609190526-12,"ICE 946",2609191008,43,0
"Köln Hbf",-6760724929342255350-2609190634-14,"IC 2007",2609191014,15,0
"Köln Hbf",7296668088221534520-2609190825-5,"ICE 13",2609191016,16,0
"Düsseldorf Hbf",7692347899239356115-2609191019-1,"ICE 623",2609191019,2,0
"Düsseldorf Hbf",2373222215683192526-2609190626-11,"ICE 2515",2609191022,1,0
"Köln Hbf",-6590078199824287896-2609190526-11,"ICE 956",2609191022,53,0
"Köln Hbf",309221757920376132-2609191029-1,"ICE 1515",2609191029,0,0
"Düsseldorf Hbf",4250821308365947570-2609190528-11,"ICE 1022",2609191035,6,0
"Düsseldorf Hbf",5509309536167095600-2609190544-10,"ICE 820",2609191040,2,0
"Köln Hbf",-8155331480429548080-2609190934-4,"ICE 128",2609191043,4,0
"Köln Hbf",-8614664585551473503-2609191044-1,"ICE 557",2609191044,5,0
"Düsseldorf Hbf",467631948029280047-2609190831-7,"ICE 225",2609191045,12,0
"Köln Hbf",5248730939501738569-2609190602-15,"IC 2042",2609191045,0,1
"Düsseldorf Hbf",211585818996437737-2609191048-1,"ICE 547",2609191048,1,0
"Köln Hbf",2373222215683192526-2609190626-12,"ICE 2515",2609191048,1,0
"Düsseldorf Hbf",-6324333303227400345-2609190620-8,"ICE 1012",2609191053,2,0
"Köln Hbf",8125274319994745100-2609191053-1,"ICE 2013",2609191053,0,0
"Köln Hbf",-5484826633666848988-2609191059-1,"ICE 903",2609191059,0,0
"Köln Hbf",-3790029201765037026-2609190824-6,"ICE 202",2609191105,1,0
"Köln Hbf",2031840069123671352-2609190736-8,"IC 2049",2609191106,4,0
"Düsseldorf Hbf",2417110662322496020-2609190647-10,"ICE 644",2609191109,20,0
"Düsseldorf Hbf",-8155331480429548080-2609190934-5,"ICE 128",2609191110,8,0
"Köln Hbf",467631948029280047-2609190831-8,"ICE 225",2609191114,8,0
"Köln Hbf",-2664747470423541798-2609190652-8,"ICE 654",2609191114,39,0
"Düsseldorf Hbf",-1863724056778564852-2609191117-1,"ICE 625",2609191117,1,0
"Düsseldorf Hbf",3450663025951470366-2609190602-8,"ICE 1521",2609191119,32,0
"Düsseldorf Hbf",3704713885565394549-2609191024-4,"ICE 29",2609191124,11,0
"Düsseldorf Hbf",-3790029201765037026-2609190824-7,"ICE 202",2609191132,2,0
"Köln Hbf",98157840525274029-2609191011-6,"ICE 1610",2609191133,5,0
"Düsseldorf Hbf",-7827307397706401371-2609190644-8,"ICE 728",2609191137,0,0
"Köln Hbf",-9221432942161771616-2609191138-1,"ICE 859",2609191138,1,0
"Köln Hbf",-3207602294555876168-2609191034-3,"ICE 16",2609191139,1,1
"Köln Hbf",3450663025951470366-2609190602-9,"ICE 1521",2609191145,29,0
"Düsseldorf Hbf",6862846665566225825-2609190834-13,"IC 2009",2609191146,11,0
"Köln Hbf",-8775310893499181309-2609191146-1,"IC 2202",2609191146,5,0
"Köln Hbf",-4602427783665327588-2609190726-12,"ICE 517",2609191146,11,0
"Düsseldorf Hbf",-3935110464616838577-2609191150-1,"ICE 849",2609191150,2,0
"Köln Hbf",3704713885565394549-2609191024-5,"ICE 29",2609191150,11,0
"Köln Hbf",-8386336934533711188-2609190728-9,"ICE 1020",2609191205,3,0
"Köln Hbf",-7184453857839759572-2609190728-8,"ICE 612",2609191205,8,0
"Düsseldorf Hbf",-8775310893499181309-2609191146-2,"IC 2202",2609191208,18,0
"Düsseldorf Hbf",789381465621699355-2609190747-10,"ICE 944",2609191208,18,0
"Köln Hbf",4555217987378332456-2609190713-11,"ICE 1548",2609191209,1,0
"Köln Hbf",6862846665566225825-2609190834-14,"IC 2009",2609191214,12,0
"Köln Hbf",-6382331557337532208-2609191025-5,"ICE 15",2609191215,14,0
"Düsseldorf Hbf",-7766800689315712550-2609191219-1,"ICE 627",2609191219,1,0
"Düsseldorf Hbf",60207537989398301-2609190825-11,"ICE 2517",2609191222,18,0
"Köln Hbf",5065395714490050726-2609190747-9,"ICE 954",2609191222,2,0
"Köln Hbf",-8376398398323607088-2609191229-1,"ICE 1517",2609191229,6,0
"Düsseldorf Hbf",-8386336934533711188-2609190728-10,"ICE 1020",2609191230,5,0
"Düsseldorf Hbf",5394868531176279031-2609190742-9,"ICE 726",2609191240,21,0
"Köln Hbf",-4712053304823003938-2609191134-4,"ICE 126",2609191243,2,0
"Köln Hbf",5886092952094503689-2609191244-1,"ICE 559",2609191244,3,0
"Düsseldorf Hbf",1869793107893408377-2609191031-7,"ICE 123",2609191245,9,0
"Köln Hbf",-6199411325888200524-2609190640-18,"IC 2044",2609191245,13,0
"Köln Hbf",607281138257369836-2609191245-1,"ICE 1032",2609191245,2,0
"Düsseldorf Hbf",-5225265888807154878-2609191248-1,"ICE 549",2609191248,2,0
"Köln Hbf",60207537989398301-2609190825-12,"ICE 2517",2609191248,18,0
"Düsseldorf Hbf",-1202781486977583710-2609190819-8,"ICE 1010",2609191253,0,0
"Düsseldorf Hbf",-5763151150910106247-2609191155-5,"ICE 919",2609191302,2,0
"Köln Hbf",4860271352503852552-2609191025-6,"ICE 2520",2609191305,16,0
"Düsseldorf Hbf",607281138257369836-2609191245-2,"ICE 1032",2609191306,5,0
"Köln Hbf",-1660175693055885317-2609190936-8,"IC 2047",2609191306,1,1
"Düsseldorf Hbf",-4712053304823003938-2609191134-5,"ICE 126",2609191310,5,0
"Düsseldorf Hbf",-3811000113167125819-2609190847-11,"ICE 642",2609191311,42,0
"Köln Hbf",1869793107893408377-2609191031-8,"ICE 123",2609191311,8,0
"Köln Hbf",7029715491133337413-2609190852-8,"ICE 652",2609191315,28,0
"Düsseldorf Hbf",2307301279586290347-2609191321-1,"ICE 629",2609191321,12,0
"Düsseldorf Hbf",6492627968416470339-2609191221-6,"ICE 229",2609191324,19,0
"Köln Hbf",-2157107938954049243-2609191101-5,"ICE 311",2609191324,15,0
"Düsseldorf Hbf",4860271352503852552-2609191025-7,"ICE 2520",2609191332,20,0
"Köln Hbf",-7017661080292591369-2609191211-6,"ICE 1518",2609191333,4,0
"Köln Hbf",201535978532296242-2609191334-1,"ICE 1549",2609191334,3,0
"Düsseldorf Hbf",-4676367904559688889-2609190845-8,"ICE 724",2609191337,28,0
"Köln Hbf",-4020550040361167307-2609191338-1,"ICE 951",2609191338,10,0
"Köln Hbf",4216288988927907099-2609191234-3,"ICE 314",2609191339,10,0
"Düsseldorf Hbf",5900362052756938804-2609190951-16,"IC 2201",2609191346,22,0
"Köln Hbf",-3185038341433261764-2609191346-1,"IC 2200",2609191346,10,0
"Köln Hbf",-8471873024121272354-2609190926-12,"ICE 519",2609191346,15,0
"Düsseldorf Hbf",-1360629902197387952-2609191350-1,"ICE 941",2609191350,5,0
"Köln Hbf",6492627968416470339-2609191221-7,"ICE 229",2609191352,17,0
"Köln Hbf",9011011619156863439-2609190928-8,"ICE 610",2609191405,1,0
"Köln Hbf",338204297594764006-2609190827-10,"ICE 926",2609191406,36,0
"Düsseldorf Hbf",-3185038341433261764-2609191346-2,"IC 2200",2609191408,14,0
"Düsseldorf Hbf",7024771559125615258-2609190947-10,"ICE 942",2609191408,13,0
"Köln Hbf",5900362052756938804-2609190951-17,"IC 2201",2609191414,21,0
"Köln Hbf",4815612638303090443-2609191225-5,"ICE 315",2609191415,17,0
"Düsseldorf Hbf",-758807154932475400-2609191419-1,"ICE 721",2609191419,9,0
"Düsseldorf Hbf",8900727267530864952-2609191026-11,"ICE 2519",2609191422,58,0
"Köln Hbf",2625224039751841654-2609190947-9,"ICE 952",2609191422,18,0
"Köln Hbf",4846835449118805747-2609191429-1,"ICE 1519",2609191429,0,0
"Düsseldorf Hbf",338204297594764006-2609190827-11,"ICE 926",2609191432,39,0
"Düsseldorf Hbf",-7906017824379584014-2609190946-9,"ICE 722",2609191436,37,0
"Köln Hbf",-8784598530479710827-2609191438-1,"ICE 310",2609191438,0,0
"Köln Hbf",-5676785138972199399-2609191334-4,"ICE 124",2609191443,7,0
"Köln Hbf",-6270903731699972278-2609191444-1,"ICE 651",2609191444,0,0
"Düsseldorf Hbf",-9018982874238179365-2609191233-7,"ICE 125",2609191445,7,0
"Köln Hbf",-5299413353021537464-2609190722-21,"IC 2046",2609191445,10,0
"Düsseldorf Hbf",7188954872564278301-2609191448-1,"ICE 641",2609191448,1,0
"Köln Hbf",8900727267530864952-2609191026-12,"ICE 2519",2609191448,61,1
"Düsseldorf Hbf",-553863566957669250-2609190730-17,"ICE 1033",2609191450,11,0
"Düsseldorf Hbf",7844358081895785158-2609191019-8,"ICE 918",2609191453,8,0
"Düsseldorf Hbf",8564432605510706771-2609191353-4,"ICE 1011",2609191501,0,0
"Köln Hbf",-7567418683768276345-2609191225-6,"ICE 2508",2609191505,3,0
"Köln Hbf",7334323916340841763-2609191136-8,"IC 2045",2609191506,34,0
"Düsseldorf Hbf",-5676785138972199399-2609191334-5,"ICE 124",2609191510,13,0
"Düsseldorf Hbf",8642793912640631890-2609191047-11,"ICE 640",2609191511,43,0
"Köln Hbf",-9018982874238179365-2609191233-8,"ICE 125",2609191513,5,0
"Köln Hbf",-7022498938457192021-2609191052-8,"ICE 650",2609191515,35,0
"Düsseldorf Hbf",5311537321398817844-2609191520-1,"ICE 723",2609191520,0,0
"Köln Hbf",-553863566957669250-2609190730-18,"ICE 1033",2609191520,6,0
"Düsseldorf Hbf",-1497213994658544450-2609191154-6,"ICE 927",2609191522,18,0
"Düsseldorf Hbf",-7567418683768276345-2609191225-7,"ICE 2508",2609191532,4,0
"Köln Hbf",4945186918802353023-2609191411-6,"ICE 1516",2609191533,0,0
"Düsseldorf Hbf",6519626148103819066-2609191045-9,"ICE 720",2609191536,34,0
"Köln Hbf",-107298036587741504-2609191538-1,"ICE 953",2609191538,7,0
"Köln Hbf",2218943744552257469-2609191434-3,"ICE 14",2609191539,5,0
"Düsseldorf Hbf",-257816953041096365-2609191136-16,"IC 2203",2609191546,28,0
"Köln Hbf",8187582116097718743-2609191546-1,"IC 2008",2609191546,9,0
"Köln Hbf",5653087570567167872-2609191126-12,"ICE 611",2609191546,18,0
"Düsseldorf Hbf",6378881227509878523-2609191550-1,"ICE 943",2609191550,5,0
"Köln Hbf",-1497213994658544450-2609191154-7,"ICE 927",2609191551,15,0
"Köln Hbf",-6452407069337976676-2609191128-8,"ICE 518",2609191605,37,1
"Köln Hbf",7010757467826963006-2609191132-9,"ICE 228",2609191606,0,0
"Düsseldorf Hbf",8187582116097718743-2609191546-2,"IC 2008",2609191608,12,0
"Düsseldorf Hbf",-3330605035074967330-2609191147-10,"ICE 940",2609191608,18,0
"Köln Hbf",-257816953041096365-2609191136-17,"IC 2203",2609191614,30,0
"Köln Hbf",-482221124538025922-2609191425-5,"ICE 17",2609191615,9,0
"Düsseldorf Hbf",6556040714554725251-2609191619-1,"ICE 725",2609191619,1,0
"Köln Hbf",375201943151232777-2609191147-9,"ICE 950",2609191621,-3,0
"Düsseldorf Hbf",-762086226758254325-2609191226-11,"ICE 201",2609191622,14,0
"Köln Hbf",5058768902280124693-2609191629-1,"ICE 1611",2609191629,1,0
"Düsseldorf Hbf",7010757467826963006-2609191132-10,"ICE 228",2609191632,10,0
"Düsseldorf Hbf",8429649765325465614-2609191145-9,"ICE 628",2609191640,1,0
"Köln Hbf",4524910290568704513-2609191534-4,"ICE 122",2609191643,15,0
"Köln Hbf",-157208555968192668-2609191644-1,"ICE 653",2609191644,0,0
"Düsseldorf Hbf",5612128767266048221-2609191433-7,"ICE 127",2609191645,32,0
"Köln Hbf",-5036776284380011862-2609190922-21,"IC 2048",2609191645,4,0
"Düsseldorf Hbf",-5511541014003594580-2609191648-1,"ICE 643",2609191648,2,0
"Düsseldorf Hbf",6330890959881575446-2609190923-14,"ICE 2311",2609191650,12,0
"Köln Hbf",-762086226758254325-2609191226-12,"ICE 201",2609191650,10,0
"Düsseldorf Hbf",-1838827148333657754-2609191220-8,"ICE 916",2609191653,1,0
"Düsseldorf Hbf",-3817868649342238371-2609191326-8,"IC 2305",2609191659,8,0
"Düsseldorf Hbf",2333246513660073790-2609191553-5,"ICE 1013",2609191703,22,0
"Köln Hbf",-5622500457981167311-2609191425-6,"ICE 2516",2609191705,28,0
"Köln Hbf",-7566186731885125077-2609191305-8,"ICE 2012",2609191706,19,0
"Düsseldorf Hbf",4524910290568704513-2609191534-5,"ICE 122",2609191710,22,0
"Köln Hbf",-893148775004719136-2609191711-1,"IC 2043",2609191711,0,1
"Düsseldorf Hbf",-8713208741749436113-2609191247-11,"ICE 548",2609191712,30,0
"Köln Hbf",5612128767266048221-2609191433-8,"ICE 127",2609191713,36,0
"Köln Hbf",-2894975550766125611-2609191252-8,"ICE 558",2609191715,33,0
"Köln Hbf",6330890959881575446-2609190923-15,"ICE 2311",2609191719,12,0
"Düsseldorf Hbf",6757774550243091278-2609191720-1,"ICE 727",2609191720,5,0
"Düsseldorf Hbf",-2924322226173910183-2609191703-3,"ICE 929",2609191724,8,0
"Düsseldorf Hbf",-5622500457981167311-2609191425-7,"ICE 2516",2609191732,31,0
"Köln Hbf",-3817868649342238371-2609191326-9,"IC 2305",2609191733,2,0
"Köln Hbf",-8631361224774257822-2609191611-6,"ICE 1514",2609191733,3,0
"Düsseldorf Hbf",5042424630356113204-2609191245-8,"ICE 626",2609191738,0,0
"Köln Hbf",-4550645364654346112-2609191738-1,"ICE 955",2609191738,4,0
"Köln Hbf",3763871362376381297-2609191634-3,"ICE 12",2609191740,6,0
"Düsseldorf Hbf",-7566186731885125077-2609191305-9,"ICE 2012",2609191742,11,0
"Düsseldorf Hbf",-2882197430592295029-2609191351-16,"IC 2205",2609191746,12,0
"Köln Hbf",-2910589038648014094-2609191326-12,"ICE 613",2609191746,20,0
"Düsseldorf Hbf",-8275737537227179086-2609191750-1,"ICE 945",2609191750,6,0
"Köln Hbf",-2924322226173910183-2609191703-4,"ICE 929",2609191750,8,0
"Köln Hbf",6954924236955692259-2609191328-8,"ICE 516",2609191805,0,0
"Köln Hbf",944231164744023574-2609191332-9,"ICE 28",2609191806,13,0
"Düsseldorf Hbf",3702662415087684826-2609191347-10,"ICE 848",2609191808,12,0
"Köln Hbf",-2882197430592295029-2609191351-17,"IC 2205",2609191814,17,0
"Köln Hbf",4992819178731237054-2609191625-5,"ICE 317",2609191815,8,0
"Düsseldorf Hbf",-3019965818182152821-2609191821-1,"ICE 729",2609191821,1,0
"Düsseldorf Hbf",-7956047615718350819-2609191426-11,"ICE 203",2609191822,7,0
"Köln Hbf",-1900115166859559092-2609191347-9,"ICE 858",2609191822,7,0
"Düsseldorf Hbf",1459720362045900384-2609191235-10,"ICE 216",2609191824,0,0
"Köln Hbf",-7955422278217659578-2609191703-5,"ICE 1714",2609191825,0,0
"Köln Hbf",1407594009417555306-2609191829-1,"ICE 1613",2609191829,18,0
"Düsseldorf Hbf",944231164744023574-2609191332-10,"ICE 28",2609191832,23,0
"Düsseldorf Hbf",-4521437519262178170-2609191345-9,"ICE 624",2609191836,22,0
"Köln Hbf",-6750794421454638985-2609191420-8,"ICE 224",2609191843,4,0
"Köln Hbf",9016403526930832374-2609191844-1,"ICE 655",2609191844,9,0
"Düsseldorf Hbf",-2599950570116389517-2609191633-7,"ICE 129",2609191845,25,0
"Köln Hbf",-4140470391187734614-2609191122-21,"IC 2440",2609191845,11,0
"Düsseldorf Hbf",4447890004106418758-2609191848-1,"ICE 645",2609191848,4,0
"Düsseldorf Hbf",7867558493628354270-2609191115-18,"ICE 1037",2609191850,11,0
"Köln Hbf",-7956047615718350819-2609191426-12,"ICE 203",2609191850,3,0
"Düsseldorf Hbf",-6727683722954373951-2609191754-5,"ICE 1015",2609191901,2,0
"Köln Hbf",-5602374465633340306-2609191626-6,"ICE 2514",2609191905,25,0
"Köln Hbf",2508597620716488611-2609191536-8,"IC 2041",2609191906,1,0
"Düsseldorf Hbf",3141971505559871903-2609191447-10,"ICE 546",2609191908,26,0
"Düsseldorf Hbf",-6750794421454638985-2609191420-9,"ICE 224",2609191910,7,0
"Köln Hbf",-2599950570116389517-2609191633-8,"ICE 129",2609191913,29,0
"Köln Hbf",8430642524571604487-2609191452-8,"ICE 556",2609191915,42,0
"Düsseldorf Hbf",-3738461847412237185-2609191918-1,"ICE 821",2609191918,0,0
"Köln Hbf",7867558493628354270-2609191115-19,"ICE 1037",2609191920,11,0
"Düsseldorf Hbf",2312296716933966404-2609191554-4,"ICE 1021",2609191921,3,0
"Düsseldorf Hbf",-4055232889596422409-2609190803-28,"ICE 118",2609191924,3,0
"Düsseldorf Hbf",-5602374465633340306-2609191626-7,"ICE 2514",2609191932,9,0
"Köln Hbf",-4997552987396627422-2609191811-6,"ICE 1512",2609191933,3,0
"Düsseldorf Hbf",-2142784246140329213-2609191445-8,"ICE 622",2609191936,1,0
"Köln Hbf",3141971505559871903-2609191447-11,"ICE 546",2609191936,21,0
"Köln Hbf",-2451771813568964797-2609191938-1,"ICE 957",2609191938,0,0
"Köln Hbf",-8942408890709913676-2609191833-3,"ICE 10",2609191940,2,0
"Düsseldorf Hbf",1492120664389609114-2609191604-14,"IC 2207",2609191946,25,0
"Köln Hbf",-5425302918995479956-2609191526-12,"ICE 615",2609191946,26,0
"Düsseldorf Hbf",3778695356863398992-2609191950-1,"ICE 947",2609191950,1,0
"Köln Hbf",2312296716933966404-2609191554-5,"ICE 1021",2609191950,2,0
"Köln Hbf",-5040855886902453859-2609191528-8,"ICE 514",2609192005,1,0
"Köln Hbf",-8926157399752465663-2609191532-9,"ICE 26",2609192006,17,0
"Düsseldorf Hbf",798259414142998527-2609192009-1,"ICE 823",2609192009,2,0
"Düsseldorf Hbf",-9003107645534276753-2609191547-9,"ICE 846",2609192013,27,0
"Köln Hbf",1492120664389609114-2609191604-15,"IC 2207",2609192014,29,0
"Köln Hbf",4341219805487381340-2609191825-5,"ICE 19",2609192015,26,0
"Düsseldorf Hbf",-6235789055676348186-2609191626-11,"ICE 205",2609192022,2,0
"Köln Hbf",-819597198211929243-2609191547-9,"ICE 856",2609192022,29,0
"Düsseldorf Hbf",-8926157399752465663-2609191532-10,"ICE 26",2609192032,17,0
"Düsseldorf Hbf",-1188267942167451229-2609191545-9,"ICE 620",2609192037,5,0
"Köln Hbf",2576231255055476975-2609191934-4,"ICE 120",2609192043,2,0
"Düsseldorf Hbf",-7056878515633598205-2609191833-7,"ICE 221",2609192045,6,0
"Köln Hbf",-7949491460536242261-2609191322-21,"IC 2442",2609192045,20,0
"Köln Hbf",-6235789055676348186-2609191626-12,"ICE 205",2609192050,3,0
"Düsseldorf Hbf",-977669644680017628-2609191620-8,"ICE 912",2609192053,0,0
"Köln Hbf",1555483896112278137-2609191934-6,"ICE 318",2609192056,6,0
"Düsseldorf Hbf",8262134096716058006-2609191321-14,"ICE 2215",2609192059,5,0
"Köln Hbf",192307816406591020-2609191825-6,"ICE 2512",2609192105,3,0
"Köln Hbf",1913356045703776437-2609191736-8,"IC 2349",2609192106,7,0
"Düsseldorf Hbf",2576231255055476975-2609191934-5,"ICE 120",2609192110,4,0
"Köln Hbf",-7056878515633598205-2609191833-8,"ICE 221",2609192111,1,0
"Düsseldorf Hbf",-5885856201096992744-2609191647-10,"ICE 544",2609192112,54,0
"Köln Hbf",6625519329407624873-2609191652-8,"ICE 554",2609192114,64,0
"Köln Hbf",8388183103841403836-2609191516-14,"ICE 1544",2609192119,24,0
"Düsseldorf Hbf",6194893901306646476-2609191726-11,"ICE 617",2609192121,7,0
"Köln Hbf",5268242451257549226-2609191901-5,"ICE 313",2609192124,29,0
"Köln Hbf",8262134096716058006-2609191321-15,"ICE 2215",2609192131,-1,0
"Düsseldorf Hbf",50770787591072936-2609191644-9,"ICE 528",2609192137,6,0
"Köln Hbf",-5885856201096992744-2609191647-11,"ICE 544",2609192140,50,0
"Köln Hbf",6194893901306646476-2609191726-12,"ICE 617",2609192148,3,0
"Köln Hbf",7537395545451740415-2609191728-8,"ICE 512",2609192205,25,0
"Köln Hbf",1123272061820542344-2609191732-9,"ICE 24",2609192206,21,0
"Düsseldorf Hbf",-4080761801504144103-2609191747-10,"ICE 844",2609192208,32,0
"Köln Hbf",-8088851598754426904-2609192025-5,"ICE 319",2609192215,9,0
"Düsseldorf Hbf",6810614476303646777-2609191826-11,"ICE 207",2609192222,8,0
"Köln Hbf",4711383125555203513-2609191747-9,"ICE 854",2609192222,32,0
"Köln Hbf",-4080761801504144103-2609191747-11,"ICE 844",2609192234,29,0
"Düsseldorf Hbf",1123272061820542344-2609191732-10,"ICE 24",2609192242,33,0
"Köln Hbf",4804116960335233530-2609191522-21,"IC 2444",2609192245,0,1
"Köln Hbf",6810614476303646777-2609191826-12,"ICE 207",2609192251,5,0
"Köln Hbf",5987880351959364904-2609192301-1,"ICE 1541",2609192301,18,0
"Köln Hbf",8570739711458019321-2609191936-8,"IC 2347",2609192306,19,0
"Düsseldorf Hbf",-1854738006003716349-2609191847-10,"ICE 542",2609192312,46,0
"Köln Hbf",2579078581490934825-2609191852-8,"ICE 552",2609192315,23,0
"Düsseldorf Hbf",7582314568044505717-2609192101-7,"IC 60403",2609192319,1,0
"Düsseldorf Hbf",5926473462606976417-2609191926-11,"ICE 619",2609192323,8,0
"Köln Hbf",3736117015423388331-2609191746-7,"ICE 526",2609192330,7,0
"Düsseldorf Hbf",5987880351959364904-2609192301-2,"ICE 1541",2609192331,28,0
"Köln Hbf",-1854738006003716349-2609191847-11,"ICE 542",2609192339,43,0
"Köln Hbf",7582314568044505717-2609192101-8,"IC 60403",2609192345,3,0
"Köln Hbf",5926473462606976417-2609191926-12,"ICE 619",2609192349,4,0
"Köln Hbf",3337083331722830688-2609191932-9,"ICE 22",2609200006,24,0
"Düsseldorf Hbf",-4737482986446738332-2609191947-10,"ICE 842",2609200008,25,0
"Düsseldorf Hbf",3736117015423388331-2609191746-8,"ICE 526",2609200011,8,0
"Köln Hbf",6195485783263057734-2609191819-7,"ICE 910",2609200014,-30,0
"Düsseldorf Hbf",-4463983841688751065-2609192026-12,"ICE 209",2609200022,2,0
"Köln Hbf",-111241669532597234-2609191947-9,"ICE 852",2609200023,12,0
"Köln Hbf",-4737482986446738332-2609191947-11,"ICE 842",2609200034,26,0
"Köln Hbf",-4463983841688751065-2609192026-13,"ICE 209",2609200048,0,0
"Köln Hbf",8322424274180843926-2609191928-8,"ICE 510",2609200054,106,0
"Köln Hbf",6176959249691028350-2609192025-6,"ICE 2510",2609200114,1,0
"Köln Hbf",8503777394879306018-2609192324-9,"ICE 920",2609200205,13,0
"Düsseldorf Hbf",8503777394879306018-2609192324-10,"ICE 920",2609200243,21,0
"Düsseldorf Hbf",2774174590951633862-2609192225-14,"ICE 921",2609200249,12,0
"Köln Hbf",2774174590951633862-2609192225-15,"ICE 921",2609200315,10,0
"Köln Hbf",-1822966271854478829-2609200355-1,"ICE 1028",2609200355,0,0
"Düsseldorf Hbf",-1822966271854478829-2609200355-2,"ICE 1028",2609200425,15,0
"Düsseldorf Hbf",-881594861635697900-2609200400-6,"ICE 523",2609200455,8,0
"Köln Hbf",1179810196779242077-2609200511-1,"ICE 208",2609200511,22,0
"Köln Hbf",-784036643221120658-2609200514-1,"ICE 2214",2609200514,19,0
"Düsseldorf Hbf",3596733780499351643-2609200422-6,"ICE 23",2609200522,0,0
"Köln Hbf",-5962154382149198734-2609200526-1,"ICE 843",2609200526,0,0
"Düsseldorf Hbf",1179810196779242077-2609200511-2,"ICE 208",2609200532,22,0
"Düsseldorf Hbf",-784036643221120658-2609200514-2,"ICE 2214",2609200537,23,0
"Köln Hbf",-4876505146387112510-2609200340-5,"IC 60402",2609200544,37,0
"Düsseldorf Hbf",707692460492138158-2609192352-14,"ICE 1540",2609200547,7,0
"Köln Hbf",4230433869735770140-2609200548-1,"ICE 511",2609200548,1,0
"Düsseldorf Hbf",-5962154382149198734-2609200526-2,"ICE 843",2609200549,1,0
"Köln Hbf",3596733780499351643-2609200422-7,"ICE 23",2609200549,0,0
"Köln Hbf",2686007473625185344-2609200001-12,"ICE 618",2609200604,1,0
"Köln Hbf",-7723883505152961116-2609200611-1,"ICE 312",2609200611,0,0
"Düsseldorf Hbf",-4876505146387112510-2609200340-6,"IC 60402",2609200615,31,0
"Köln Hbf",707692460492138158-2609192352-15,"ICE 1540",2609200615,30,0
"Düsseldorf Hbf",-7586352224211082006-2609200514-4,"ICE 525",2609200618,1,0
"Düsseldorf Hbf",4038013620285592902-2609200526-5,"ICE 2511",2609200622,7,0
"Köln Hbf",-4310203737838801908-2609200625-1,"ICE 543",2609200625,0,0
"Düsseldorf Hbf",2686007473625185344-2609200001-13,"ICE 618",2609200632,3,0
"Köln Hbf",-7151271002257875909-2609200502-6,"IC 2348",2609200645,5,0
"Köln Hbf",-8806275556870827116-2609200645-1,"ICE 553",2609200645,3,0
"Düsseldorf Hbf",-4310203737838801908-2609200625-2,"ICE 543",2609200647,4,0
"Köln Hbf",8886211019858254549-2609200649-1,"ICE 222",2609200649,4,0
"Köln Hbf",4038013620285592902-2609200526-6,"ICE 2511",2609200649,9,0
"Düsseldorf Hbf",8886211019858254549-2609200649-2,"ICE 222",2609200710,5,0
"Köln Hbf",7366829146503955313-2609200711-1,"IC 2443",2609200711,30,1
"Köln Hbf",6135728412348303878-2609200711-1,"ICE 206",2609200711,0,0
"Düsseldorf Hbf",-853844594697067860-2609200615-4,"ICE 527",2609200718,1,0
"Düsseldorf Hbf",542680258128049209-2609200621-6,"ICE 25",2609200724,1,0
"Köln Hbf",5312563495212518167-2609200726-1,"ICE 845",2609200726,0,0
"Düsseldorf Hbf",6135728412348303878-2609200711-2,"ICE 206",2609200732,20,0
"Köln Hbf",-7772981549573087469-2609200733-1,"ICE 1713",2609200733,4,0
"Düsseldorf Hbf",8378187760869811763-2609200541-8,"ICE 826",2609200737,19,0
"Köln Hbf",7280780786399683236-2609200738-1,"ICE 855",2609200738,0,0
"Köln Hbf",4021377973164879687-2609200634-3,"ICE 18",2609200740,7,0
"Köln Hbf",2082653246441066227-2609200740-1,"ICE 2310",2609200740,3,0
"Köln Hbf",-1316725331766652964-2609200603-6,"ICE 513",2609200745,3,0
"Köln Hbf",-8638855930583862299-2609200746-1,"IC 2206",2609200746,2,0
"Düsseldorf Hbf",5312563495212518167-2609200726-2,"ICE 845",2609200749,9,0
"Köln Hbf",542680258128049209-2609200621-7,"ICE 25",2609200750,0,0
"Köln Hbf",-8185131505847408296-2609200801-1,"IC 2306",2609200801,0,0
"Köln Hbf",937531600424895578-2609200549-4,"ICE 616",2609200805,8,0
"Düsseldorf Hbf",2082653246441066227-2609200740-2,"ICE 2310",2609200807,11,0
"Düsseldorf Hbf",-8638855930583862299-2609200746-2,"IC 2206",2609200810,11,0
"Köln Hbf",-683349446891373235-2609200623-5,"ICE 11",2609200816,9,0
"Düsseldorf Hbf",7320863906691937525-2609200719-4,"ICE 529",2609200818,29,0
"Düsseldorf Hbf",2500766175388208738-2609200426-11,"ICE 2513",2609200822,1,0
"Köln Hbf",-1489252697791169587-2609200825-1,"ICE 545",2609200825,0,0
"Düsseldorf Hbf",-8185131505847408296-2609200801-2,"IC 2306",2609200826,2,0
"Düsseldorf Hbf",8056505330798593907-2609200706-6,"ICE 119",2609200831,2,0
"Düsseldorf Hbf",1795377954048554987-2609200708-5,"ICE 824",2609200840,0,0
"Köln Hbf",-3687533052908579649-2609200734-4,"ICE 220",2609200843,10,0
"Köln Hbf",-5067205027928923412-2609200844-1,"ICE 555",2609200844,4,0
"Düsseldorf Hbf",1800994547680145354-2609200640-7,"ICE 121",2609200845,25,0
"Köln Hbf",-3987770513815330460-2609200539-12,"IC 2040",2609200845,10,0
"Köln Hbf",6675332026866779665-2609200845-1,"ICE 1036",2609200845,0,0
"Düsseldorf Hbf",-1489252697791169587-2609200825-2,"ICE 545",2609200847,2,0
"Köln Hbf",2500766175388208738-2609200426-12,"ICE 2513",2609200848,0,0
"Düsseldorf Hbf",400157404087783375-2609200753-5,"ICE 915",2609200902,0,0
"Köln Hbf",-3736018120908232717-2609200624-6,"ICE 204",2609200905,2,0
"Düsseldorf Hbf",6675332026866779665-2609200845-2,"ICE 1036",2609200906,24,0
"Köln Hbf",4558275999006255649-2609200643-7,"IC 2441",2609200906,0,1
"Düsseldorf Hbf",-3687533052908579649-2609200734-5,"ICE 220",2609200910,18,0
"Köln Hbf",1800994547680145354-2609200640-8,"ICE 121",2609200913,25,0
"Düsseldorf Hbf",-2521696256132503788-2609200920-1,"ICE 621",2609200920,2,0
"Düsseldorf Hbf",-1790024725878292801-2609200820-6,"ICE 27",2609200924,4,0
"Köln Hbf",-8906112445839706377-2609200926-1,"ICE 847",2609200926,0,0
"Düsseldorf Hbf",-6888861751751692665-2609200817-6,"ICE 217",2609200928,3,0
"Düsseldorf Hbf",-3736018120908232717-2609200624-7,"ICE 204",2609200932,6,0
"Köln Hbf",8918082092638159592-2609200812-6,"ICE 1612",2609200932,10,0
"Köln Hbf",7127812590731908748-2609200938-1,"ICE 857",2609200938,9,0
"Köln Hbf",-5717720788505540143-2609200833-3,"ICE 316",2609200939,11,0
"Köln Hbf",-3482704518387342076-2609200946-1,"IC 2204",2609200946,1,0
"Köln Hbf",6512354943507599026-2609200526-12,"ICE 515",2609200946,3,0
"Düsseldorf Hbf",-8906112445839706377-2609200926-2,"ICE 847",2609200949,1,0
"Köln Hbf",-1790024725878292801-2609200820-7,"ICE 27",2609200952,5,0
"Köln Hbf",67517114520381301-2609200533-8,"ICE 614",2609201005,9,0
"Köln Hbf",4250821308365947570-2609200528-10,"ICE 1022",2609201006,1,0
"Düsseldorf Hbf",-3482704518387342076-2609200946-2,"IC 2204",2609201008,5,0
"Düsseldorf Hbf",-4782954664003624221-2609200526-12,"ICE 946",2609201008,0,0
"Köln Hbf",7296668088221534520-2609200825-5,"ICE 13",2609201016,9,0
"Düsseldorf Hbf",7692347899239356115-2609201019-1,"ICE 623",2609201019,0,0
"Düsseldorf Hbf",2373222215683192526-2609200626-11,"ICE 2515",2609201022,2,0
"Köln Hbf",605085576810829439-2609201024-1,"ICE 547",2609201024,1,0
"Köln Hbf",309221757920376132-2609201029-1,"ICE 1515",2609201029,0,1
"Düsseldorf Hbf",4250821308365947570-2609200528-11,"ICE 1022",2609201035,2,0
"Düsseldorf Hbf",5509309536167095600-2609200544-10,"ICE 820",2609201040,5,0
"Köln Hbf",-8155331480429548080-2609200934-4,"ICE 128",2609201043,0,0
"Köln Hbf",-8614664585551473503-2609201044-1,"ICE 557",2609201044,0,0
"Düsseldorf Hbf",467631948029280047-2609200831-7,"ICE 225",2609201045,6,0
"Köln Hbf",5248730939501738569-2609200602-15,"IC 2042",2609201045,0,1
"Düsseldorf Hbf",605085576810829439-2609201024-2,"ICE 547",2609201047,4,0
"Köln Hbf",2373222215683192526-2609200626-12,"ICE 2515",2609201048,5,0
"Köln Hbf",8125274319994745100-2609201053-1,"ICE 2013",2609201053,2,0
"Köln Hbf",-3790029201765037026-2609200824-6,"ICE 202",2609201105,3,0
"Köln Hbf",2031840069123671352-2609200736-8,"IC 2049",2609201106,4,0
"Düsseldorf Hbf",2417110662322496020-2609200647-10,"ICE 644",2609201109,37,0
"Düsseldorf Hbf",-8155331480429548080-2609200934-5,"ICE 128",2609201110,1,0
"Köln Hbf",467631948029280047-2609200831-8,"ICE 225",2609201114,3,0
"Köln Hbf",-2664747470423541798-2609200652-8,"ICE 654",2609201114,40,0
"Düsseldorf Hbf",-8863207438757954687-2609201020-4,"ICE 625",2609201115,2,0
"Düsseldorf Hbf",3704713885565394549-2609201024-4,"ICE 29",2609201124,2,0
"Düsseldorf Hbf",-3790029201765037026-2609200824-7,"ICE 202",2609201132,5,0
"Köln Hbf",98157840525274029-2609201011-6,"ICE 1610",2609201133,0,0
"Düsseldorf Hbf",-7827307397706401371-2609200644-8,"ICE 728",2609201137,37,0
"Köln Hbf",-9221432942161771616-2609201138-1,"ICE 859",2609201138,0,0
"Köln Hbf",-3207602294555876168-2609201034-3,"ICE 16",2609201139,5,0
"Düsseldorf Hbf",6862846665566225825-2609200834-13,"IC 2009",2609201146,14,0
"Köln Hbf",-8775310893499181309-2609201146-1,"IC 2202",2609201146,30,0
"Köln Hbf",-4602427783665327588-2609200726-12,"ICE 517",2609201146,14,1
"Düsseldorf Hbf",-3935110464616838577-2609201150-1,"ICE 849",2609201150,5,0
"Köln Hbf",3704713885565394549-2609201024-5,"ICE 29",2609201150,2,0
"Köln Hbf",-8386336934533711188-2609200728-9,"ICE 1020",2609201205,1,0
"Köln Hbf",-7184453857839759572-2609200728-8,"ICE 612",2609201205,1,0
"Düsseldorf Hbf",-8775310893499181309-2609201146-2,"IC 2202",2609201208,49,0
"Düsseldorf Hbf",789381465621699355-2609200747-10,"ICE 944",2609201208,4,0
"Köln Hbf",4555217987378332456-2609200713-11,"ICE 1548",2609201209,20,0
"Köln Hbf",6862846665566225825-2609200834-14,"IC 2009",2609201214,10,0
"Köln Hbf",-6382331557337532208-2609201025-5,"ICE 15",2609201215,11,0
"Düsseldorf Hbf",-7766800689315712550-2609201219-1,"ICE 627",2609201219,10,0
"Düsseldorf Hbf",60207537989398301-2609200825-11,"ICE 2517",2609201222,3,0
"Köln Hbf",5065395714490050726-2609200747-9,"ICE 954",2609201222,10,0
"Köln Hbf",-8376398398323607088-2609201229-1,"ICE 1517",2609201229,1,0
"Düsseldorf Hbf",-8386336934533711188-2609200728-10,"ICE 1020",2609201230,7,0
"Düsseldorf Hbf",5394868531176279031-2609200742-9,"ICE 726",2609201240,4,0
"Köln Hbf",-4712053304823003938-2609201134-4,"ICE 126",2609201243,4,0
"Köln Hbf",5886092952094503689-2609201244-1,"ICE 559",2609201244,4,0
"Düsseldorf Hbf",1869793107893408377-2609201031-7,"ICE 123",2609201245,10,0
"Köln Hbf",-6199411325888200524-2609200640-18,"IC 2044",2609201245,12,0
"Köln Hbf",607281138257369836-2609201245-1,"ICE 1032",2609201245,0,0
"Düsseldorf Hbf",-5225265888807154878-2609201248-1,"ICE 549",2609201248,10,0
"Köln Hbf",60207537989398301-2609200825-12,"ICE 2517",2609201248,1,0
"Düsseldorf Hbf",-1202781486977583710-2609200819-8,"ICE 1010",2609201253,0,0
"Düsseldorf Hbf",-5763151150910106247-2609201155-5,"ICE 919",2609201302,10,0
"Köln Hbf",4860271352503852552-2609201025-6,"ICE 2520",2609201305,2,0
"Düsseldorf Hbf",607281138257369836-2609201245-2,"ICE 1032",2609201306,7,0
"Köln Hbf",-1660175693055885317-2609200936-8,"IC 2047",2609201306,3,0
"Düsseldorf Hbf",-4712053304823003938-2609201134-5,"ICE 126",2609201310,9,0
"Düsseldorf Hbf",-3811000113167125819-2609200847-11,"ICE 642",2609201311,37,0
"Köln Hbf",1869793107893408377-2609201031-8,"ICE 123",2609201311,10,0
"Köln Hbf",7029715491133337413-2609200852-8,"ICE 652",2609201315,28,0
"Düsseldorf Hbf",2307301279586290347-2609201321-1,"ICE 629",2609201321,0,0
"Düsseldorf Hbf",6492627968416470339-2609201221-6,"ICE 229",2609201324,1,0
"Köln Hbf",-2157107938954049243-2609201101-5,"ICE 311",2609201324,5,0
"Düsseldorf Hbf",4860271352503852552-2609201025-7,"ICE 2520",2609201332,5,0
"Köln Hbf",-7017661080292591369-2609201211-6,"ICE 1518",2609201333,0,1
"Köln Hbf",201535978532296242-2609201334-1,"ICE 1549",2609201334,0,0
"Düsseldorf Hbf",-4676367904559688889-2609200845-8,"ICE 724",2609201337,3,0
"Köln Hbf",-4020550040361167307-2609201338-1,"ICE 951",2609201338,15,0
"Köln Hbf",4216288988927907099-2609201234-3,"ICE 314",2609201339,16,0
"Düsseldorf Hbf",5900362052756938804-2609200951-16,"IC 2201",2609201346,12,0
"Köln Hbf",-3185038341433261764-2609201346-1,"IC 2200",2609201346,0,0
"Köln Hbf",-8471873024121272354-2609200926-12,"ICE 519",2609201346,10,0
"Düsseldorf Hbf",-1360629902197387952-2609201350-1,"ICE 941",2609201350,1,0
"Köln Hbf",6492627968416470339-2609201221-7,"ICE 229",2609201352,4,0
"Köln Hbf",9011011619156863439-2609200928-8,"ICE 610",2609201405,7,0
"Köln Hbf",338204297594764006-2609200827-10,"ICE 926",2609201406,4,0
"Düsseldorf Hbf",-3185038341433261764-2609201346-2,"IC 2200",2609201408,9,0
"Düsseldorf Hbf",7024771559125615258-2609200947-10,"ICE 942",2609201408,53,1
"Köln Hbf",5900362052756938804-2609200951-17,"IC 2201",2609201414,10,0
"Köln Hbf",4815612638303090443-2609201225-5,"ICE 315",2609201415,11,0
"Düsseldorf Hbf",-758807154932475400-2609201419-1,"ICE 721",2609201419,0,0
"Düsseldorf Hbf",8900727267530864952-2609201026-11,"ICE 2519",2609201422,26,0
"Köln Hbf",2625224039751841654-2609200947-9,"ICE 952",2609201422,41,0
"Köln Hbf",4846835449118805747-2609201429-1,"ICE 1519",2609201429,0,0
"Düsseldorf Hbf",338204297594764006-2609200827-11,"ICE 926",2609201432,9,0
"Düsseldorf Hbf",-7906017824379584014-2609200946-9,"ICE 722",2609201436,6,0
"Köln Hbf",-8784598530479710827-2609201438-1,"ICE 310",2609201438,0,0
"Köln Hbf",-5676785138972199399-2609201334-4,"ICE 124",2609201443,0,0
"Köln Hbf",-6270903731699972278-2609201444-1,"ICE 651",2609201444,12,0
"Düsseldorf Hbf",-9018982874238179365-2609201233-7,"ICE 125",2609201445,8,0
"Köln Hbf",-5299413353021537464-2609200722-21,"IC 2046",2609201445,23,1
"Düsseldorf Hbf",7188954872564278301-2609201448-1,"ICE 641",2609201448,25,0
"Köln Hbf",8900727267530864952-2609201026-12,"ICE 2519",2609201448,24,0
"Düsseldorf Hbf",-553863566957669250-2609200730-17,"ICE 1033",2609201450,19,0
"Düsseldorf Hbf",7844358081895785158-2609201019-8,"ICE 918",2609201453,5,0
"Düsseldorf Hbf",8564432605510706771-2609201353-4,"ICE 1011",2609201501,6,0
"Köln Hbf",-7567418683768276345-2609201225-6,"ICE 2508",2609201505,2,0
"Köln Hbf",7334323916340841763-2609201136-8,"IC 2045",2609201506,89,1
"Düsseldorf Hbf",-5676785138972199399-2609201334-5,"ICE 124",2609201510,2,0
"Düsseldorf Hbf",8642793912640631890-2609201047-11,"ICE 640",2609201511,24,0
"Köln Hbf",-9018982874238179365-2609201233-8,"ICE 125",2609201513,7,0
"Köln Hbf",-553863566957669250-2609200730-18,"ICE 1033",2609201515,23,0
"Köln Hbf",-7022498938457192021-2609201052-8,"ICE 650",2609201515,21,0
"Düsseldorf Hbf",5311537321398817844-2609201520-1,"ICE 723",2609201520,1,0
"Düsseldorf Hbf",-1497213994658544450-2609201154-6,"ICE 927",2609201522,17,0
"Düsseldorf Hbf",-7567418683768276345-2609201225-7,"ICE 2508",2609201532,6,0
"Köln Hbf",4945186918802353023-2609201411-6,"ICE 1516",2609201533,1,0
"Düsseldorf Hbf",6519626148103819066-2609201045-9,"ICE 720",2609201536,48,0
"Köln Hbf",-107298036587741504-2609201538-1,"ICE 953",2609201538,0,0
"Köln Hbf",2218943744552257469-2609201434-3,"ICE 14",2609201539,8,0
"Düsseldorf Hbf",-257816953041096365-2609201136-16,"IC 2203",2609201546,49,0
"Köln Hbf",8187582116097718743-2609201546-1,"IC 2008",2609201546,6,0
"Köln Hbf",5653087570567167872-2609201126-12,"ICE 611",2609201546,29,0
"Düsseldorf Hbf",6378881227509878523-2609201550-1,"ICE 943",2609201550,2,0
"Köln Hbf",-1497213994658544450-2609201154-7,"ICE 927",2609201551,12,1
"Köln Hbf",-6452407069337976676-2609201128-8,"ICE 518",2609201605,19,0
"Köln Hbf",7010757467826963006-2609201132-9,"ICE 228",2609201606,37,1
"Köln Hbf",-8732834586368903752-2609201607-1,"ICE 1520",2609201607,8,0
"Düsseldorf Hbf",8187582116097718743-2609201546-2,"IC 2008",2609201608,10,0
"Düsseldorf Hbf",-3330605035074967330-2609201147-10,"ICE 940",2609201608,14,0
"Köln Hbf",-257816953041096365-2609201136-17,"IC 2203",2609201614,53,0
"Köln Hbf",-482221124538025922-2609201425-5,"ICE 17",2609201615,16,0
"Düsseldorf Hbf",6556040714554725251-2609201619-1,"ICE 725",2609201619,1,0
"Köln Hbf",375201943151232777-2609201147-9,"ICE 950",2609201621,21,0
"Düsseldorf Hbf",-762086226758254325-2609201226-11,"ICE 201",2609201622,11,0
"Düsseldorf Hbf",-8732834586368903752-2609201607-2,"ICE 1520",2609201627,13,0
"Köln Hbf",5058768902280124693-2609201629-1,"ICE 1611",2609201629,5,0
"Düsseldorf Hbf",7010757467826963006-2609201132-10,"ICE 228",2609201632,40,1
"Düsseldorf Hbf",8429649765325465614-2609201145-9,"ICE 628",2609201640,59,0
"Köln Hbf",4524910290568704513-2609201534-4,"ICE 122",2609201643,5,0
"Köln Hbf",-157208555968192668-2609201644-1,"ICE 653",2609201644,2,0
"Düsseldorf Hbf",5612128767266048221-2609201433-7,"ICE 127",2609201645,10,0
"Köln Hbf",-5036776284380011862-2609200922-21,"IC 2048",2609201645,3,1
"Düsseldorf Hbf",-5511541014003594580-2609201648-1,"ICE 643",2609201648,4,0
"Düsseldorf Hbf",6330890959881575446-2609200923-14,"ICE 2311",2609201650,16,0
"Köln Hbf",-762086226758254325-2609201226-12,"ICE 201",2609201650,8,0
"Düsseldorf Hbf",-1838827148333657754-2609201220-8,"ICE 916",2609201653,18,0
"Düsseldorf Hbf",-3817868649342238371-2609201326-8,"IC 2305",2609201659,1,0
"Düsseldorf Hbf",2333246513660073790-2609201553-5,"ICE 1013",2609201703,6,0
"Köln Hbf",-5622500457981167311-2609201425-6,"ICE 2516",2609201705,8,0
"Köln Hbf",-7566186731885125077-2609201305-8,"ICE 2012",2609201706,6,1
"Düsseldorf Hbf",4524910290568704513-2609201534-5,"ICE 122",2609201710,12,0
"Köln Hbf",-893148775004719136-2609201711-1,"IC 2043",2609201711,0,1
"Köln Hbf",5612128767266048221-2609201433-8,"ICE 127",2609201711,5,0
"Düsseldorf Hbf",-8713208741749436113-2609201247-11,"ICE 548",2609201712,69,0
"Köln Hbf",-2894975550766125611-2609201252-8,"ICE 558",2609201715,56,0
"Köln Hbf",6330890959881575446-2609200923-15,"ICE 2311",2609201719,20,0
"Düsseldorf Hbf",6757774550243091278-2609201720-1,"ICE 727",2609201720,2,0
"Düsseldorf Hbf",-2924322226173910183-2609201703-3,"ICE 929",2609201724,1,0
"Düsseldorf Hbf",-5622500457981167311-2609201425-7,"ICE 2516",2609201732,14,0
"Köln Hbf",-3817868649342238371-2609201326-9,"IC 2305",2609201733,-7,0
"Köln Hbf",-8631361224774257822-2609201611-6,"ICE 1514",2609201733,2,0
"Düsseldorf Hbf",5042424630356113204-2609201245-8,"ICE 626",2609201738,25,0
"Köln Hbf",-4550645364654346112-2609201738-1,"ICE 955",2609201738,7,0
"Köln Hbf",3763871362376381297-2609201634-3,"ICE 12",2609201740,21,0
"Düsseldorf Hbf",-7566186731885125077-2609201305-9,"ICE 2012",2609201742,0,1
"Düsseldorf Hbf",-2882197430592295029-2609201351-16,"IC 2205",2609201746,45,0
"Köln Hbf",-3282400354544978678-2609201746-1,"IC 2006",2609201746,0,0
"Köln Hbf",-2910589038648014094-2609201326-12,"ICE 613",2609201746,13,0
"Düsseldorf Hbf",-8275737537227179086-2609201750-1,"ICE 945",2609201750,1,0
"Köln Hbf",-2924322226173910183-2609201703-4,"ICE 929",2609201750,5,1
"Köln Hbf",6954924236955692259-2609201328-8,"ICE 516",2609201805,5,0
"Köln Hbf",944231164744023574-2609201332-9,"ICE 28",2609201806,30,1
"Düsseldorf Hbf",-3282400354544978678-2609201746-2,"IC 2006",2609201808,7,0
"Düsseldorf Hbf",3702662415087684826-2609201347-10,"ICE 848",2609201808,67,0
"Köln Hbf",-2882197430592295029-2609201351-17,"IC 2205",2609201814,48,0
"Köln Hbf",4992819178731237054-2609201625-5,"ICE 317",2609201815,14,0
"Düsseldorf Hbf",-3019965818182152821-2609201821-1,"ICE 729",2609201821,3,0
"Düsseldorf Hbf",-7956047615718350819-2609201426-11,"ICE 203",2609201822,43,0
"Köln Hbf",-1900115166859559092-2609201347-9,"ICE 858",2609201822,22,0
"Düsseldorf Hbf",1459720362045900384-2609201235-10,"ICE 216",2609201824,4,0
"Köln Hbf",-7955422278217659578-2609201703-5,"ICE 1714",2609201825,4,0
"Köln Hbf",1407594009417555306-2609201829-1,"ICE 1613",2609201829,0,0
"Düsseldorf Hbf",944231164744023574-2609201332-10,"ICE 28",2609201832,33,1
"Düsseldorf Hbf",-4521437519262178170-2609201345-9,"ICE 624",2609201836,11,0
"Köln Hbf",-6750794421454638985-2609201420-8,"ICE 224",2609201843,7,0
"Köln Hbf",9016403526930832374-2609201844-1,"ICE 655",2609201844,1,0
"Düsseldorf Hbf",-2599950570116389517-2609201633-7,"ICE 129",2609201845,16,0
"Köln Hbf",-4140470391187734614-2609201122-21,"IC 2440",2609201845,3,1
"Düsseldorf Hbf",4447890004106418758-2609201848-1,"ICE 645",2609201848,8,0
"Düsseldorf Hbf",7867558493628354270-2609201115-18,"ICE 1037",2609201850,45,0
"Köln Hbf",-7956047615718350819-2609201426-12,"ICE 203",2609201850,40,0
"Düsseldorf Hbf",-6727683722954373951-2609201754-5,"ICE 1015",2609201901,19,0
"Köln Hbf",-5602374465633340306-2609201626-6,"ICE 2514",2609201905,0,0
"Köln Hbf",2508597620716488611-2609201536-8,"IC 2041",2609201906,0,1
"Düsseldorf Hbf",3141971505559871903-2609201447-10,"ICE 546",2609201908,38,0
"Düsseldorf Hbf",-6750794421454638985-2609201420-9,"ICE 224",2609201910,11,0
"Köln Hbf",-2599950570116389517-2609201633-8,"ICE 129",2609201913,22,0
"Köln Hbf",8430642524571604487-2609201452-8,"ICE 556",2609201915,46,0
"Köln Hbf",7867558493628354270-2609201115-19,"ICE 1037",2609201916,47,0
"Düsseldorf Hbf",-3738461847412237185-2609201918-1,"ICE 821",2609201918,0,0
"Düsseldorf Hbf",2312296716933966404-2609201554-4,"ICE 1021",2609201921,18,0
"Düsseldorf Hbf",-4055232889596422409-2609200803-28,"ICE 118",2609201924,0,0
"Düsseldorf Hbf",-5602374465633340306-2609201626-7,"ICE 2514",2609201932,4,0
"Köln Hbf",-4997552987396627422-2609201811-6,"ICE 1512",2609201933,1,0
"Düsseldorf Hbf",-2142784246140329213-2609201445-8,"ICE 622",2609201936,4,0
"Köln Hbf",3141971505559871903-2609201447-11,"ICE 546",2609201936,35,0
"Köln Hbf",-2451771813568964797-2609201938-1,"ICE 957",2609201938,2,0
"Köln Hbf",-8942408890709913676-2609201833-3,"ICE 10",2609201940,14,0
"Düsseldorf Hbf",1492120664389609114-2609201604-14,"IC 2207",2609201946,5,0
"Köln Hbf",-5425302918995479956-2609201526-12,"ICE 615",2609201946,31,0
"Köln Hbf",2312296716933966404-2609201554-5,"ICE 1021",2609201947,18,1
"Düsseldorf Hbf",3778695356863398992-2609201950-1,"ICE 947",2609201950,0,0
"Köln Hbf",-5040855886902453859-2609201528-8,"ICE 514",2609202005,8,0
"Köln Hbf",-8926157399752465663-2609201532-9,"ICE 26",2609202006,0,1
"Düsseldorf Hbf",798259414142998527-2609202009-1,"ICE 823",2609202009,1,0
"Düsseldorf Hbf",-9003107645534276753-2609201547-9,"ICE 846",2609202013,45,0
"Köln Hbf",1492120664389609114-2609201604-15,"IC 2207",2609202014,2,0
"Köln Hbf",4341219805487381340-2609201825-5,"ICE 19",2609202015,23,0
"Düsseldorf Hbf",-6235789055676348186-2609201626-11,"ICE 205",2609202022,1,0
"Köln Hbf",-819597198211929243-2609201547-9,"ICE 856",2609202022,34,0
"Düsseldorf Hbf",-8926157399752465663-2609201532-10,"ICE 26",2609202032,0,1
"Düsseldorf Hbf",-1188267942167451229-2609201545-9,"ICE 620",2609202037,3,0
"Köln Hbf",2576231255055476975-2609201934-4,"ICE 120",2609202043,3,0
"Düsseldorf Hbf",-7056878515633598205-2609201833-7,"ICE 221",2609202045,0,0
"Köln Hbf",-7949491460536242261-2609201322-21,"IC 2442",2609202045,0,1
"Köln Hbf",5646922477923288654-2609202045-1,"ICE 657",2609202045,2,0
"Köln Hbf",-6235789055676348186-2609201626-12,"ICE 205",2609202048,1,0
"Düsseldorf Hbf",-977669644680017628-2609201620-8,"ICE 912",2609202053,68,0
"Düsseldorf Hbf",8262134096716058006-2609201321-14,"ICE 2215",2609202059,7,0
"Köln Hbf",192307816406591020-2609201825-6,"ICE 2512",2609202105,29,0
"Köln Hbf",1913356045703776437-2609201736-8,"IC 2349",2609202106,0,1
"Düsseldorf Hbf",2576231255055476975-2609201934-5,"ICE 120",2609202110,8,0
"Düsseldorf Hbf",-5885856201096992744-2609201647-10,"ICE 544",2609202112,46,0
"Köln Hbf",-7056878515633598205-2609201833-8,"ICE 221",2609202113,0,0
"Köln Hbf",6625519329407624873-2609201652-8,"ICE 554",2609202114,57,0
"Köln Hbf",8388183103841403836-2609201516-14,"ICE 1544",2609202119,-3,0
"Düsseldorf Hbf",6194893901306646476-2609201726-11,"ICE 617",2609202121,5,0
"Köln Hbf",5268242451257549226-2609201901-5,"ICE 313",2609202124,60,1
"Köln Hbf",8262134096716058006-2609201321-15,"ICE 2215",2609202131,2,0
"Düsseldorf Hbf",50770787591072936-2609201644-9,"ICE 528",2609202137,5,0
"Köln Hbf",1555483896112278137-2609202014-6,"ICE 318",2609202139,20,0
"Köln Hbf",-5885856201096992744-2609201647-11,"ICE 544",2609202140,41,0
"Köln Hbf",6194893901306646476-2609201726-12,"ICE 617",2609202148,10,0
"Köln Hbf",5343082994331393331-2609201618-14,"ICE 902",2609202155,0,1
"Köln Hbf",7537395545451740415-2609201728-8,"ICE 512",2609202205,11,0
"Köln Hbf",1123272061820542344-2609201732-9,"ICE 24",2609202206,0,1
"Düsseldorf Hbf",-4080761801504144103-2609201747-10,"ICE 844",2609202208,32,0
"Köln Hbf",-8088851598754426904-2609202025-5,"ICE 319",2609202215,30,0
"Düsseldorf Hbf",6810614476303646777-2609201826-11,"ICE 207",2609202222,35,0
"Köln Hbf",4711383125555203513-2609201747-9,"ICE 854",2609202222,15,0
"Köln Hbf",6195485783263057734-2609201819-7,"ICE 910",2609202230,19,0
"Düsseldorf Hbf",1123272061820542344-2609201732-10,"ICE 24",2609202232,0,1
"Köln Hbf",-4080761801504144103-2609201747-11,"ICE 844",2609202234,29,0
"Düsseldorf Hbf",3736117015423388331-2609201746-9,"ICE 526",2609202236,3,0
"Köln Hbf",4804116960335233530-2609201522-21,"IC 2444",2609202245,0,1
"Köln Hbf",6810614476303646777-2609201826-12,"ICE 207",2609202251,31,0
"Köln Hbf",8570739711458019321-2609201936-8,"IC 2347",2609202306,0,1
"Köln Hbf",6176959249691028350-2609202024-7,"ICE 2510",2609202310,0,0
"Düsseldorf Hbf",-1854738006003716349-2609201847-10,"ICE 542",2609202312,22,0
"Köln Hbf",2579078581490934825-2609201852-8,"ICE 552",2609202315,23,0
"Düsseldorf Hbf",5926473462606976417-2609201926-11,"ICE 619",2609202323,16,0
"Köln Hbf",5987880351959364904-2609202327-1,"ICE 1541",2609202327,1,0
"Düsseldorf Hbf",6176959249691028350-2609202024-8,"ICE 2510",2609202337,1,0
"Köln Hbf",-6524998557445987060-2609201844-11,"ICE 524",2609202339,15,0
"Köln Hbf",-1854738006003716349-2609201847-11,"ICE 542",2609202339,18,0
"Düsseldorf Hbf",5987880351959364904-2609202327-2,"ICE 1541",2609202349,5,0
"Köln Hbf",5926473462606976417-2609201926-12,"ICE 619",2609202349,13,0
"Köln Hbf",3337083331722830688-2609201932-9,"ICE 22",2609210006,0,1
"Düsseldorf Hbf",-4737482986446738332-2609201947-10,"ICE 842",2609210008,118,0
"Köln Hbf",8322424274180843926-2609201928-9,"ICE 510",2609210010,1,0
"Düsseldorf Hbf",-4463983841688751065-2609202026-12,"ICE 209",2609210022,1,0
"Köln Hbf",-111241669532597234-2609201947-9,"ICE 852",2609210023,98,0
"Köln Hbf",-4383803236760390820-2609201945-12,"ICE 522",2609210031,2,0
"Köln Hbf",-4737482986446738332-2609201947-11,"ICE 842",2609210034,115,0
"Düsseldorf Hbf",3337083331722830688-2609201932-10,"ICE 22",2609210035,0,1
"Köln Hbf",-4463983841688751065-2609202026-13,"ICE 209",2609210048,-1,0
"Düsseldorf Hbf",-2056885538516361019-2609202240-13,"ICE 550",2609210146,15,0
"Köln Hbf",-2056885538516361019-2609202240-14,"ICE 550",2609210213,10,0
"Köln Hbf",8503777394879306018-2609202322-9,"ICE 920",2609210232,0,0
"Düsseldorf Hbf",2774174590951633862-2609202225-14,"ICE 921",2609210249,24,0
"Düsseldorf Hbf",8503777394879306018-2609202322-10,"ICE 920",2609210258,2,0
"Köln Hbf",2774174590951633862-2609202225-15,"ICE 921",2609210315,23,0
"Köln Hbf",7130605216857004791-2609210321-1,"ICE 827",2609210321,0,0
"Köln Hbf",-1822966271854478829-2609210400-1,"ICE 1028",2609210400,0,0
"Düsseldorf Hbf",-1822966271854478829-2609210400-3,"ICE 1028",2609210425,1,0
"Köln Hbf",8652078400714170233-2609210425-1,"ICE 541",2609210425,0,0
"Köln Hbf",-7455087584675999219-2609210428-1,"ICE 521",2609210428,0,0
"Köln Hbf",6284591161410129597-2609210445-1,"ICE 551",2609210445,0,0
"Düsseldorf Hbf",8652078400714170233-2609210425-2,"ICE 541",2609210447,1,0
"Düsseldorf Hbf",-881594861635697900-2609210400-6,"ICE 523",2609210455,6,0
"Köln Hbf",-1981361635087318141-2609210511-1,"IC 2445",2609210511,0,1
"Köln Hbf",1179810196779242077-2609210511-1,"ICE 208",2609210511,0,0
"Köln Hbf",-784036643221120658-2609210514-1,"ICE 2214",2609210514,13,0
"Düsseldorf Hbf",3596733780499351643-2609210422-6,"ICE 23",2609210522,4,0
"Köln Hbf",-397321280238564306-2609210525-1,"ICE 911",2609210525,0,0
"Köln Hbf",-5962154382149198734-2609210526-1,"ICE 843",2609210526,2,0
"Düsseldorf Hbf",1179810196779242077-2609210511-2,"ICE 208",2609210532,2,0
"Düsseldorf Hbf",-784036643221120658-2609210514-2,"ICE 2214",2609210537,13,0
"Köln Hbf",-486178897212069438-2609210538-1,"ICE 853",2609210538,0,0
"Köln Hbf",-4876505146387112510-2609210329-6,"IC 60402",2609210544,11,0
"Düsseldorf Hbf",707692460492138158-2609202352-14,"ICE 1540",2609210547,44,0
"Köln Hbf",4230433869735770140-2609210548-1,"ICE 511",2609210548,0,0
"Düsseldorf Hbf",-5962154382149198734-2609210526-2,"ICE 843",2609210549,5,0
"Köln Hbf",3596733780499351643-2609210422-7,"ICE 23",2609210549,3,0
"Köln Hbf",2178700040520449500-2609210601-1,"ICE 711",2609210601,4,0
"Köln Hbf",2686007473625185344-2609210001-12,"ICE 618",2609210604,3,0
"Köln Hbf",-7723883505152961116-2609210611-1,"ICE 312",2609210611,0,1
"Düsseldorf Hbf",-4876505146387112510-2609210329-7,"IC 60402",2609210615,11,0
"Köln Hbf",707692460492138158-2609202352-15,"ICE 1540",2609210615,53,0
"Düsseldorf Hbf",-7586352224211082006-2609210514-4,"ICE 525",2609210618,5,0
"Düsseldorf Hbf",8735574551800398555-2609210524-5,"ICE 101",2609210622,26,0
"Köln Hbf",-4310203737838801908-2609210625-1,"ICE 543",2609210625,20,1
"Köln Hbf",1878809338003406023-2609210627-1,"ICE 1511",2609210627,0,0
"Düsseldorf Hbf",2686007473625185344-2609210001-13,"ICE 618",2609210632,5,0
"Köln Hbf",6856208171401458843-2609210534-4,"ICE 222",2609210643,6,0
"Köln Hbf",-7151271002257875909-2609210502-6,"IC 2348",2609210645,22,0
"Köln Hbf",-8806275556870827116-2609210645-1,"ICE 553",2609210645,0,0
"Düsseldorf Hbf",-4310203737838801908-2609210625-2,"ICE 543",2609210647,21,1
"Köln Hbf",8735574551800398555-2609210524-6,"ICE 101",2609210650,22,0
"Düsseldorf Hbf",-6165068286223376269-2609210554-5,"ICE 913",2609210702,22,0
"Köln Hbf",-2103315967753215489-2609210609-3,"IC 2443",2609210706,0,0
"Düsseldorf Hbf",6856208171401458843-2609210534-5,"ICE 222",2609210710,7,0
"Köln Hbf",6135728412348303878-2609210711-1,"ICE 206",2609210711,0,0
"Düsseldorf Hbf",-853844594697067860-2609210615-4,"ICE 527",2609210718,27,0
"Düsseldorf Hbf",542680258128049209-2609210621-6,"ICE 25",2609210724,30,0
"Köln Hbf",5312563495212518167-2609210726-1,"ICE 845",2609210726,0,0
"Düsseldorf Hbf",6135728412348303878-2609210711-2,"ICE 206",2609210732,1,0
"Köln Hbf",-7772981549573087469-2609210733-1,"ICE 1713",2609210733,0,0
"Düsseldorf Hbf",8378187760869811763-2609210541-8,"ICE 826",2609210737,0,0
"Köln Hbf",7280780786399683236-2609210738-1,"ICE 855",2609210738,1,0
"Köln Hbf",4021377973164879687-2609210634-3,"ICE 18",2609210740,7,0
"Köln Hbf",2082653246441066227-2609210740-1,"ICE 2310",2609210740,0,0
"Köln Hbf",-1316725331766652964-2609210603-6,"ICE 513",2609210745,7,0
"Köln Hbf",-8638855930583862299-2609210746-1,"IC 2206",2609210746,0,0
"Düsseldorf Hbf",5312563495212518167-2609210726-2,"ICE 845",2609210749,2,0
"Köln Hbf",542680258128049209-2609210621-7,"ICE 25",2609210750,29,0
"Köln Hbf",-3118459641712443593-2609210600-7,"ICE 712",2609210757,0,1
"Köln Hbf",937531600424895578-2609210549-4,"ICE 616",2609210805,9,0
"Düsseldorf Hbf",2082653246441066227-2609210740-2,"ICE 2310",2609210807,42,0
"Düsseldorf Hbf",-8638855930583862299-2609210746-2,"IC 2206",2609210810,5,0
"Köln Hbf",-683349446891373235-2609210623-5,"ICE 11",2609210816,19,0
"Düsseldorf Hbf",7320863906691937525-2609210719-4,"ICE 529",2609210818,7,1
"Düsseldorf Hbf",8518232099080018263-2609210426-11,"ICE 103",2609210822,20,0
"Köln Hbf",-1489252697791169587-2609210825-1,"ICE 545",2609210825,4,0
"Köln Hbf",-2307934263002248776-2609210829-1,"ICE 1513",2609210829,3,0
"Düsseldorf Hbf",8056505330798593907-2609210706-6,"ICE 119",2609210831,22,0
"Düsseldorf Hbf",1795377954048554987-2609210708-5,"ICE 824",2609210840,3,0
"Köln Hbf",-3687533052908579649-2609210734-4,"ICE 220",2609210843,3,0
"Köln Hbf",-5067205027928923412-2609210844-1,"ICE 555",2609210844,8,0
"Düsseldorf Hbf",1800994547680145354-2609210638-7,"ICE 121",2609210845,12,0
"Köln Hbf",-3987770513815330460-2609210539-12,"IC 2040",2609210845,1,0
"Köln Hbf",6675332026866779665-2609210845-1,"ICE 1036",2609210845,0,0
"Düsseldorf Hbf",-1489252697791169587-2609210825-2,"ICE 545",2609210847,11,0
"Köln Hbf",8518232099080018263-2609210426-12,"ICE 103",2609210850,16,0
"Düsseldorf Hbf",-5947456125297650390-2609210420-8,"ICE 1014",2609210853,0,0
"Düsseldorf Hbf",400157404087783375-2609210753-5,"ICE 915",2609210902,8,0
"Köln Hbf",-3736018120908232717-2609210624-6,"ICE 204",2609210905,8,0
"Düsseldorf Hbf",6675332026866779665-2609210845-2,"ICE 1036",2609210906,3,0
"Köln Hbf",4558275999006255649-2609210643-7,"IC 2441",2609210906,4,0
"Düsseldorf Hbf",-3687533052908579649-2609210734-5,"ICE 220",2609210910,8,0
"Düsseldorf Hbf",6972548221701888574-2609210418-15,"ICE 646",2609210912,21,0
"Köln Hbf",1800994547680145354-2609210638-8,"ICE 121",2609210913,10,0
"Köln Hbf",-4488195745363015090-2609210450-8,"ICE 656",2609210915,6,0
"Düsseldorf Hbf",-2521696256132503788-2609210920-1,"ICE 621",2609210920,2,0
"Düsseldorf Hbf",-1790024725878292801-2609210820-6,"ICE 27",2609210924,12,0
"Köln Hbf",-8906112445839706377-2609210926-1,"ICE 847",2609210926,0,0
"Düsseldorf Hbf",-6888861751751692665-2609210817-6,"ICE 217",2609210928,14,0
"Düsseldorf Hbf",-3736018120908232717-2609210624-7,"ICE 204",2609210932,11,0
"Köln Hbf",8918082092638159592-2609210812-6,"ICE 1612",2609210932,1,0
"Düsseldorf Hbf",-6223962037244896084-2609210441-10,"ICE 822",2609210936,3,0
"Köln Hbf",7127812590731908748-2609210938-1,"ICE 857",2609210938,0,0
"Köln Hbf",-5717720788505540143-2609210833-3,"ICE 316",2609210939,3,0
"Düsseldorf Hbf",-6760724929342255350-2609210634-13,"IC 2007",2609210946,33,0
"Köln Hbf",-3482704518387342076-2609210946-1,"IC 2204",2609210946,0,0
"Köln Hbf",6512354943507599026-2609210526-12,"ICE 515",2609210946,70,0
"Düsseldorf Hbf",-8906112445839706377-2609210926-2,"ICE 847",2609210949,1,0
"Köln Hbf",-1790024725878292801-2609210820-7,"ICE 27",2609210952,10,0
"Köln Hbf",67517114520381301-2609210533-8,"ICE 614",2609211005,12,0
"Köln Hbf",4250821308365947570-2609210528-10,"ICE 1022",2609211006,25,0
"Düsseldorf Hbf",-3482704518387342076-2609210946-2,"IC 2204",2609211008,4,0
"Düsseldorf Hbf",-4782954664003624221-2609210526-12,"ICE 946",2609211008,67,0
"Köln Hbf",-6760724929342255350-2609210634-14,"IC 2007",2609211014,35,0
"Köln Hbf",7296668088221534520-2609210825-5,"ICE 13",2609211016,1,0
"Düsseldorf Hbf",7692347899239356115-2609211019-1,"ICE 623",2609211019,1,0
"Düsseldorf Hbf",-3500545049874534285-2609210626-11,"ICE 105",2609211022,38,0
"Köln Hbf",-6590078199824287896-2609210526-11,"ICE 956",2609211022,13,0
"Köln Hbf",309221757920376132-2609211029-1,"ICE 1515",2609211029,0,1
"Düsseldorf Hbf",4250821308365947570-2609210528-11,"ICE 1022",2609211035,28,0
"Düsseldorf Hbf",5509309536167095600-2609210544-10,"ICE 820",2609211040,7,0
"Köln Hbf",-8155331480429548080-2609210934-4,"ICE 128",2609211043,0,0
"Köln Hbf",-8614664585551473503-2609211044-1,"ICE 557",2609211044,3,0
"Düsseldorf Hbf",467631948029280047-2609210831-7,"ICE 225",2609211045,6,0
"Köln Hbf",5248730939501738569-2609210602-15,"IC 2042",2609211045,0,1
"Düsseldorf Hbf",211585818996437737-2609211048-1,"ICE 547",2609211048,4,0
"Köln Hbf",-3500545049874534285-2609210626-12,"ICE 105",2609211050,34,0
"Düsseldorf Hbf",-6324333303227400345-2609210620-8,"ICE 1012",2609211053,16,0
"Köln Hbf",8125274319994745100-2609211053-1,"ICE 2013",2609211053,2,0
"Köln Hbf",-508151058757607646-2609210716-9,"ICE 202",2609211105,11,0
"Köln Hbf",2031840069123671352-2609210736-8,"IC 2049",2609211106,0,1
"Düsseldorf Hbf",2417110662322496020-2609210647-10,"ICE 644",2609211109,38,0
"Düsseldorf Hbf",-8155331480429548080-2609210934-5,"ICE 128",2609211110,23,0
"Köln Hbf",467631948029280047-2609210831-8,"ICE 225",2609211114,9,0
"Köln Hbf",-2664747470423541798-2609210652-8,"ICE 654",2609211114,33,0
"Düsseldorf Hbf",-1863724056778564852-2609211117-1,"ICE 625",2609211117,3,0
"Düsseldorf Hbf",3450663025951470366-2609210602-9,"ICE 1521",2609211119,35,0
"Düsseldorf Hbf",3704713885565394549-2609211024-4,"ICE 29",2609211124,19,0
"Düsseldorf Hbf",-508151058757607646-2609210716-10,"ICE 202",2609211132,15,0
"Köln Hbf",98157840525274029-2609211011-6,"ICE 1610",2609211133,4,0
"Düsseldorf Hbf",-7827307397706401371-2609210644-8,"ICE 728",2609211137,0,0
"Köln Hbf",-9221432942161771616-2609211138-1,"ICE 859",2609211138,18,0
"Köln Hbf",-3207602294555876168-2609211034-3,"ICE 16",2609211139,9,0
"Köln Hbf",3450663025951470366-2609210602-10,"ICE 1521",2609211145,32,0
"Düsseldorf Hbf",6862846665566225825-2609210834-13,"IC 2009",2609211146,14,0
"Köln Hbf",-8775310893499181309-2609211146-1,"IC 2202",2609211146,8,0
"Köln Hbf",-4602427783665327588-2609210726-12,"ICE 517",2609211146,34,0
"Düsseldorf Hbf",-3935110464616838577-2609211150-1,"ICE 849",2609211150,6,0
"Köln Hbf",3704713885565394549-2609211024-5,"ICE 29",2609211150,21,0
"Köln Hbf",-8386336934533711188-2609210728-9,"ICE 1020",2609211205,7,1
"Köln Hbf",-7184453857839759572-2609210728-8,"ICE 612",2609211205,5,0
"Düsseldorf Hbf",-8775310893499181309-2609211146-2,"IC 2202",2609211208,13,0
"Düsseldorf Hbf",789381465621699355-2609210747-10,"ICE 944",2609211208,34,0
"Köln Hbf",4555217987378332456-2609210713-11,"ICE 1548",2609211209,35,0
"Köln Hbf",6862846665566225825-2609210834-14,"IC 2009",2609211214,15,0
"Köln Hbf",-6382331557337532208-2609211025-5,"ICE 15",2609211215,9,0
"Düsseldorf Hbf",-7766800689315712550-2609211219-1,"ICE 627",2609211219,0,0
"Düsseldorf Hbf",-5703640496454004355-2609210825-11,"ICE 107",2609211222,10,0
"Köln Hbf",5065395714490050726-2609210747-9,"ICE 954",2609211222,28,0
"Köln Hbf",-8376398398323607088-2609211229-1,"ICE 1517",2609211229,1,0
"Düsseldorf Hbf",-8386336934533711188-2609210728-10,"ICE 1020",2609211230,9,0
"Düsseldorf Hbf",5394868531176279031-2609210742-9,"ICE 726",2609211240,8,0
"Köln Hbf",-4712053304823003938-2609211134-4,"ICE 126",2609211243,5,0
"Köln Hbf",5886092952094503689-2609211244-1,"ICE 559",2609211244,8,0
"Düsseldorf Hbf",1869793107893408377-2609211031-7,"ICE 123",2609211245,5,0
"Köln Hbf",666711005360005078-2609210522-21,"IC 2044",2609211245,15,0
"Köln Hbf",607281138257369836-2609211245-1,"ICE 1032",2609211245,0,0
"Düsseldorf Hbf",-5225265888807154878-2609211248-1,"ICE 549",2609211248,1,0
"Köln Hbf",-5703640496454004355-2609210825-12,"ICE 107",2609211250,13,0
"Düsseldorf Hbf",-1202781486977583710-2609210819-8,"ICE 1010",2609211253,9,0
"Düsseldorf Hbf",-5763151150910106247-2609211155-5,"ICE 919",2609211302,6,0
"Köln Hbf",5555371111259384160-2609210759-9,"ICE 200",2609211305,8,0
"Düsseldorf Hbf",607281138257369836-2609211245-2,"ICE 1032",2609211306,6,0
"Köln Hbf",-1660175693055885317-2609210936-8,"IC 2047",2609211306,7,1
"Düsseldorf Hbf",-4712053304823003938-2609211134-5,"ICE 126",2609211310,12,0
"Düsseldorf Hbf",-3811000113167125819-2609210847-11,"ICE 642",2609211311,21,0
"Köln Hbf",1869793107893408377-2609211031-8,"ICE 123",2609211314,7,0
"Köln Hbf",7029715491133337413-2609210852-8,"ICE 652",2609211315,34,0
"Düsseldorf Hbf",2307301279586290347-2609211321-1,"ICE 629",2609211321,0,0
"Düsseldorf Hbf",6492627968416470339-2609211221-6,"ICE 229",2609211324,11,0
"Köln Hbf",-2157107938954049243-2609211101-6,"ICE 311",2609211324,0,1
"Düsseldorf Hbf",5555371111259384160-2609210759-10,"ICE 200",2609211332,13,0
"Köln Hbf",-7017661080292591369-2609211211-6,"ICE 1518",2609211333,0,0
"Köln Hbf",201535978532296242-2609211334-1,"ICE 1549",2609211334,0,1
"Düsseldorf Hbf",-4676367904559688889-2609210845-8,"ICE 724",2609211337,14,0
"Köln Hbf",-4020550040361167307-2609211338-1,"ICE 951",2609211338,11,0
"Köln Hbf",4216288988927907099-2609211234-3,"ICE 314",2609211339,6,0
"Düsseldorf Hbf",5900362052756938804-2609210951-16,"IC 2201",2609211346,7,0
"Köln Hbf",-3185038341433261764-2609211346-1,"IC 2200",2609211346,1,0
"Köln Hbf",-8471873024121272354-2609210926-12,"ICE 519",2609211346,36,0
"Düsseldorf Hbf",-1360629902197387952-2609211350-1,"ICE 941",2609211350,1,0
"Köln Hbf",6492627968416470339-2609211221-7,"ICE 229",2609211352,9,0
"Köln Hbf",9011011619156863439-2609210928-8,"ICE 610",2609211405,5,0
"Köln Hbf",338204297594764006-2609210827-10,"ICE 926",2609211406,11,1
"Düsseldorf Hbf",-3185038341433261764-2609211346-2,"IC 2200",2609211408,4,0
"Düsseldorf Hbf",7024771559125615258-2609210947-10,"ICE 942",2609211408,53,0
"Köln Hbf",5900362052756938804-2609210951-17,"IC 2201",2609211414,4,0
"Köln Hbf",4815612638303090443-2609211225-5,"ICE 315",2609211415,125,1
"Düsseldorf Hbf",-758807154932475400-2609211419-1,"ICE 721",2609211419,1,0
"Düsseldorf Hbf",6610086332469437335-2609211026-11,"ICE 109",2609211422,2,0
"Köln Hbf",2625224039751841654-2609210947-9,"ICE 952",2609211422,33,0
"Köln Hbf",4846835449118805747-2609211429-1,"ICE 1519",2609211429,0,0
"Düsseldorf Hbf",338204297594764006-2609210827-11,"ICE 926",2609211432,13,0
"Düsseldorf Hbf",-7906017824379584014-2609210946-9,"ICE 722",2609211436,21,0
"Köln Hbf",-8784598530479710827-2609211438-1,"ICE 310",2609211438,0,1
"Köln Hbf",-5676785138972199399-2609211334-4,"ICE 124",2609211443,1,0
"Köln Hbf",-6270903731699972278-2609211444-1,"ICE 651",2609211444,0,0
"Düsseldorf Hbf",-9018982874238179365-2609211238-7,"ICE 125",2609211445,31,0
"Köln Hbf",-5299413353021537464-2609210722-21,"IC 2046",2609211445,27,0
"Düsseldorf Hbf",7188954872564278301-2609211448-1,"ICE 641",2609211448,9,0
"Düsseldorf Hbf",-553863566957669250-2609210730-17,"ICE 1033",2609211450,16,0
"Köln Hbf",6610086332469437335-2609211026-12,"ICE 109",2609211450,1,0
"Düsseldorf Hbf",7844358081895785158-2609211019-8,"ICE 918",2609211453,6,0
"Düsseldorf Hbf",8564432605510706771-2609211353-4,"ICE 1011",2609211501,16,0
"Köln Hbf",7702481692019596064-2609210838-12,"ICE 108",2609211505,7,0
"Köln Hbf",7334323916340841763-2609211136-8,"IC 2045",2609211506,20,0
"Düsseldorf Hbf",-5676785138972199399-2609211334-5,"ICE 124",2609211510,5,0
"Düsseldorf Hbf",8642793912640631890-2609211047-11,"ICE 640",2609211511,75,0
"Köln Hbf",-9018982874238179365-2609211238-8,"ICE 125",2609211513,42,0
"Köln Hbf",-553863566957669250-2609210730-18,"ICE 1033",2609211515,24,0
"Köln Hbf",-7022498938457192021-2609211052-8,"ICE 650",2609211515,28,0
"Düsseldorf Hbf",5311537321398817844-2609211520-1,"ICE 723",2609211520,5,0
"Düsseldorf Hbf",-1497213994658544450-2609211154-6,"ICE 927",2609211522,23,0
"Düsseldorf Hbf",7702481692019596064-2609210838-13,"ICE 108",2609211532,21,0
"Köln Hbf",4945186918802353023-2609211411-6,"ICE 1516",2609211533,2,0
"Düsseldorf Hbf",6519626148103819066-2609211045-9,"ICE 720",2609211536,19,0
"Köln Hbf",-107298036587741504-2609211538-1,"ICE 953",2609211538,19,0
"Köln Hbf",2218943744552257469-2609211434-3,"ICE 14",2609211539,8,1
"Düsseldorf Hbf",-257816953041096365-2609211136-16,"IC 2203",2609211546,21,0
"Köln Hbf",8187582116097718743-2609211546-1,"IC 2008",2609211546,0,0
"Köln Hbf",5653087570567167872-2609211126-12,"ICE 611",2609211546,22,0
"Köln Hbf",-1497213994658544450-2609211154-7,"ICE 927",2609211548,21,0
"Düsseldorf Hbf",6378881227509878523-2609211550-1,"ICE 943",2609211550,8,0
"Köln Hbf",-6452407069337976676-2609211128-8,"ICE 518",2609211605,3,0
"Köln Hbf",7010757467826963006-2609211132-9,"ICE 228",2609211606,5,0
"Köln Hbf",-8732834586368903752-2609211607-1,"ICE 1520",2609211607,4,0
"Düsseldorf Hbf",8187582116097718743-2609211546-2,"IC 2008",2609211608,5,0
"Düsseldorf Hbf",-3330605035074967330-2609211147-10,"ICE 940",2609211608,30,0
"Köln Hbf",-257816953041096365-2609211136-17,"IC 2203",2609211614,27,0
"Köln Hbf",-482221124538025922-2609211425-5,"ICE 17",2609211615,34,0
"Düsseldorf Hbf",6556040714554725251-2609211619-1,"ICE 725",2609211619,1,0
"Köln Hbf",375201943151232777-2609211147-9,"ICE 950",2609211621,12,0
"Düsseldorf Hbf",-762086226758254325-2609211226-11,"ICE 201",2609211622,25,0
"Köln Hbf",-6579606754577220741-2609211501-5,"ICE 1716",2609211625,4,0
"Düsseldorf Hbf",-8732834586368903752-2609211607-2,"ICE 1520",2609211627,6,0
"Köln Hbf",5058768902280124693-2609211629-1,"ICE 1611",2609211629,0,0
"Düsseldorf Hbf",7010757467826963006-2609211132-10,"ICE 228",2609211632,6,0
"Düsseldorf Hbf",8429649765325465614-2609211145-9,"ICE 628",2609211640,1,0
"Köln Hbf",4524910290568704513-2609211534-4,"ICE 122",2609211643,2,0
"Köln Hbf",-157208555968192668-2609211644-1,"ICE 653",2609211644,3,0
"Düsseldorf Hbf",5612128767266048221-2609211438-7,"ICE 127",2609211645,12,0
"Köln Hbf",-5036776284380011862-2609210922-21,"IC 2048",2609211645,3,1
"Düsseldorf Hbf",-5511541014003594580-2609211648-1,"ICE 643",2609211648,27,0
"Düsseldorf Hbf",6330890959881575446-2609210922-14,"ICE 2311",2609211650,48,0
"Köln Hbf",-762086226758254325-2609211226-12,"ICE 201",2609211650,21,0
"Düsseldorf Hbf",-1838827148333657754-2609211220-8,"ICE 916",2609211653,13,0
"Düsseldorf Hbf",2333246513660073790-2609211553-5,"ICE 1013",2609211703,21,0
"Köln Hbf",-8705107722613527627-2609211059-15,"ICE 106",2609211705,46,0
"Köln Hbf",-7566186731885125077-2609211305-8,"ICE 2012",2609211706,9,0
"Düsseldorf Hbf",4524910290568704513-2609211534-5,"ICE 122",2609211710,7,0
"Köln Hbf",-893148775004719136-2609211711-1,"IC 2043",2609211711,0,1
"Düsseldorf Hbf",-8713208741749436113-2609211247-11,"ICE 548",2609211712,16,1
"Köln Hbf",5612128767266048221-2609211438-8,"ICE 127",2609211713,25,0
"Köln Hbf",-2894975550766125611-2609211252-8,"ICE 558",2609211715,65,0
"Köln Hbf",6330890959881575446-2609210922-15,"ICE 2311",2609211719,57,0
"Düsseldorf Hbf",6757774550243091278-2609211720-1,"ICE 727",2609211720,11,0
"Düsseldorf Hbf",-2924322226173910183-2609211703-3,"ICE 929",2609211724,14,0
"Köln Hbf",-1057492321374091038-2609211731-1,"ICE 713",2609211731,27,0
"Düsseldorf Hbf",-8705107722613527627-2609211059-16,"ICE 106",2609211732,48,0
"Köln Hbf",-8631361224774257822-2609211611-6,"ICE 1514",2609211733,2,0
"Düsseldorf Hbf",5042424630356113204-2609211245-8,"ICE 626",2609211738,10,0
"Köln Hbf",-4550645364654346112-2609211738-1,"ICE 955",2609211738,3,0
"Köln Hbf",3763871362376381297-2609211634-3,"ICE 12",2609211740,9,1
"Düsseldorf Hbf",-7566186731885125077-2609211305-9,"ICE 2012",2609211742,9,0
"Düsseldorf Hbf",-2882197430592295029-2609211351-16,"IC 2205",2609211746,24,0
"Köln Hbf",-3282400354544978678-2609211746-1,"IC 2006",2609211746,15,0
"Köln Hbf",-2910589038648014094-2609211326-12,"ICE 613",2609211746,21,0
"Düsseldorf Hbf",-8275737537227179086-2609211750-1,"ICE 945",2609211750,7,0
"Köln Hbf",-2924322226173910183-2609211703-4,"ICE 929",2609211750,3,0
"Köln Hbf",6954924236955692259-2609211328-8,"ICE 516",2609211805,6,0
"Köln Hbf",944231164744023574-2609211332-9,"ICE 28",2609211806,12,0
"Düsseldorf Hbf",-3282400354544978678-2609211746-2,"IC 2006",2609211808,31,0
"Düsseldorf Hbf",3702662415087684826-2609211347-10,"ICE 848",2609211808,16,0
"Köln Hbf",6423634419829337550-2609211434-11,"ICE 710",2609211808,5,0
"Köln Hbf",-2882197430592295029-2609211351-17,"IC 2205",2609211814,25,0
"Köln Hbf",4992819178731237054-2609211622-5,"ICE 317",2609211815,57,0
"Düsseldorf Hbf",-3019965818182152821-2609211821-1,"ICE 729",2609211821,0,0
"Düsseldorf Hbf",-7956047615718350819-2609211426-11,"ICE 203",2609211822,65,0
"Köln Hbf",-1900115166859559092-2609211347-9,"ICE 858",2609211822,17,0
"Düsseldorf Hbf",1459720362045900384-2609211235-10,"ICE 216",2609211824,3,0
"Köln Hbf",-7955422278217659578-2609211703-5,"ICE 1714",2609211825,4,0
"Köln Hbf",1407594009417555306-2609211829-1,"ICE 1613",2609211829,0,0
"Düsseldorf Hbf",944231164744023574-2609211332-10,"ICE 28",2609211832,17,0
"Düsseldorf Hbf",-4521437519262178170-2609211345-9,"ICE 624",2609211836,8,0
"Köln Hbf",-6750794421454638985-2609211420-8,"ICE 224",2609211843,5,0
"Köln Hbf",9016403526930832374-2609211844-1,"ICE 655",2609211844,4,0
"Düsseldorf Hbf",-2599950570116389517-2609211638-7,"ICE 129",2609211845,10,0
"Köln Hbf",-4140470391187734614-2609211122-21,"IC 2440",2609211845,41,0
"Düsseldorf Hbf",4447890004106418758-2609211848-1,"ICE 645",2609211848,6,0
"Düsseldorf Hbf",7867558493628354270-2609211115-18,"ICE 1037",2609211850,21,0
"Köln Hbf",-7956047615718350819-2609211426-12,"ICE 203",2609211850,62,0
"Düsseldorf Hbf",-6727683722954373951-2609211754-5,"ICE 1015",2609211901,23,0
"Köln Hbf",-4758242349678413284-2609211238-12,"ICE 104",2609211905,4,0
"Köln Hbf",2508597620716488611-2609211536-8,"IC 2041",2609211906,20,0
"Düsseldorf Hbf",3141971505559871903-2609211447-10,"ICE 546",2609211908,36,0
"Düsseldorf Hbf",-6750794421454638985-2609211420-9,"ICE 224",2609211910,15,0
"Köln Hbf",-2599950570116389517-2609211638-8,"ICE 129",2609211913,9,0
"Köln Hbf",8430642524571604487-2609211452-8,"ICE 556",2609211915,43,0
"Köln Hbf",7867558493628354270-2609211115-19,"ICE 1037",2609211916,17,0
"Düsseldorf Hbf",-3738461847412237185-2609211918-1,"ICE 821",2609211918,0,0
"Düsseldorf Hbf",2312296716933966404-2609211554-4,"ICE 1021",2609211921,28,0
"Düsseldorf Hbf",-4055232889596422409-2609210803-28,"ICE 118",2609211924,0,1
"Düsseldorf Hbf",-4758242349678413284-2609211238-13,"ICE 104",2609211932,9,0
"Köln Hbf",-4997552987396627422-2609211811-6,"ICE 1512",2609211933,7,0
"Düsseldorf Hbf",-2142784246140329213-2609211445-8,"ICE 622",2609211936,0,1
"Köln Hbf",3141971505559871903-2609211447-11,"ICE 546",2609211936,34,0
"Köln Hbf",-8942408890709913676-2609211833-3,"ICE 10",2609211940,12,0
"Düsseldorf Hbf",1492120664389609114-2609211604-14,"IC 2207",2609211946,10,1
"Köln Hbf",-5425302918995479956-2609211526-12,"ICE 615",2609211946,31,0
"Köln Hbf",2312296716933966404-2609211554-5,"ICE 1021",2609211947,26,0
"Düsseldorf Hbf",3778695356863398992-2609211950-1,"ICE 947",2609211950,5,0
"Köln Hbf",-5040855886902453859-2609211528-8,"ICE 514",2609212005,47,0
"Köln Hbf",-8926157399752465663-2609211532-9,"ICE 26",2609212006,22,0
"Düsseldorf Hbf",798259414142998527-2609212009-1,"ICE 823",2609212009,2,0
"Düsseldorf Hbf",-9003107645534276753-2609211547-9,"ICE 846",2609212013,6,0
"Köln Hbf",1492120664389609114-2609211604-15,"IC 2207",2609212014,34,0
"Köln Hbf",4341219805487381340-2609211825-5,"ICE 19",2609212015,20,1
"Düsseldorf Hbf",-6235789055676348186-2609211626-11,"ICE 205",2609212022,20,0
"Köln Hbf",-819597198211929243-2609211547-9,"ICE 856",2609212022,22,0
"Düsseldorf Hbf",-8926157399752465663-2609211532-10,"ICE 26",2609212032,6,1
"Düsseldorf Hbf",-1188267942167451229-2609211545-9,"ICE 620",2609212037,32,1
"Köln Hbf",2576231255055476975-2609211934-4,"ICE 120",2609212043,28,0
"Düsseldorf Hbf",-7056878515633598205-2609211838-7,"ICE 221",2609212045,16,0
"Köln Hbf",-7949491460536242261-2609211322-21,"IC 2442",2609212045,4,0
"Köln Hbf",5646922477923288654-2609212045-1,"ICE 657",2609212045,8,0
"Köln Hbf",-6235789055676348186-2609211626-12,"ICE 205",2609212050,16,0
"Düsseldorf Hbf",-977669644680017628-2609211620-8,"ICE 912",2609212053,21,0
"Düsseldorf Hbf",8262134096716058006-2609211320-14,"ICE 2215",2609212059,82,0
"Köln Hbf",-7971996062035411059-2609211438-12,"ICE 102",2609212105,21,0
"Düsseldorf Hbf",2576231255055476975-2609211934-5,"ICE 120",2609212110,42,0
"Düsseldorf Hbf",-5885856201096992744-2609211647-10,"ICE 544",2609212112,74,0
"Köln Hbf",-7056878515633598205-2609211838-8,"ICE 221",2609212113,13,0
"Köln Hbf",6625519329407624873-2609211652-8,"ICE 554",2609212114,52,0
"Köln Hbf",8388183103841403836-2609211516-14,"ICE 1544",2609212119,-3,0
"Düsseldorf Hbf",6194893901306646476-2609211726-11,"ICE 617",2609212121,62,0
"Köln Hbf",5268242451257549226-2609211901-6,"ICE 313",2609212124,0,1
"Köln Hbf",8262134096716058006-2609211320-15,"ICE 2215",2609212129,80,0
"Düsseldorf Hbf",50770787591072936-2609211644-9,"ICE 528",2609212137,3,1
"Köln Hbf",1555483896112278137-2609212014-6,"ICE 318",2609212139,28,0
"Köln Hbf",-5885856201096992744-2609211647-11,"ICE 544",2609212140,69,0
"Köln Hbf",6194893901306646476-2609211726-12,"ICE 617",2609212148,60,0
"Köln Hbf",7537395545451740415-2609211728-8,"ICE 512",2609212205,18,0
"Köln Hbf",1123272061820542344-2609211732-9,"ICE 24",2609212206,0,0
"Düsseldorf Hbf",-4080761801504144103-2609211747-10,"ICE 844",2609212208,22,1
"Köln Hbf",4711383125555203513-2609211747-9,"ICE 854",2609212222,27,0
"Köln Hbf",6195485783263057734-2609211819-7,"ICE 910",2609212230,0,0
"Düsseldorf Hbf",1123272061820542344-2609211732-10,"ICE 24",2609212232,1,0
"Köln Hbf",-4080761801504144103-2609211747-11,"ICE 844",2609212234,65,0
"Düsseldorf Hbf",6810614476303646777-2609211826-8,"ICE 207",2609212235,4,1
"Düsseldorf Hbf",3736117015423388331-2609211746-9,"ICE 526",2609212236,0,1
"Köln Hbf",4804116960335233530-2609211522-21,"IC 2444",2609212245,0,1
"Köln Hbf",6810614476303646777-2609211826-9,"ICE 207",2609212303,37,0
"Köln Hbf",8570739711458019321-2609211936-8,"IC 2347",2609212306,2,0
"Köln Hbf",4005400229928334385-2609211659-16,"ICE 100",2609212310,1,0
"Köln Hbf",2579078581490934825-2609211852-7,"ICE 552",2609212319,13,0
"Düsseldorf Hbf",4005400229928334385-2609211659-17,"ICE 100",2609212337,5,0
"Köln Hbf",-6524998557445987060-2609211844-11,"ICE 524",2609212339,4,0
"Düsseldorf Hbf",-1854738006003716349-2609211847-8,"ICE 542",2609212347,24,0
"Köln Hbf",5926473462606976417-2609211926-9,"ICE 619",2609212358,18,0
"Köln Hbf",8322424274180843926-2609211928-9,"ICE 510",2609220010,3,0
"Köln Hbf",-1854738006003716349-2609211847-9,"ICE 542",2609220015,24,0
"Köln Hbf",-4383803236760390820-2609211945-12,"ICE 522",2609220031,0,0
"Düsseldorf Hbf",-4463983841688751065-2609212026-9,"ICE 209",2609220032,15,0
"Köln Hbf",-4463983841688751065-2609212026-10,"ICE 209",2609220058,13,0
"Köln Hbf",-4737482986446738332-2609211947-6,"ICE 842",2609220121,33,0
"Köln Hbf",8503777394879306018-2609212322-9,"ICE 920",2609220205,0,0
"Düsseldorf Hbf",8503777394879306018-2609212322-10,"ICE 920",2609220231,4,0
"Düsseldorf Hbf",2774174590951633862-2609212225-9,"ICE 921",2609220249,19,0
"Köln Hbf",2774174590951633862-2609212225-10,"ICE 921",2609220315,17,0
"Köln Hbf",7130605216857004791-2609220321-1,"ICE 827",2609220321,0,0
"Köln Hbf",-1822966271854478829-2609220400-1,"ICE 1028",2609220400,15,1
"Düsseldorf Hbf",-1822966271854478829-2609220400-3,"ICE 1028",2609220425,15,1
"Köln Hbf",8652078400714170233-2609220425-1,"ICE 541",2609220425,9,0
"Köln Hbf",-7455087584675999219-2609220428-1,"ICE 521",2609220428,0,0
"Düsseldorf Hbf",8652078400714170233-2609220425-2,"ICE 541",2609220447,13,0
"Düsseldorf Hbf",8096481286659396615-2609220457-1,"ICE 523",2609220457,0,0
"Köln Hbf",-1981361635087318141-2609220511-1,"IC 2445",2609220511,0,1
"Köln Hbf",1179810196779242077-2609220511-1,"ICE 208",2609220511,0,0
"Düsseldorf Hbf",8079107560322924961-2609220523-1,"ICE 23",2609220523,1,0
"Köln Hbf",-397321280238564306-2609220525-1,"ICE 911",2609220525,0,0
"Köln Hbf",-5962154382149198734-2609220526-1,"ICE 843",2609220526,3,0
"Düsseldorf Hbf",1179810196779242077-2609220511-2,"ICE 208",2609220532,13,0
"Köln Hbf",-486178897212069438-2609220538-1,"ICE 853",2609220538,0,0
"Köln Hbf",4753870957390372842-2609212159-14,"IC 60402",2609220544,8,0
"Köln Hbf",4230433869735770140-2609220548-1,"ICE 511",2609220548,0,0
"Düsseldorf Hbf",-5962154382149198734-2609220526-2,"ICE 843",2609220549,11,0
"Köln Hbf",8079107560322924961-2609220523-2,"ICE 23",2609220549,4,0
"Köln Hbf",2178700040520449500-2609220601-1,"ICE 711",2609220601,5,0
"Köln Hbf",2686007473625185344-2609220001-12,"ICE 618",2609220604,5,0
"Köln Hbf",-7723883505152961116-2609220611-1,"ICE 312",2609220611,0,0
"Düsseldorf Hbf",4753870957390372842-2609212159-15,"IC 60402",2609220615,10,0
"Düsseldorf Hbf",-7586352224211082006-2609220514-4,"ICE 525",2609220618,1,0
"Düsseldorf Hbf",8735574551800398555-2609220524-5,"ICE 101",2609220622,4,0
"Köln Hbf",-4310203737838801908-2609220625-1,"ICE 543",2609220625,0,0
"Köln Hbf",1878809338003406023-2609220627-1,"ICE 1511",2609220627,0,0
"Düsseldorf Hbf",2686007473625185344-2609220001-13,"ICE 618",2609220632,7,0
"Köln Hbf",6856208171401458843-2609220534-4,"ICE 222",2609220643,3,0
"Köln Hbf",-7151271002257875909-2609220502-6,"IC 2348",2609220645,32,0
"Köln Hbf",-8806275556870827116-2609220645-1,"ICE 553",2609220645,0,0
"Düsseldorf Hbf",-4310203737838801908-2609220625-2,"ICE 543",2609220647,3,0
"Köln Hbf",8735574551800398555-2609220524-6,"ICE 101",2609220650,0,0
"Düsseldorf Hbf",-6165068286223376269-2609220554-5,"ICE 913",2609220702,3,0
"Köln Hbf",-2103315967753215489-2609220609-3,"IC 2443",2609220706,2,0
"Düsseldorf Hbf",6856208171401458843-2609220534-5,"ICE 222",2609220710,5,0
"Köln Hbf",6135728412348303878-2609220711-1,"ICE 206",2609220711,0,0
"Düsseldorf Hbf",-853844594697067860-2609220615-4,"ICE 527",2609220718,0,0
"Düsseldorf Hbf",542680258128049209-2609220621-6,"ICE 25",2609220724,8,0
"Köln Hbf",5312563495212518167-2609220726-1,"ICE 845",2609220726,0,0
"Düsseldorf Hbf",6135728412348303878-2609220711-2,"ICE 206",2609220732,2,0
"Köln Hbf",-7772981549573087469-2609220733-1,"ICE 1713",2609220733,1,0
"Düsseldorf Hbf",8378187760869811763-2609220541-8,"ICE 826",2609220737,0,0
"Köln Hbf",7280780786399683236-2609220738-1,"ICE 855",2609220738,0,0
"Köln Hbf",4021377973164879687-2609220634-3,"ICE 18",2609220740,0,0
"Köln Hbf",2082653246441066227-2609220740-1,"ICE 2310",2609220740,0,0
"Köln Hbf",-1316725331766652964-2609220603-6,"ICE 513",2609220745,10,0
"Köln Hbf",-8638855930583862299-2609220746-1,"IC 2206",2609220746,1,0
"Düsseldorf Hbf",5312563495212518167-2609220726-2,"ICE 845",2609220749,1,0
"Köln Hbf",542680258128049209-2609220621-7,"ICE 25",2609220750,10,0
"Köln Hbf",-3118459641712443593-2609220600-7,"ICE 712",2609220757,3,0
"Köln Hbf",937531600424895578-2609220549-4,"ICE 616",2609220805,5,0
"Düsseldorf Hbf",2082653246441066227-2609220740-2,"ICE 2310",2609220807,1,0
"Düsseldorf Hbf",-8638855930583862299-2609220746-2,"IC 2206",2609220810,4,0
"Köln Hbf",-683349446891373235-2609220623-5,"ICE 11",2609220816,9,0
"Düsseldorf Hbf",7320863906691937525-2609220719-4,"ICE 529",2609220818,28,0
"Düsseldorf Hbf",8518232099080018263-2609220426-11,"ICE 103",2609220822,13,0
"Köln Hbf",-1489252697791169587-2609220825-1,"ICE 545",2609220825,1,0
"Köln Hbf",-2307934263002248776-2609220829-1,"ICE 1513",2609220829,13,0
"Düsseldorf Hbf",8056505330798593907-2609220706-6,"ICE 119",2609220831,11,0
"Düsseldorf Hbf",1795377954048554987-2609220708-5,"ICE 824",2609220840,-2,0
"Köln Hbf",-3687533052908579649-2609220734-4,"ICE 220",2609220843,4,0
"Köln Hbf",-5067205027928923412-2609220844-1,"ICE 555",2609220844,7,0
"Düsseldorf Hbf",1800994547680145354-2609220638-7,"ICE 121",2609220845,6,0
"Köln Hbf",-3987770513815330460-2609220539-12,"IC 2040",2609220845,12,0
"Köln Hbf",6675332026866779665-2609220845-1,"ICE 1036",2609220845,1,0
"Düsseldorf Hbf",-1489252697791169587-2609220825-2,"ICE 545",2609220847,3,0
"Köln Hbf",8518232099080018263-2609220426-12,"ICE 103",2609220850,10,0
"Düsseldorf Hbf",-5947456125297650390-2609220420-8,"ICE 1014",2609220853,0,0
"Düsseldorf Hbf",400157404087783375-2609220753-5,"ICE 915",2609220902,2,0
"Köln Hbf",-3316077366275075692-2609220516-8,"ICE 204",2609220905,12,0
"Düsseldorf Hbf",6675332026866779665-2609220845-2,"ICE 1036",2609220906,4,0
"Köln Hbf",4558275999006255649-2609220643-7,"IC 2441",2609220906,15,0
"Düsseldorf Hbf",-3687533052908579649-2609220734-5,"ICE 220",2609220910,10,0
"Düsseldorf Hbf",6972548221701888574-2609220418-15,"ICE 646",2609220912,39,0
"Köln Hbf",1800994547680145354-2609220638-8,"ICE 121",2609220913,1,0
"Köln Hbf",5146840242049916044-2609220640-5,"ICE 656",2609220915,35,0
"Düsseldorf Hbf",-2521696256132503788-2609220920-1,"ICE 621",2609220920,0,0
"Düsseldorf Hbf",-1790024725878292801-2609220820-6,"ICE 27",2609220924,20,0
"Köln Hbf",-8906112445839706377-2609220926-1,"ICE 847",2609220926,3,0
"Düsseldorf Hbf",-6888861751751692665-2609220817-6,"ICE 217",2609220928,10,0
"Düsseldorf Hbf",-3316077366275075692-2609220516-9,"ICE 204",2609220932,22,0
"Köln Hbf",8918082092638159592-2609220812-6,"ICE 1612",2609220932,5,0
"Düsseldorf Hbf",-6223962037244896084-2609220441-10,"ICE 822",2609220936,26,0
"Köln Hbf",7127812590731908748-2609220938-1,"ICE 857",2609220938,0,0
"Köln Hbf",-5717720788505540143-2609220833-3,"ICE 316",2609220939,10,0
"Düsseldorf Hbf",-6760724929342255350-2609220634-13,"IC 2007",2609220946,16,0
"Köln Hbf",-3482704518387342076-2609220946-1,"IC 2204",2609220946,1,0
"Köln Hbf",6512354943507599026-2609220526-12,"ICE 515",2609220946,22,0
"Düsseldorf Hbf",-8906112445839706377-2609220926-2,"ICE 847",2609220949,9,0
"Köln Hbf",-1790024725878292801-2609220820-7,"ICE 27",2609220952,18,0
"Köln Hbf",67517114520381301-2609220533-8,"ICE 614",2609221005,2,0
"Köln Hbf",4250821308365947570-2609220528-10,"ICE 1022",2609221006,20,0
"Düsseldorf Hbf",-3482704518387342076-2609220946-2,"IC 2204",2609221008,5,0
"Düsseldorf Hbf",-4782954664003624221-2609220526-12,"ICE 946",2609221008,41,0
"Köln Hbf",-6760724929342255350-2609220634-14,"IC 2007",2609221014,18,0
"Köln Hbf",7296668088221534520-2609220825-5,"ICE 13",2609221016,21,0
"Düsseldorf Hbf",7692347899239356115-2609221019-1,"ICE 623",2609221019,1,0
"Düsseldorf Hbf",-3500545049874534285-2609220626-11,"ICE 105",2609221022,4,0
"Köln Hbf",-6590078199824287896-2609220526-11,"ICE 956",2609221022,26,0
"Köln Hbf",309221757920376132-2609221029-1,"ICE 1515",2609221029,6,0
"Düsseldorf Hbf",4250821308365947570-2609220528-11,"ICE 1022",2609221035,24,0
"Düsseldorf Hbf",5509309536167095600-2609220544-10,"ICE 820",2609221040,-1,0
"Köln Hbf",-8155331480429548080-2609220934-4,"ICE 128",2609221043,2,0
"Köln Hbf",-8614664585551473503-2609221044-1,"ICE 557",2609221044,0,0
"Düsseldorf Hbf",467631948029280047-2609220831-7,"ICE 225",2609221045,9,0
"Köln Hbf",5248730939501738569-2609220602-15,"IC 2042",2609221045,0,1
"Düsseldorf Hbf",211585818996437737-2609221048-1,"ICE 547",2609221048,12,0
"Köln Hbf",-3500545049874534285-2609220626-12,"ICE 105",2609221050,1,0
"Düsseldorf Hbf",-6324333303227400345-2609220620-8,"ICE 1012",2609221053,0,0
"Köln Hbf",8125274319994745100-2609221053-1,"ICE 2013",2609221053,5,0
"Köln Hbf",-508151058757607646-2609220716-9,"ICE 202",2609221105,6,0
"Köln Hbf",2031840069123671352-2609220736-8,"IC 2049",2609221106,24,0
"Düsseldorf Hbf",2417110662322496020-2609220647-10,"ICE 644",2609221109,24,0
"Düsseldorf Hbf",-8155331480429548080-2609220934-5,"ICE 128",2609221110,5,0
"Köln Hbf",467631948029280047-2609220831-8,"ICE 225",2609221114,5,0
"Köln Hbf",-2664747470423541798-2609220652-8,"ICE 654",2609221114,15,0
"Düsseldorf Hbf",-1863724056778564852-2609221117-1,"ICE 625",2609221117,0,0
"Düsseldorf Hbf",3450663025951470366-2609220602-9,"ICE 1521",2609221119,19,0
"Düsseldorf Hbf",3704713885565394549-2609221024-4,"ICE 29",2609221124,20,0
"Düsseldorf Hbf",-508151058757607646-2609220716-10,"ICE 202",2609221132,9,0
"Köln Hbf",98157840525274029-2609221011-6,"ICE 1610",2609221133,7,0
"Düsseldorf Hbf",-7827307397706401371-2609220644-8,"ICE 728",2609221137,0,0
"Köln Hbf",-9221432942161771616-2609221138-1,"ICE 859",2609221138,0,0
"Köln Hbf",-3207602294555876168-2609221034-3,"ICE 16",2609221139,4,0
"Köln Hbf",3450663025951470366-2609220602-10,"ICE 1521",2609221145,19,0
"Düsseldorf Hbf",6862846665566225825-2609220834-13,"IC 2009",2609221146,0,1
"Köln Hbf",-8775310893499181309-2609221146-1,"IC 2202",2609221146,0,0
"Köln Hbf",-4602427783665327588-2609220726-12,"ICE 517",2609221146,28,0
"Düsseldorf Hbf",-3935110464616838577-2609221150-1,"ICE 849",2609221150,1,0
"Köln Hbf",3704713885565394549-2609221024-5,"ICE 29",2609221150,21,0
"Köln Hbf",-8386336934533711188-2609220728-9,"ICE 1020",2609221205,29,0
"Köln Hbf",-7184453857839759572-2609220728-8,"ICE 612",2609221205,14,0
"Düsseldorf Hbf",-8775310893499181309-2609221146-2,"IC 2202",2609221208,3,0
"Düsseldorf Hbf",789381465621699355-2609220747-10,"ICE 944",2609221208,92,0
"Köln Hbf",4555217987378332456-2609220713-11,"ICE 1548",2609221209,112,1
"Köln Hbf",6862846665566225825-2609220834-14,"IC 2009",2609221214,0,1
"Köln Hbf",-6382331557337532208-2609221025-5,"ICE 15",2609221215,17,0
"Düsseldorf Hbf",-7766800689315712550-2609221219-1,"ICE 627",2609221219,9,0
"Düsseldorf Hbf",-5703640496454004355-2609220825-11,"ICE 107",2609221222,1,0
"Köln Hbf",5065395714490050726-2609220747-9,"ICE 954",2609221222,78,0
"Köln Hbf",-8376398398323607088-2609221229-1,"ICE 1517",2609221229,0,0
"Düsseldorf Hbf",-8386336934533711188-2609220728-10,"ICE 1020",2609221230,38,0
"Düsseldorf Hbf",5394868531176279031-2609220742-9,"ICE 726",2609221240,5,0
"Köln Hbf",-4712053304823003938-2609221134-4,"ICE 126",2609221243,10,0
"Köln Hbf",5886092952094503689-2609221244-1,"ICE 559",2609221244,2,0
"Düsseldorf Hbf",1869793107893408377-2609221031-7,"ICE 123",2609221245,36,0
"Köln Hbf",666711005360005078-2609220522-21,"IC 2044",2609221245,23,0
"Köln Hbf",607281138257369836-2609221245-1,"ICE 1032",2609221245,1,0
"Düsseldorf Hbf",-5225265888807154878-2609221248-1,"ICE 549",2609221248,8,0
"Köln Hbf",-5703640496454004355-2609220825-12,"ICE 107",2609221250,0,0
"Düsseldorf Hbf",-1202781486977583710-2609220819-8,"ICE 1010",2609221253,4,0
"Düsseldorf Hbf",-5763151150910106247-2609221155-5,"ICE 919",2609221302,3,0
"Köln Hbf",5555371111259384160-2609220759-9,"ICE 200",2609221305,17,0
"Düsseldorf Hbf",607281138257369836-2609221245-2,"ICE 1032",2609221306,7,0
"Köln Hbf",-1660175693055885317-2609220936-8,"IC 2047",2609221306,119,0
"Düsseldorf Hbf",-4712053304823003938-2609221134-5,"ICE 126",2609221310,17,0
"Düsseldorf Hbf",-3811000113167125819-2609220847-11,"ICE 642",2609221311,95,0
"Köln Hbf",1869793107893408377-2609221031-8,"ICE 123",2609221314,35,0
"Köln Hbf",7029715491133337413-2609220852-8,"ICE 652",2609221315,93,0
"Düsseldorf Hbf",2307301279586290347-2609221321-1,"ICE 629",2609221321,0,0
"Düsseldorf Hbf",6492627968416470339-2609221221-6,"ICE 229",2609221324,13,0
"Köln Hbf",-2157107938954049243-2609221101-6,"ICE 311",2609221324,13,0
"Düsseldorf Hbf",5555371111259384160-2609220759-10,"ICE 200",2609221332,23,0
"Köln Hbf",-7017661080292591369-2609221211-6,"ICE 1518",2609221333,4,0
"Köln Hbf",201535978532296242-2609221334-1,"ICE 1549",2609221334,3,0
"Düsseldorf Hbf",-4676367904559688889-2609220845-8,"ICE 724",2609221337,0,0
"Köln Hbf",-4020550040361167307-2609221338-1,"ICE 951",2609221338,15,0
"Köln Hbf",4216288988927907099-2609221234-3,"ICE 314",2609221339,6,0
"Düsseldorf Hbf",5900362052756938804-2609220951-16,"IC 2201",2609221346,13,0
"Köln Hbf",-3185038341433261764-2609221346-1,"IC 2200",2609221346,0,0
"Köln Hbf",-8471873024121272354-2609220926-12,"ICE 519",2609221346,20,0
"Düsseldorf Hbf",-1360629902197387952-2609221350-1,"ICE 941",2609221350,7,0
"Köln Hbf",6492627968416470339-2609221221-7,"ICE 229",2609221352,11,0
"Köln Hbf",9011011619156863439-2609220928-8,"ICE 610",2609221405,5,0
"Köln Hbf",338204297594764006-2609220827-10,"ICE 926",2609221406,8,0
"Düsseldorf Hbf",-3185038341433261764-2609221346-2,"IC 2200",2609221408,7,0
"Düsseldorf Hbf",7024771559125615258-2609220947-10,"ICE 942",2609221408,48,0
"Köln Hbf",5900362052756938804-2609220951-17,"IC 2201",2609221414,12,0
"Köln Hbf",4815612638303090443-2609221225-5,"ICE 315",2609221415,6,0
"Düsseldorf Hbf",-758807154932475400-2609221419-1,"ICE 721",2609221419,0,0
"Düsseldorf Hbf",6610086332469437335-2609221026-11,"ICE 109",2609221422,17,0
"Köln Hbf",2625224039751841654-2609220947-9,"ICE 952",2609221422,36,0
"Köln Hbf",4846835449118805747-2609221429-1,"ICE 1519",2609221429,0,0
"Düsseldorf Hbf",338204297594764006-2609220827-11,"ICE 926",2609221432,9,0
"Düsseldorf Hbf",-7906017824379584014-2609220946-9,"ICE 722",2609221436,0,0
"Köln Hbf",-8784598530479710827-2609221438-1,"ICE 310",2609221438,0,0
"Köln Hbf",-5676785138972199399-2609221334-4,"ICE 124",2609221443,0,0
"Köln Hbf",-6270903731699972278-2609221444-1,"ICE 651",2609221444,10,0
"Düsseldorf Hbf",-9018982874238179365-2609221238-7,"ICE 125",2609221445,29,0
"Köln Hbf",-5299413353021537464-2609220722-21,"IC 2046",2609221445,35,0
"Düsseldorf Hbf",7188954872564278301-2609221448-1,"ICE 641",2609221448,25,0
"Düsseldorf Hbf",-553863566957669250-2609220730-17,"ICE 1033",2609221450,18,0
"Köln Hbf",6610086332469437335-2609221026-12,"ICE 109",2609221450,14,0
"Düsseldorf Hbf",7844358081895785158-2609221019-8,"ICE 918",2609221453,17,0
"Düsseldorf Hbf",8564432605510706771-2609221353-4,"ICE 1011",2609221501,39,0
"Köln Hbf",7702481692019596064-2609220838-12,"ICE 108",2609221505,1,0
"Köln Hbf",7334323916340841763-2609221136-8,"IC 2045",2609221506,23,0
"Düsseldorf Hbf",-5676785138972199399-2609221334-5,"ICE 124",2609221510,6,0
"Düsseldorf Hbf",8642793912640631890-2609221047-11,"ICE 640",2609221511,40,0
"Köln Hbf",-9018982874238179365-2609221238-8,"ICE 125",2609221513,19,1
"Köln Hbf",-553863566957669250-2609220730-18,"ICE 1033",2609221515,16,0
"Köln Hbf",-7022498938457192021-2609221052-8,"ICE 650",2609221515,25,0
"Düsseldorf Hbf",5311537321398817844-2609221520-1,"ICE 723",2609221520,5,0
"Düsseldorf Hbf",-1497213994658544450-2609221154-6,"ICE 927",2609221522,19,0
"Düsseldorf Hbf",7702481692019596064-2609220838-13,"ICE 108",2609221532,4,0
"Köln Hbf",4945186918802353023-2609221411-6,"ICE 1516",2609221533,40,0
"Düsseldorf Hbf",6519626148103819066-2609221045-9,"ICE 720",2609221536,7,0
"Köln Hbf",-107298036587741504-2609221538-1,"ICE 953",2609221538,3,0
"Köln Hbf",2218943744552257469-2609221434-3,"ICE 14",2609221539,20,0
"Düsseldorf Hbf",-257816953041096365-2609221136-16,"IC 2203",2609221546,15,0
"Köln Hbf",8187582116097718743-2609221546-1,"IC 2008",2609221546,0,0
"Köln Hbf",5653087570567167872-2609221126-12,"ICE 611",2609221546,24,0
"Köln Hbf",-1497213994658544450-2609221154-7,"ICE 927",2609221548,17,0
"Düsseldorf Hbf",6378881227509878523-2609221550-1,"ICE 943",2609221550,0,0
"Köln Hbf",-6452407069337976676-2609221128-8,"ICE 518",2609221605,20,0
"Köln Hbf",7010757467826963006-2609221132-9,"ICE 228",2609221606,0,0
"Köln Hbf",-8732834586368903752-2609221607-1,"ICE 1520",2609221607,0,0
"Düsseldorf Hbf",8187582116097718743-2609221546-2,"IC 2008",2609221608,10,0
"Düsseldorf Hbf",-3330605035074967330-2609221147-10,"ICE 940",2609221608,60,0
"Köln Hbf",-257816953041096365-2609221136-17,"IC 2203",2609221614,14,0
"Köln Hbf",-482221124538025922-2609221425-5,"ICE 17",2609221615,32,0
"Düsseldorf Hbf",6556040714554725251-2609221619-1,"ICE 725",2609221619,0,0
"Köln Hbf",375201943151232777-2609221147-9,"ICE 950",2609221621,22,0
"Düsseldorf Hbf",-762086226758254325-2609221226-11,"ICE 201",2609221622,18,0
"Köln Hbf",-6579606754577220741-2609221501-5,"ICE 1716",2609221625,34,1
"Düsseldorf Hbf",-8732834586368903752-2609221607-2,"ICE 1520",2609221627,1,0
"Köln Hbf",5058768902280124693-2609221629-1,"ICE 1611",2609221629,6,0
"Düsseldorf Hbf",7010757467826963006-2609221132-10,"ICE 228",2609221632,3,0
"Düsseldorf Hbf",8429649765325465614-2609221145-9,"ICE 628",2609221640,11,0
"Köln Hbf",4524910290568704513-2609221534-4,"ICE 122",2609221643,21,0
"Köln Hbf",-157208555968192668-2609221644-1,"ICE 653",2609221644,0,0
"Düsseldorf Hbf",5612128767266048221-2609221438-7,"ICE 127",2609221645,5,1
"Köln Hbf",-5036776284380011862-2609220922-21,"IC 2048",2609221645,25,1
"Düsseldorf Hbf",-5511541014003594580-2609221648-1,"ICE 643",2609221648,3,0
"Düsseldorf Hbf",6330890959881575446-2609220922-14,"ICE 2311",2609221650,0,1
"Köln Hbf",-762086226758254325-2609221226-12,"ICE 201",2609221650,14,0
"Düsseldorf Hbf",-1838827148333657754-2609221220-8,"ICE 916",2609221653,8,0
"Düsseldorf Hbf",2333246513660073790-2609221553-5,"ICE 1013",2609221703,5,0
"Köln Hbf",-8705107722613527627-2609221059-15,"ICE 106",2609221705,7,0
"Köln Hbf",-7566186731885125077-2609221305-8,"ICE 2012",2609221706,8,0
"Düsseldorf Hbf",4524910290568704513-2609221534-5,"ICE 122",2609221710,24,0
"Köln Hbf",-893148775004719136-2609221711-1,"IC 2043",2609221711,0,1
"Düsseldorf Hbf",-8713208741749436113-2609221247-11,"ICE 548",2609221712,21,0
"Köln Hbf",5612128767266048221-2609221438-8,"ICE 127",2609221713,90,1
"Köln Hbf",-2894975550766125611-2609221252-8,"ICE 558",2609221715,21,0
"Köln Hbf",6330890959881575446-2609220922-15,"ICE 2311",2609221719,0,1
"Düsseldorf Hbf",6757774550243091278-2609221720-1,"ICE 727",2609221720,0,0
"Düsseldorf Hbf",-2924322226173910183-2609221703-3,"ICE 929",2609221724,1,0
"Köln Hbf",-1057492321374091038-2609221731-1,"ICE 713",2609221731,13,0
"Düsseldorf Hbf",-8705107722613527627-2609221059-16,"ICE 106",2609221732,13,0
"Köln Hbf",-8631361224774257822-2609221611-6,"ICE 1514",2609221733,0,0
"Düsseldorf Hbf",5042424630356113204-2609221245-8,"ICE 626",2609221738,1,0
"Köln Hbf",-4550645364654346112-2609221738-1,"ICE 955",2609221738,4,0
"Köln Hbf",3763871362376381297-2609221634-3,"ICE 12",2609221740,4,0
"Düsseldorf Hbf",-7566186731885125077-2609221305-9,"ICE 2012",2609221742,12,0
"Düsseldorf Hbf",-2882197430592295029-2609221351-16,"IC 2205",2609221746,15,0
"Köln Hbf",-3282400354544978678-2609221746-1,"IC 2006",2609221746,1,0
"Köln Hbf",-2910589038648014094-2609221326-12,"ICE 613",2609221746,11,0
"Düsseldorf Hbf",-8275737537227179086-2609221750-1,"ICE 945",2609221750,1,0
"Köln Hbf",-2924322226173910183-2609221703-4,"ICE 929",2609221750,2,0
"Köln Hbf",6954924236955692259-2609221328-8,"ICE 516",2609221805,4,0
"Köln Hbf",944231164744023574-2609221332-9,"ICE 28",2609221806,4,0
"Düsseldorf Hbf",-3282400354544978678-2609221746-2,"IC 2006",2609221808,5,0
"Düsseldorf Hbf",3702662415087684826-2609221347-10,"ICE 848",2609221808,23,0
"Köln Hbf",6423634419829337550-2609221434-11,"ICE 710",2609221808,2,0
"Köln Hbf",-2882197430592295029-2609221351-17,"IC 2205",2609221814,14,0
"Köln Hbf",4992819178731237054-2609221622-5,"ICE 317",2609221815,26,0
"Düsseldorf Hbf",-3019965818182152821-2609221821-1,"ICE 729",2609221821,0,0
"Düsseldorf Hbf",-7956047615718350819-2609221426-11,"ICE 203",2609221822,2,0
"Köln Hbf",-1900115166859559092-2609221347-9,"ICE 858",2609221822,15,0
"Düsseldorf Hbf",1459720362045900384-2609221235-10,"ICE 216",2609221824,0,1
"Köln Hbf",-7955422278217659578-2609221703-5,"ICE 1714",2609221825,0,0
"Köln Hbf",1407594009417555306-2609221829-1,"ICE 1613",2609221829,0,0
"Düsseldorf Hbf",944231164744023574-2609221332-10,"ICE 28",2609221832,3,0
"Düsseldorf Hbf",-4521437519262178170-2609221345-9,"ICE 624",2609221836,8,0
"Köln Hbf",-6750794421454638985-2609221420-8,"ICE 224",2609221843,0,1
"Köln Hbf",9016403526930832374-2609221844-1,"ICE 655",2609221844,2,0
"Düsseldorf Hbf",-2599950570116389517-2609221638-7,"ICE 129",2609221845,6,0
"Köln Hbf",-4140470391187734614-2609221122-21,"IC 2440",2609221845,21,0
"Düsseldorf Hbf",4447890004106418758-2609221848-1,"ICE 645",2609221848,5,0
"Düsseldorf Hbf",7867558493628354270-2609221115-18,"ICE 1037",2609221850,18,0
"Köln Hbf",-7956047615718350819-2609221426-12,"ICE 203",2609221850,0,0
"Düsseldorf Hbf",-6727683722954373951-2609221754-5,"ICE 1015",2609221901,0,0
"Köln Hbf",-4758242349678413284-2609221238-12,"ICE 104",2609221905,7,0
"Köln Hbf",2508597620716488611-2609221536-8,"IC 2041",2609221906,3,0
"Düsseldorf Hbf",3141971505559871903-2609221447-10,"ICE 546",2609221908,10,0
"Düsseldorf Hbf",-6750794421454638985-2609221420-9,"ICE 224",2609221910,39,0
"Köln Hbf",-2599950570116389517-2609221638-8,"ICE 129",2609221913,2,0
"Köln Hbf",8430642524571604487-2609221452-8,"ICE 556",2609221915,69,0
"Köln Hbf",7867558493628354270-2609221115-19,"ICE 1037",2609221916,20,0
"Düsseldorf Hbf",-3738461847412237185-2609221918-1,"ICE 821",2609221918,0,0
"Düsseldorf Hbf",2312296716933966404-2609221554-4,"ICE 1021",2609221921,58,0
"Düsseldorf Hbf",-4055232889596422409-2609220803-28,"ICE 118",2609221924,0,0
"Düsseldorf Hbf",-4758242349678413284-2609221238-13,"ICE 104",2609221932,12,0
"Köln Hbf",-4997552987396627422-2609221811-6,"ICE 1512",2609221933,0,0
"Düsseldorf Hbf",-2142784246140329213-2609221445-8,"ICE 622",2609221936,0,0
"Köln Hbf",3141971505559871903-2609221447-11,"ICE 546",2609221936,11,0
"Köln Hbf",-8942408890709913676-2609221833-3,"ICE 10",2609221940,6,0
"Düsseldorf Hbf",1492120664389609114-2609221604-14,"IC 2207",2609221946,18,0
"Köln Hbf",-5425302918995479956-2609221526-12,"ICE 615",2609221946,29,0
"Köln Hbf",2312296716933966404-2609221554-5,"ICE 1021",2609221947,56,0
"Düsseldorf Hbf",3778695356863398992-2609221950-1,"ICE 947",2609221950,4,0
"Köln Hbf",-5040855886902453859-2609221528-8,"ICE 514",2609222005,11,0
"Köln Hbf",-8926157399752465663-2609221532-9,"ICE 26",2609222006,2,0
"Düsseldorf Hbf",798259414142998527-2609222009-1,"ICE 823",2609222009,4,0
"Düsseldorf Hbf",-9003107645534276753-2609221547-9,"ICE 846",2609222013,53,0
"Köln Hbf",1492120664389609114-2609221604-15,"IC 2207",2609222014,17,0
"Köln Hbf",4341219805487381340-2609221825-5,"ICE 19",2609222015,15,0
"Düsseldorf Hbf",-6235789055676348186-2609221626-11,"ICE 205",2609222022,31,0
"Köln Hbf",-819597198211929243-2609221547-9,"ICE 856",2609222022,26,0
"Düsseldorf Hbf",-8926157399752465663-2609221532-10,"ICE 26",2609222032,2,0
"Düsseldorf Hbf",-1188267942167451229-2609221545-9,"ICE 620",2609222037,21,0
"Köln Hbf",2576231255055476975-2609221934-4,"ICE 120",2609222043,12,0
"Düsseldorf Hbf",-7056878515633598205-2609221838-7,"ICE 221",2609222045,3,0
"Köln Hbf",-7949491460536242261-2609221322-21,"IC 2442",2609222045,79,0
"Köln Hbf",5646922477923288654-2609222045-1,"ICE 657",2609222045,10,0
"Köln Hbf",-6235789055676348186-2609221626-12,"ICE 205",2609222050,28,0
"Düsseldorf Hbf",-977669644680017628-2609221620-8,"ICE 912",2609222053,12,0
"Köln Hbf",-7971996062035411059-2609221438-12,"ICE 102",2609222105,2,0
"Köln Hbf",1913356045703776437-2609221736-8,"IC 2349",2609222106,36,0
"Düsseldorf Hbf",2576231255055476975-2609221934-5,"ICE 120",2609222110,28,0
"Düsseldorf Hbf",-5885856201096992744-2609221647-10,"ICE 544",2609222112,21,0
"Köln Hbf",-7056878515633598205-2609221838-8,"ICE 221",2609222113,10,0
"Köln Hbf",6625519329407624873-2609221652-8,"ICE 554",2609222114,28,0
"Köln Hbf",8388183103841403836-2609221516-14,"ICE 1544",2609222119,-3,0
"Düsseldorf Hbf",6194893901306646476-2609221726-11,"ICE 617",2609222121,66,0
"Köln Hbf",5268242451257549226-2609221901-6,"ICE 313",2609222124,1,0
"Düsseldorf Hbf",50770787591072936-2609221644-9,"ICE 528",2609222137,2,0
"Köln Hbf",1555483896112278137-2609222014-6,"ICE 318",2609222139,10,0
"Köln Hbf",-5885856201096992744-2609221647-11,"ICE 544",2609222140,24,0
"Köln Hbf",6194893901306646476-2609221726-12,"ICE 617",2609222148,65,0
"Köln Hbf",7537395545451740415-2609221728-8,"ICE 512",2609222205,6,0
"Köln Hbf",1123272061820542344-2609221732-9,"ICE 24",2609222206,12,0
"Düsseldorf Hbf",-4080761801504144103-2609221747-10,"ICE 844",2609222208,37,0
"Köln Hbf",-8088851598754426904-2609222025-5,"ICE 319",2609222215,15,0
"Köln Hbf",4711383125555203513-2609221747-9,"ICE 854",2609222222,13,0
"Köln Hbf",6195485783263057734-2609221819-7,"ICE 910",2609222230,0,0
"Düsseldorf Hbf",1123272061820542344-2609221732-10,"ICE 24",2609222232,13,0
"Köln Hbf",-4080761801504144103-2609221747-11,"ICE 844",2609222234,34,0
"Düsseldorf Hbf",6810614476303646777-2609221826-8,"ICE 207",2609222235,12,0
"Düsseldorf Hbf",3736117015423388331-2609221746-9,"ICE 526",2609222236,19,0
"Köln Hbf",4804116960335233530-2609221522-21,"IC 2444",2609222245,0,1
"Köln Hbf",6810614476303646777-2609221826-9,"ICE 207",2609222303,7,0
"Köln Hbf",8570739711458019321-2609221936-8,"IC 2347",2609222306,3,1
"Köln Hbf",4005400229928334385-2609221659-16,"ICE 100",2609222310,3,0
"Köln Hbf",2579078581490934825-2609221852-7,"ICE 552",2609222310,11,0
"Düsseldorf Hbf",4005400229928334385-2609221659-17,"ICE 100",2609222337,8,0
"Köln Hbf",-6524998557445987060-2609221844-11,"ICE 524",2609222339,0,0
"Düsseldorf Hbf",-1854738006003716349-2609221847-8,"ICE 542",2609222347,27,0
"Köln Hbf",5926473462606976417-2609221926-9,"ICE 619",2609222358,17,0
"Köln Hbf",3337083331722830688-2609221932-9,"ICE 22",2609230006,2,0
"Köln Hbf",8322424274180843926-2609221928-9,"ICE 510",2609230010,47,0
"Köln Hbf",-1854738006003716349-2609221847-9,"ICE 542",2609230015,57,0
"Köln Hbf",-4383803236760390820-2609221945-12,"ICE 522",2609230031,1,0
"Düsseldorf Hbf",-4463983841688751065-2609222026-9,"ICE 209",2609230032,18,0
"Düsseldorf Hbf",3337083331722830688-2609221932-10,"ICE 22",2609230035,8,0
"Köln Hbf",-4463983841688751065-2609222026-10,"ICE 209",2609230058,17,0
"Köln Hbf",-4737482986446738332-2609221947-6,"ICE 842",2609230121,37,0
"Köln Hbf",8503777394879306018-2609222322-9,"ICE 920",2609230205,19,0
"Düsseldorf Hbf",8503777394879306018-2609222322-10,"ICE 920",2609230231,20,0
"Düsseldorf Hbf",2774174590951633862-2609222225-9,"ICE 921",2609230249,9,0
"Köln Hbf",2774174590951633862-2609222225-10,"ICE 921",2609230315,3,0
"Köln Hbf",7130605216857004791-2609230321-1,"ICE 827",2609230321,0,0
"Köln Hbf",-1822966271854478829-2609230400-1,"ICE 1028",2609230400,0,0
"Düsseldorf Hbf",-1822966271854478829-2609230400-3,"ICE 1028",2609230425,2,0
"Köln Hbf",8652078400714170233-2609230425-1,"ICE 541",2609230425,1,0
"Köln Hbf",-7455087584675999219-2609230428-1,"ICE 521",2609230428,0,0
"Düsseldorf Hbf",8652078400714170233-2609230425-2,"ICE 541",2609230447,6,0
"Düsseldorf Hbf",8096481286659396615-2609230457-1,"ICE 523",2609230457,0,0
"Köln Hbf",-1981361635087318141-2609230511-1,"IC 2445",2609230511,0,1
"Köln Hbf",1179810196779242077-2609230511-1,"ICE 208",2609230511,0,0
"Düsseldorf Hbf",8079107560322924961-2609230523-1,"ICE 23",2609230523,0,0
"Köln Hbf",-397321280238564306-2609230525-1,"ICE 911",2609230525,0,0
"Köln Hbf",-5962154382149198734-2609230526-1,"ICE 843",2609230526,30,0
"Düsseldorf Hbf",1179810196779242077-2609230511-2,"ICE 208",2609230532,2,0
"Köln Hbf",-486178897212069438-2609230538-1,"ICE 853",2609230538,0,0
"Köln Hbf",4753870957390372842-2609222159-14,"IC 60402",2609230544,9,0
"Köln Hbf",4230433869735770140-2609230548-1,"ICE 511",2609230548,1,0
"Düsseldorf Hbf",-5962154382149198734-2609230526-2,"ICE 843",2609230549,30,0
"Köln Hbf",8079107560322924961-2609230523-2,"ICE 23",2609230549,4,0
"Köln Hbf",2178700040520449500-2609230601-1,"ICE 711",2609230601,2,0
"Köln Hbf",2686007473625185344-2609230001-12,"ICE 618",2609230604,10,0
"Köln Hbf",-7723883505152961116-2609230611-1,"ICE 312",2609230611,0,0
"Düsseldorf Hbf",4753870957390372842-2609222159-15,"IC 60402",2609230615,13,0
"Düsseldorf Hbf",-7586352224211082006-2609230514-4,"ICE 525",2609230618,1,0
"Düsseldorf Hbf",8735574551800398555-2609230524-5,"ICE 101",2609230622,4,0
"Köln Hbf",-4310203737838801908-2609230625-1,"ICE 543",2609230625,0,0
"Köln Hbf",1878809338003406023-2609230627-1,"ICE 1511",2609230627,13,0
"Düsseldorf Hbf",2686007473625185344-2609230001-13,"ICE 618",2609230632,9,0
"Köln Hbf",6856208171401458843-2609230534-4,"ICE 222",2609230643,4,0
"Köln Hbf",-7151271002257875909-2609230502-6,"IC 2348",2609230645,6,0
"Köln Hbf",-8806275556870827116-2609230645-1,"ICE 553",2609230645,0,0
"Düsseldorf Hbf",-4310203737838801908-2609230625-2,"ICE 543",2609230647,2,0
"Köln Hbf",8735574551800398555-2609230524-6,"ICE 101",2609230650,4,0
"Düsseldorf Hbf",-6165068286223376269-2609230554-5,"ICE 913",2609230702,4,0
"Köln Hbf",-2103315967753215489-2609230609-3,"IC 2443",2609230706,10,0
"Düsseldorf Hbf",6856208171401458843-2609230534-5,"ICE 222",2609230710,10,0
"Köln Hbf",6135728412348303878-2609230711-1,"ICE 206",2609230711,0,0
"Düsseldorf Hbf",-853844594697067860-2609230615-4,"ICE 527",2609230718,10,0
"Düsseldorf Hbf",542680258128049209-2609230621-6,"ICE 25",2609230724,0,1
"Köln Hbf",5312563495212518167-2609230726-1,"ICE 845",2609230726,0,0
"Düsseldorf Hbf",6135728412348303878-2609230711-2,"ICE 206",2609230732,4,0
"Köln Hbf",-7772981549573087469-2609230733-1,"ICE 1713",2609230733,0,0
"Düsseldorf Hbf",8378187760869811763-2609230541-8,"ICE 826",2609230737,1,0
"Köln Hbf",7280780786399683236-2609230738-1,"ICE 855",2609230738,0,0
"Köln Hbf",4021377973164879687-2609230634-3,"ICE 18",2609230740,0,0
"Köln Hbf",2082653246441066227-2609230740-1,"ICE 2310",2609230740,6,0
"Köln Hbf",-1316725331766652964-2609230603-6,"ICE 513",2609230745,19,0
"Köln Hbf",-8638855930583862299-2609230746-1,"IC 2206",2609230746,2,0
"Düsseldorf Hbf",5312563495212518167-2609230726-2,"ICE 845",2609230749,4,0
"Köln Hbf",542680258128049209-2609230621-7,"ICE 25",2609230750,0,1
"Köln Hbf",-3118459641712443593-2609230600-7,"ICE 712",2609230757,5,0
"Köln Hbf",937531600424895578-2609230549-4,"ICE 616",2609230805,8,0
"Düsseldorf Hbf",2082653246441066227-2609230740-2,"ICE 2310",2609230807,7,0
"Düsseldorf Hbf",-8638855930583862299-2609230746-2,"IC 2206",2609230810,8,0
"Köln Hbf",-683349446891373235-2609230623-5,"ICE 11",2609230816,11,0
"Düsseldorf Hbf",7320863906691937525-2609230719-4,"ICE 529",2609230818,31,0
"Düsseldorf Hbf",8518232099080018263-2609230426-11,"ICE 103",2609230822,32,0
"Köln Hbf",-1489252697791169587-2609230825-1,"ICE 545",2609230825,0,0
"Köln Hbf",-2307934263002248776-2609230829-1,"ICE 1513",2609230829,15,0
"Düsseldorf Hbf",8056505330798593907-2609230706-6,"ICE 119",2609230831,30,0
"Düsseldorf Hbf",1795377954048554987-2609230708-5,"ICE 824",2609230840,1,0
"Köln Hbf",-3687533052908579649-2609230734-4,"ICE 220",2609230843,6,0
"Köln Hbf",-5067205027928923412-2609230844-1,"ICE 555",2609230844,10,0
"Düsseldorf Hbf",1800994547680145354-2609230638-7,"ICE 121",2609230845,13,0
"Köln Hbf",-3987770513815330460-2609230539-12,"IC 2040",2609230845,23,0
"Köln Hbf",6675332026866779665-2609230845-1,"ICE 1036",2609230845,1,0
"Düsseldorf Hbf",-1489252697791169587-2609230825-2,"ICE 545",2609230847,4,0
"Köln Hbf",8518232099080018263-2609230426-12,"ICE 103",2609230850,29,0
"Düsseldorf Hbf",-5947456125297650390-2609230420-8,"ICE 1014",2609230853,0,0
"Düsseldorf Hbf",400157404087783375-2609230753-5,"ICE 915",2609230902,21,0
"Köln Hbf",-3316077366275075692-2609230516-8,"ICE 204",2609230905,7,0
"Düsseldorf Hbf",6675332026866779665-2609230845-2,"ICE 1036",2609230906,4,0
"Köln Hbf",4558275999006255649-2609230643-7,"IC 2441",2609230906,0,1
"Düsseldorf Hbf",-3687533052908579649-2609230734-5,"ICE 220",2609230910,13,0
"Düsseldorf Hbf",6972548221701888574-2609230418-15,"ICE 646",2609230912,40,0
"Köln Hbf",1800994547680145354-2609230638-8,"ICE 121",2609230913,15,0
"Köln Hbf",5146840242049916044-2609230640-5,"ICE 656",2609230915,33,0
"Düsseldorf Hbf",-2521696256132503788-2609230920-1,"ICE 621",2609230920,1,0
"Düsseldorf Hbf",-1790024725878292801-2609230820-6,"ICE 27",2609230924,14,0
"Köln Hbf",-8906112445839706377-2609230926-1,"ICE 847",2609230926,30,0
"Düsseldorf Hbf",-6888861751751692665-2609230817-6,"ICE 217",2609230928,5,0
"Düsseldorf Hbf",-3316077366275075692-2609230516-9,"ICE 204",2609230932,13,0
"Köln Hbf",8918082092638159592-2609230812-6,"ICE 1612",2609230932,8,0
"Düsseldorf Hbf",-6223962037244896084-2609230441-10,"ICE 822",2609230936,4,0
"Köln Hbf",7127812590731908748-2609230938-1,"ICE 857",2609230938,0,0
"Köln Hbf",-5717720788505540143-2609230833-3,"ICE 316",2609230939,11,0
"Düsseldorf Hbf",-6760724929342255350-2609230634-13,"IC 2007",2609230946,15,0
"Köln Hbf",-3482704518387342076-2609230946-1,"IC 2204",2609230946,0,0
"Köln Hbf",6512354943507599026-2609230526-12,"ICE 515",2609230946,12,0
"Düsseldorf Hbf",-8906112445839706377-2609230926-2,"ICE 847",2609230949,31,0
"Köln Hbf",-1790024725878292801-2609230820-7,"ICE 27",2609230952,13,0
"Köln Hbf",67517114520381301-2609230533-8,"ICE 614",2609231005,65,0
"Köln Hbf",4250821308365947570-2609230528-10,"ICE 1022",2609231006,10,0
"Düsseldorf Hbf",-3482704518387342076-2609230946-2,"IC 2204",2609231008,5,0
"Düsseldorf Hbf",-4782954664003624221-2609230526-12,"ICE 946",2609231008,30,0
"Köln Hbf",-6760724929342255350-2609230634-14,"IC 2007",2609231014,15,0
"Köln Hbf",7296668088221534520-2609230825-5,"ICE 13",2609231016,13,0
"Düsseldorf Hbf",7692347899239356115-2609231019-1,"ICE 623",2609231019,0,0
"Düsseldorf Hbf",-3500545049874534285-2609230626-11,"ICE 105",2609231022,2,0
"Köln Hbf",-6590078199824287896-2609230526-11,"ICE 956",2609231022,20,0
"Köln Hbf",309221757920376132-2609231029-1,"ICE 1515",2609231029,0,1
"Düsseldorf Hbf",4250821308365947570-2609230528-11,"ICE 1022",2609231035,11,0
"Düsseldorf Hbf",5509309536167095600-2609230544-10,"ICE 820",2609231040,48,0
"Köln Hbf",-8155331480429548080-2609230934-4,"ICE 128",2609231043,61,0
"Köln Hbf",-8614664585551473503-2609231044-1,"ICE 557",2609231044,8,0
"Düsseldorf Hbf",467631948029280047-2609230831-7,"ICE 225",2609231045,31,0
"Köln Hbf",5248730939501738569-2609230602-15,"IC 2042",2609231045,0,1
"Düsseldorf Hbf",211585818996437737-2609231048-1,"ICE 547",2609231048,5,0
"Köln Hbf",-3500545049874534285-2609230626-12,"ICE 105",2609231050,1,0
"Düsseldorf Hbf",-6324333303227400345-2609230620-8,"ICE 1012",2609231053,37,0
"Köln Hbf",8125274319994745100-2609231053-1,"ICE 2013",2609231053,15,0
"Köln Hbf",-508151058757607646-2609230716-9,"ICE 202",2609231105,14,0
"Köln Hbf",2031840069123671352-2609230736-8,"IC 2049",2609231106,33,0
"Düsseldorf Hbf",2417110662322496020-2609230647-10,"ICE 644",2609231109,33,0
"Düsseldorf Hbf",-8155331480429548080-2609230934-5,"ICE 128",2609231110,72,0
"Köln Hbf",467631948029280047-2609230831-8,"ICE 225",2609231114,104,1
"Köln Hbf",-2664747470423541798-2609230652-8,"ICE 654",2609231114,7,0
"Düsseldorf Hbf",-1863724056778564852-2609231117-1,"ICE 625",2609231117,0,0
"Düsseldorf Hbf",3450663025951470366-2609230602-9,"ICE 1521",2609231119,33,0
"Düsseldorf Hbf",3704713885565394549-2609231024-4,"ICE 29",2609231124,2,0
"Düsseldorf Hbf",-508151058757607646-2609230716-10,"ICE 202",2609231132,20,0
"Köln Hbf",98157840525274029-2609231011-6,"ICE 1610",2609231133,0,1
"Düsseldorf Hbf",-7827307397706401371-2609230644-8,"ICE 728",2609231137,9,0
"Köln Hbf",-9221432942161771616-2609231138-1,"ICE 859",2609231138,0,0
"Köln Hbf",-3207602294555876168-2609231034-3,"ICE 16",2609231139,32,0
"Köln Hbf",3450663025951470366-2609230602-10,"ICE 1521",2609231145,32,0
"Düsseldorf Hbf",6862846665566225825-2609230834-13,"IC 2009",2609231146,14,0
"Köln Hbf",-8775310893499181309-2609231146-1,"IC 2202",2609231146,1,0
"Köln Hbf",-4602427783665327588-2609230726-12,"ICE 517",2609231146,23,0
"Düsseldorf Hbf",-3935110464616838577-2609231150-1,"ICE 849",2609231150,6,0
"Köln Hbf",3704713885565394549-2609231024-5,"ICE 29",2609231150,0,0
"Köln Hbf",-8386336934533711188-2609230728-9,"ICE 1020",2609231205,0,0
"Köln Hbf",-7184453857839759572-2609230728-8,"ICE 612",2609231205,86,1
"Düsseldorf Hbf",-8775310893499181309-2609231146-2,"IC 2202",2609231208,3,0
"Düsseldorf Hbf",789381465621699355-2609230747-10,"ICE 944",2609231208,39,0
"Köln Hbf",4555217987378332456-2609230713-11,"ICE 1548",2609231209,18,0
"Köln Hbf",6862846665566225825-2609230834-14,"IC 2009",2609231214,15,0
"Köln Hbf",-6382331557337532208-2609231025-5,"ICE 15",2609231215,18,0
"Düsseldorf Hbf",-7766800689315712550-2609231219-1,"ICE 627",2609231219,2,0
"Düsseldorf Hbf",-5703640496454004355-2609230825-11,"ICE 107",2609231222,16,0
"Köln Hbf",5065395714490050726-2609230747-9,"ICE 954",2609231222,28,0
"Köln Hbf",-8376398398323607088-2609231229-1,"ICE 1517",2609231229,3,0
"Düsseldorf Hbf",-8386336934533711188-2609230728-10,"ICE 1020",2609231230,5,0
"Düsseldorf Hbf",5394868531176279031-2609230742-9,"ICE 726",2609231240,46,0
"Köln Hbf",-4712053304823003938-2609231134-4,"ICE 126",2609231243,2,0
"Köln Hbf",5886092952094503689-2609231244-1,"ICE 559",2609231244,0,0
"Düsseldorf Hbf",1869793107893408377-2609231031-7,"ICE 123",2609231245,38,0
"Köln Hbf",666711005360005078-2609230522-21,"IC 2044",2609231245,16,0
"Köln Hbf",607281138257369836-2609231245-1,"ICE 1032",2609231245,20,0
"Düsseldorf Hbf",-5225265888807154878-2609231248-1,"ICE 549",2609231248,2,0
"Köln Hbf",-5703640496454004355-2609230825-12,"ICE 107",2609231250,12,0
"Düsseldorf Hbf",-1202781486977583710-2609230819-8,"ICE 1010",2609231253,94,0
"Düsseldorf Hbf",-5763151150910106247-2609231155-5,"ICE 919",2609231302,5,0
"Köln Hbf",5555371111259384160-2609230759-9,"ICE 200",2609231305,10,0
"Düsseldorf Hbf",607281138257369836-2609231245-2,"ICE 1032",2609231306,28,0
"Köln Hbf",-1660175693055885317-2609230936-8,"IC 2047",2609231306,17,0
"Düsseldorf Hbf",-4712053304823003938-2609231134-5,"ICE 126",2609231310,3,0
"Düsseldorf Hbf",-3811000113167125819-2609230847-11,"ICE 642",2609231311,29,0
"Köln Hbf",1869793107893408377-2609231031-8,"ICE 123",2609231314,46,0
"Köln Hbf",7029715491133337413-2609230852-8,"ICE 652",2609231315,17,0
"Düsseldorf Hbf",2307301279586290347-2609231321-1,"ICE 629",2609231321,1,0
"Düsseldorf Hbf",6492627968416470339-2609231221-6,"ICE 229",2609231324,4,0
"Köln Hbf",-2157107938954049243-2609231101-6,"ICE 311",2609231324,3,0
"Düsseldorf Hbf",5555371111259384160-2609230759-10,"ICE 200",2609231332,21,0
"Köln Hbf",-7017661080292591369-2609231211-6,"ICE 1518",2609231333,0,1
"Köln Hbf",201535978532296242-2609231334-1,"ICE 1549",2609231334,-2,0
"Düsseldorf Hbf",-4676367904559688889-2609230845-8,"ICE 724",2609231337,2,0
"Köln Hbf",-4020550040361167307-2609231338-1,"ICE 951",2609231338,0,0
"Köln Hbf",4216288988927907099-2609231234-3,"ICE 314",2609231339,7,1
"Düsseldorf Hbf",5900362052756938804-2609230951-16,"IC 2201",2609231346,20,0
"Köln Hbf",-3185038341433261764-2609231346-1,"IC 2200",2609231346,1,0
"Köln Hbf",-8471873024121272354-2609230926-12,"ICE 519",2609231346,23,0
"Düsseldorf Hbf",-1360629902197387952-2609231350-1,"ICE 941",2609231350,1,0
"Köln Hbf",6492627968416470339-2609231221-7,"ICE 229",2609231352,8,0
"Köln Hbf",9011011619156863439-2609230928-8,"ICE 610",2609231405,11,0
"Köln Hbf",338204297594764006-2609230827-10,"ICE 926",2609231406,19,0
"Düsseldorf Hbf",-3185038341433261764-2609231346-2,"IC 2200",2609231408,4,0
"Düsseldorf Hbf",7024771559125615258-2609230947-10,"ICE 942",2609231408,14,0
"Köln Hbf",5900362052756938804-2609230951-17,"IC 2201",2609231414,22,0
"Köln Hbf",4815612638303090443-2609231225-5,"ICE 315",2609231415,7,0
"Düsseldorf Hbf",-758807154932475400-2609231419-1,"ICE 721",2609231419,1,0
"Düsseldorf Hbf",6610086332469437335-2609231026-11,"ICE 109",2609231422,3,0
"Köln Hbf",2625224039751841654-2609230947-9,"ICE 952",2609231422,11,0
"Köln Hbf",4846835449118805747-2609231429-1,"ICE 1519",2609231429,2,0
"Düsseldorf Hbf",338204297594764006-2609230827-11,"ICE 926",2609231432,20,0
"Düsseldorf Hbf",-7906017824379584014-2609230946-9,"ICE 722",2609231436,4,0
"Köln Hbf",-8784598530479710827-2609231438-1,"ICE 310",2609231438,25,0
"Köln Hbf",-5676785138972199399-2609231334-4,"ICE 124",2609231443,9,0
"Köln Hbf",-6270903731699972278-2609231444-1,"ICE 651",2609231444,15,0
"Düsseldorf Hbf",-9018982874238179365-2609231238-7,"ICE 125",2609231445,35,0
"Köln Hbf",-5299413353021537464-2609230722-21,"IC 2046",2609231445,11,0
"Düsseldorf Hbf",7188954872564278301-2609231448-1,"ICE 641",2609231448,2,0
"Düsseldorf Hbf",-553863566957669250-2609230730-17,"ICE 1033",2609231450,13,0
"Köln Hbf",6610086332469437335-2609231026-12,"ICE 109",2609231450,3,0
"Düsseldorf Hbf",7844358081895785158-2609231019-8,"ICE 918",2609231453,1,0
"Düsseldorf Hbf",8564432605510706771-2609231353-4,"ICE 1011",2609231501,4,0
"Köln Hbf",7702481692019596064-2609230838-12,"ICE 108",2609231505,17,0
"Köln Hbf",7334323916340841763-2609231136-8,"IC 2045",2609231506,34,0
"Düsseldorf Hbf",-5676785138972199399-2609231334-5,"ICE 124",2609231510,13,0
"Düsseldorf Hbf",8642793912640631890-2609231047-11,"ICE 640",2609231511,33,0
"Köln Hbf",-9018982874238179365-2609231238-8,"ICE 125",2609231513,23,1
"Köln Hbf",-553863566957669250-2609230730-18,"ICE 1033",2609231515,15,0
"Köln Hbf",-7022498938457192021-2609231052-8,"ICE 650",2609231515,38,0
"Düsseldorf Hbf",5311537321398817844-2609231520-1,"ICE 723",2609231520,4,0
"Düsseldorf Hbf",-1497213994658544450-2609231154-6,"ICE 927",2609231522,8,0
"Düsseldorf Hbf",7702481692019596064-2609230838-13,"ICE 108",2609231532,21,0
"Köln Hbf",4945186918802353023-2609231411-6,"ICE 1516",2609231533,0,0
"Düsseldorf Hbf",6519626148103819066-2609231045-9,"ICE 720",2609231536,5,0
"Köln Hbf",-107298036587741504-2609231538-1,"ICE 953",2609231538,3,0
"Köln Hbf",2218943744552257469-2609231434-3,"ICE 14",2609231539,30,0
"Düsseldorf Hbf",-257816953041096365-2609231136-16,"IC 2203",2609231546,12,0
"Köln Hbf",8187582116097718743-2609231546-1,"IC 2008",2609231546,2,0
"Köln Hbf",5653087570567167872-2609231126-12,"ICE 611",2609231546,12,0
"Köln Hbf",-1497213994658544450-2609231154-7,"ICE 927",2609231548,11,0
"Düsseldorf Hbf",6378881227509878523-2609231550-1,"ICE 943",2609231550,1,0
"Köln Hbf",-6452407069337976676-2609231128-8,"ICE 518",2609231605,3,0
"Köln Hbf",7010757467826963006-2609231132-9,"ICE 228",2609231606,13,0
"Köln Hbf",-8732834586368903752-2609231607-1,"ICE 1520",2609231607,1,0
"Düsseldorf Hbf",8187582116097718743-2609231546-2,"IC 2008",2609231608,7,0
"Düsseldorf Hbf",-3330605035074967330-2609231147-10,"ICE 940",2609231608,37,0
"Köln Hbf",-257816953041096365-2609231136-17,"IC 2203",2609231614,12,0
"Köln Hbf",-482221124538025922-2609231425-5,"ICE 17",2609231615,5,0
"Düsseldorf Hbf",6556040714554725251-2609231619-1,"ICE 725",2609231619,0,0
"Köln Hbf",375201943151232777-2609231147-9,"ICE 950",2609231621,24,0
"Düsseldorf Hbf",-762086226758254325-2609231226-11,"ICE 201",2609231622,27,0
"Köln Hbf",-6579606754577220741-2609231501-5,"ICE 1716",2609231625,0,0
"Düsseldorf Hbf",-8732834586368903752-2609231607-2,"ICE 1520",2609231627,3,0
"Köln Hbf",5058768902280124693-2609231629-1,"ICE 1611",2609231629,1,0
"Düsseldorf Hbf",7010757467826963006-2609231132-10,"ICE 228",2609231632,20,0
"Düsseldorf Hbf",8429649765325465614-2609231145-9,"ICE 628",2609231640,14,0
"Köln Hbf",4524910290568704513-2609231534-4,"ICE 122",2609231643,12,0
"Köln Hbf",-157208555968192668-2609231644-1,"ICE 653",2609231644,2,0
"Düsseldorf Hbf",5612128767266048221-2609231438-7,"ICE 127",2609231645,31,0
"Köln Hbf",-5036776284380011862-2609230922-21,"IC 2048",2609231645,14,0
"Düsseldorf Hbf",-5511541014003594580-2609231648-1,"ICE 643",2609231648,2,0
"Düsseldorf Hbf",6330890959881575446-2609230922-14,"ICE 2311",2609231650,29,0
"Köln Hbf",-762086226758254325-2609231226-12,"ICE 201",2609231650,23,0
"Düsseldorf Hbf",-1838827148333657754-2609231220-8,"ICE 916",2609231653,8,0
"Düsseldorf Hbf",2333246513660073790-2609231553-5,"ICE 1013",2609231703,1,0
"Köln Hbf",-8705107722613527627-2609231059-15,"ICE 106",2609231705,2,0
"Köln Hbf",-7566186731885125077-2609231305-8,"ICE 2012",2609231706,45,0
"Düsseldorf Hbf",4524910290568704513-2609231534-5,"ICE 122",2609231710,19,0
"Köln Hbf",-893148775004719136-2609231711-1,"IC 2043",2609231711,0,1
"Düsseldorf Hbf",-8713208741749436113-2609231247-11,"ICE 548",2609231712,19,0
"Köln Hbf",5612128767266048221-2609231438-8,"ICE 127",2609231713,35,0
"Köln Hbf",-2894975550766125611-2609231252-8,"ICE 558",2609231715,26,0
"Köln Hbf",6330890959881575446-2609230922-15,"ICE 2311",2609231719,38,0
"Düsseldorf Hbf",6757774550243091278-2609231720-1,"ICE 727",2609231720,5,0
"Düsseldorf Hbf",-2924322226173910183-2609231703-3,"ICE 929",2609231724,21,0
"Köln Hbf",-1057492321374091038-2609231731-1,"ICE 713",2609231731,0,0
"Düsseldorf Hbf",-8705107722613527627-2609231059-16,"ICE 106",2609231732,6,0
"Köln Hbf",-8631361224774257822-2609231611-6,"ICE 1514",2609231733,0,0
"Düsseldorf Hbf",5042424630356113204-2609231245-8,"ICE 626",2609231738,3,0
"Köln Hbf",-4550645364654346112-2609231738-1,"ICE 955",2609231738,1,0
"Köln Hbf",3763871362376381297-2609231634-3,"ICE 12",2609231740,5,0
"Düsseldorf Hbf",-7566186731885125077-2609231305-9,"ICE 2012",2609231742,45,0
"Düsseldorf Hbf",-2882197430592295029-2609231351-16,"IC 2205",2609231746,66,0
"Köln Hbf",-3282400354544978678-2609231746-1,"IC 2006",2609231746,0,0
"Köln Hbf",-2910589038648014094-2609231326-12,"ICE 613",2609231746,29,1
"Düsseldorf Hbf",-8275737537227179086-2609231750-1,"ICE 945",2609231750,2,0
"Köln Hbf",-2924322226173910183-2609231703-4,"ICE 929",2609231750,21,0
"Köln Hbf",6954924236955692259-2609231328-8,"ICE 516",2609231805,1,0
"Köln Hbf",944231164744023574-2609231332-9,"ICE 28",2609231806,1,0
"Düsseldorf Hbf",-3282400354544978678-2609231746-2,"IC 2006",2609231808,1,0
"Düsseldorf Hbf",3702662415087684826-2609231347-10,"ICE 848",2609231808,23,0
"Köln Hbf",6423634419829337550-2609231434-11,"ICE 710",2609231808,0,1
"Köln Hbf",-2882197430592295029-2609231351-17,"IC 2205",2609231814,67,0
"Köln Hbf",4992819178731237054-2609231622-5,"ICE 317",2609231815,3,0
"Düsseldorf Hbf",-3019965818182152821-2609231821-1,"ICE 729",2609231821,0,0
"Düsseldorf Hbf",-7956047615718350819-2609231426-11,"ICE 203",2609231822,2,0
"Köln Hbf",-1900115166859559092-2609231347-9,"ICE 858",2609231822,28,0
"Düsseldorf Hbf",1459720362045900384-2609231235-10,"ICE 216",2609231824,0,0
"Köln Hbf",-7955422278217659578-2609231703-5,"ICE 1714",2609231825,0,0
"Köln Hbf",1407594009417555306-2609231829-1,"ICE 1613",2609231829,2,0
"Düsseldorf Hbf",944231164744023574-2609231332-10,"ICE 28",2609231832,2,0
"Düsseldorf Hbf",-4521437519262178170-2609231345-9,"ICE 624",2609231836,4,0
"Köln Hbf",-6750794421454638985-2609231420-8,"ICE 224",2609231843,9,0
"Köln Hbf",9016403526930832374-2609231844-1,"ICE 655",2609231844,10,0
"Düsseldorf Hbf",-2599950570116389517-2609231638-7,"ICE 129",2609231845,20,0
"Köln Hbf",-4140470391187734614-2609231122-21,"IC 2440",2609231845,47,1
"Düsseldorf Hbf",4447890004106418758-2609231848-1,"ICE 645",2609231848,1,0
"Düsseldorf Hbf",7867558493628354270-2609231115-18,"ICE 1037",2609231850,21,0
"Köln Hbf",-7956047615718350819-2609231426-12,"ICE 203",2609231850,0,0
"Düsseldorf Hbf",-6727683722954373951-2609231754-5,"ICE 1015",2609231901,2,0
"Köln Hbf",-4758242349678413284-2609231238-12,"ICE 104",2609231905,2,0
"Köln Hbf",2508597620716488611-2609231536-8,"IC 2041",2609231906,4,0
"Düsseldorf Hbf",3141971505559871903-2609231447-10,"ICE 546",2609231908,11,0
"Düsseldorf Hbf",-6750794421454638985-2609231420-9,"ICE 224",2609231910,19,0
"Köln Hbf",-2599950570116389517-2609231638-8,"ICE 129",2609231913,14,0
"Köln Hbf",8430642524571604487-2609231452-8,"ICE 556",2609231915,10,0
"Köln Hbf",7867558493628354270-2609231115-19,"ICE 1037",2609231916,20,0
"Düsseldorf Hbf",-3738461847412237185-2609231918-1,"ICE 821",2609231918,1,0
"Düsseldorf Hbf",2312296716933966404-2609231554-4,"ICE 1021",2609231921,41,0
"Düsseldorf Hbf",-4055232889596422409-2609230803-28,"ICE 118",2609231924,0,0
"Düsseldorf Hbf",-4758242349678413284-2609231238-13,"ICE 104",2609231932,4,0
"Köln Hbf",-4997552987396627422-2609231811-6,"ICE 1512",2609231933,6,0
"Düsseldorf Hbf",-2142784246140329213-2609231445-8,"ICE 622",2609231936,8,0
"Köln Hbf",3141971505559871903-2609231447-11,"ICE 546",2609231936,16,0
"Köln Hbf",-8942408890709913676-2609231833-3,"ICE 10",2609231940,3,0
"Düsseldorf Hbf",1492120664389609114-2609231604-14,"IC 2207",2609231946,22,0
"Köln Hbf",-5425302918995479956-2609231526-12,"ICE 615",2609231946,24,1
"Köln Hbf",2312296716933966404-2609231554-5,"ICE 1021",2609231947,39,0
"Düsseldorf Hbf",3778695356863398992-2609231950-1,"ICE 947",2609231950,1,0
"Köln Hbf",-5040855886902453859-2609231528-8,"ICE 514",2609232005,5,0
"Köln Hbf",-8926157399752465663-2609231532-9,"ICE 26",2609232006,5,0
"Düsseldorf Hbf",798259414142998527-2609232009-1,"ICE 823",2609232009,1,0
"Düsseldorf Hbf",-9003107645534276753-2609231547-9,"ICE 846",2609232013,21,0
"Köln Hbf",1492120664389609114-2609231604-15,"IC 2207",2609232014,24,0
"Köln Hbf",4341219805487381340-2609231825-5,"ICE 19",2609232015,12,0
"Düsseldorf Hbf",-6235789055676348186-2609231626-11,"ICE 205",2609232022,28,0
"Köln Hbf",-819597198211929243-2609231547-9,"ICE 856",2609232022,-5,0
"Düsseldorf Hbf",-8926157399752465663-2609231532-10,"ICE 26",2609232032,13,0
"Düsseldorf Hbf",-1188267942167451229-2609231545-9,"ICE 620",2609232037,2,0
"Köln Hbf",2576231255055476975-2609231934-4,"ICE 120",2609232043,3,0
"Düsseldorf Hbf",-7056878515633598205-2609231838-7,"ICE 221",2609232045,25,0
"Köln Hbf",-7949491460536242261-2609231322-21,"IC 2442",2609232045,12,0
"Köln Hbf",5646922477923288654-2609232045-1,"ICE 657",2609232045,-2,0
"Köln Hbf",-6235789055676348186-2609231626-12,"ICE 205",2609232050,25,0
"Düsseldorf Hbf",-977669644680017628-2609231620-8,"ICE 912",2609232053,1,1
"Köln Hbf",-7971996062035411059-2609231438-12,"ICE 102",2609232105,1,0
"Köln Hbf",1913356045703776437-2609231736-8,"IC 2349",2609232106,5,0
"Düsseldorf Hbf",2576231255055476975-2609231934-5,"ICE 120",2609232110,5,0
"Düsseldorf Hbf",-5885856201096992744-2609231647-10,"ICE 544",2609232112,33,1
"Köln Hbf",-7056878515633598205-2609231838-8,"ICE 221",2609232113,22,0
"Köln Hbf",6625519329407624873-2609231652-8,"ICE 554",2609232114,38,0
"Köln Hbf",8388183103841403836-2609231516-14,"ICE 1544",2609232119,-2,0
"Düsseldorf Hbf",6194893901306646476-2609231726-11,"ICE 617",2609232121,12,0
"Köln Hbf",5268242451257549226-2609231901-6,"ICE 313",2609232124,5,0
"Düsseldorf Hbf",50770787591072936-2609231644-9,"ICE 528",2609232137,24,0
"Köln Hbf",1555483896112278137-2609232014-6,"ICE 318",2609232139,18,0
"Köln Hbf",-5885856201096992744-2609231647-11,"ICE 544",2609232140,39,0
"Köln Hbf",6194893901306646476-2609231726-12,"ICE 617",2609232148,11,0
"Köln Hbf",7537395545451740415-2609231728-8,"ICE 512",2609232205,11,0
"Köln Hbf",1123272061820542344-2609231732-9,"ICE 24",2609232206,26,0
"Düsseldorf Hbf",-4080761801504144103-2609231747-10,"ICE 844",2609232208,45,0
"Köln Hbf",-8088851598754426904-2609232025-5,"ICE 319",2609232215,11,0
"Köln Hbf",4711383125555203513-2609231747-9,"ICE 854",2609232222,46,0
"Köln Hbf",6195485783263057734-2609231819-7,"ICE 910",2609232230,0,0
"Düsseldorf Hbf",1123272061820542344-2609231732-10,"ICE 24",2609232232,27,0
"Köln Hbf",-4080761801504144103-2609231747-11,"ICE 844",2609232234,42,0
"Düsseldorf Hbf",6810614476303646777-2609231826-8,"ICE 207",2609232235,21,0
"Düsseldorf Hbf",3736117015423388331-2609231746-9,"ICE 526",2609232236,106,0
"Köln Hbf",4804116960335233530-2609231522-21,"IC 2444",2609232245,0,1
"Köln Hbf",6810614476303646777-2609231826-9,"ICE 207",2609232303,22,0
"Köln Hbf",8570739711458019321-2609231936-8,"IC 2347",2609232306,2,0
"Köln Hbf",4005400229928334385-2609231659-16,"ICE 100",2609232310,3,0
"Köln Hbf",2579078581490934825-2609231852-8,"ICE 552",2609232315,39,0
"Düsseldorf Hbf",4005400229928334385-2609231659-17,"ICE 100",2609232337,7,0
"Köln Hbf",-6524998557445987060-2609231844-11,"ICE 524",2609232339,73,0
"Düsseldorf Hbf",-1854738006003716349-2609231847-8,"ICE 542",2609232347,27,0
"Köln Hbf",5926473462606976417-2609231926-9,"ICE 619",2609232358,11,0
"Köln Hbf",3337083331722830688-2609231932-9,"ICE 22",2609240006,72,0
"Düsseldorf Hbf",-4737482986446738332-2609231947-10,"ICE 842",2609240008,47,0
"Köln Hbf",8322424274180843926-2609231928-9,"ICE 510",2609240010,9,0
"Köln Hbf",-1854738006003716349-2609231847-9,"ICE 542",2609240015,43,0
"Köln Hbf",-4383803236760390820-2609231945-12,"ICE 522",2609240031,29,0
"Düsseldorf Hbf",-4463983841688751065-2609232026-9,"ICE 209",2609240032,0,0
"Köln Hbf",-4737482986446738332-2609231947-11,"ICE 842",2609240034,45,0
"Düsseldorf Hbf",3337083331722830688-2609231932-10,"ICE 22",2609240045,72,0
"Köln Hbf",-4463983841688751065-2609232026-10,"ICE 209",2609240058,0,0
"Köln Hbf",8503777394879306018-2609232322-9,"ICE 920",2609240205,0,0
"Düsseldorf Hbf",8503777394879306018-2609232322-10,"ICE 920",2609240241,10,0
"Düsseldorf Hbf",2774174590951633862-2609232225-9,"ICE 921",2609240249,30,0
"Köln Hbf",2774174590951633862-2609232225-10,"ICE 921",2609240315,73,0
"Köln Hbf",7130605216857004791-2609240321-1,"ICE 827",2609240321,0,0
"Köln Hbf",-1822966271854478829-2609240400-1,"ICE 1028",2609240400,2,0
"Düsseldorf Hbf",-1822966271854478829-2609240400-3,"ICE 1028",2609240425,3,0
"Köln Hbf",8652078400714170233-2609240425-1,"ICE 541",2609240425,0,0
"Köln Hbf",-7455087584675999219-2609240428-1,"ICE 521",2609240428,12,0
"Düsseldorf Hbf",8652078400714170233-2609240425-2,"ICE 541",2609240447,0,0
"Düsseldorf Hbf",8096481286659396615-2609240457-1,"ICE 523",2609240457,0,0
"Köln Hbf",-1981361635087318141-2609240511-1,"IC 2445",2609240511,0,1
"Köln Hbf",1179810196779242077-2609240511-1,"ICE 208",2609240511,0,0
"Köln Hbf",-784036643221120658-2609240514-1,"ICE 2214",2609240514,8,0
"Düsseldorf Hbf",8079107560322924961-2609240523-1,"ICE 23",2609240523,1,0
"Köln Hbf",-397321280238564306-2609240525-1,"ICE 911",2609240525,0,0
"Köln Hbf",-5962154382149198734-2609240526-1,"ICE 843",2609240526,20,0
"Düsseldorf Hbf",1179810196779242077-2609240511-2,"ICE 208",2609240532,4,0
"Düsseldorf Hbf",-784036643221120658-2609240514-2,"ICE 2214",2609240537,9,0
"Köln Hbf",-486178897212069438-2609240538-1,"ICE 853",2609240538,0,0
"Köln Hbf",4753870957390372842-2609232159-14,"IC 60402",2609240544,7,0
"Köln Hbf",4230433869735770140-2609240548-1,"ICE 511",2609240548,0,0
"Düsseldorf Hbf",-5962154382149198734-2609240526-2,"ICE 843",2609240549,21,0
"Köln Hbf",8079107560322924961-2609240523-2,"ICE 23",2609240549,7,0
"Köln Hbf",2178700040520449500-2609240601-1,"ICE 711",2609240601,0,0
"Köln Hbf",2686007473625185344-2609240001-12,"ICE 618",2609240604,4,0
"Köln Hbf",-7723883505152961116-2609240611-1,"ICE 312",2609240611,3,0
"Düsseldorf Hbf",4753870957390372842-2609232159-15,"IC 60402",2609240615,8,0
"Düsseldorf Hbf",-7586352224211082006-2609240514-4,"ICE 525",2609240618,0,0
"Düsseldorf Hbf",8735574551800398555-2609240524-5,"ICE 101",2609240622,6,0
"Köln Hbf",-4310203737838801908-2609240625-1,"ICE 543",2609240625,1,0
"Köln Hbf",1878809338003406023-2609240627-1,"ICE 1511",2609240627,2,0
"Düsseldorf Hbf",2686007473625185344-2609240001-13,"ICE 618",2609240632,8,0
"Köln Hbf",6856208171401458843-2609240534-4,"ICE 222",2609240643,11,0
"Köln Hbf",-7151271002257875909-2609240502-6,"IC 2348",2609240645,28,0
"Köln Hbf",-8806275556870827116-2609240645-1,"ICE 553",2609240645,0,0
"Düsseldorf Hbf",-4310203737838801908-2609240625-2,"ICE 543",2609240647,5,0
"Köln Hbf",8735574551800398555-2609240524-6,"ICE 101",2609240650,2,0
"Düsseldorf Hbf",-6165068286223376269-2609240554-5,"ICE 913",2609240702,2,0
"Köln Hbf",-2103315967753215489-2609240609-3,"IC 2443",2609240706,1,0
"Düsseldorf Hbf",6856208171401458843-2609240534-5,"ICE 222",2609240710,16,0
"Köln Hbf",6135728412348303878-2609240711-1,"ICE 206",2609240711,1,0
"Düsseldorf Hbf",-853844594697067860-2609240615-4,"ICE 527",2609240718,7,0
"Düsseldorf Hbf",542680258128049209-2609240621-6,"ICE 25",2609240724,8,0
"Köln Hbf",5312563495212518167-2609240726-1,"ICE 845",2609240726,0,0
"Düsseldorf Hbf",6135728412348303878-2609240711-2,"ICE 206",2609240732,1,0
"Köln Hbf",-7772981549573087469-2609240733-1,"ICE 1713",2609240733,0,0
"Düsseldorf Hbf",8378187760869811763-2609240541-8,"ICE 826",2609240737,3,0
"Köln Hbf",7280780786399683236-2609240738-1,"ICE 855",2609240738,1,0
"Köln Hbf",4021377973164879687-2609240634-3,"ICE 18",2609240740,2,0
"Köln Hbf",2082653246441066227-2609240740-1,"ICE 2310",2609240740,15,0
"Köln Hbf",-1316725331766652964-2609240603-6,"ICE 513",2609240745,28,0
"Köln Hbf",-8638855930583862299-2609240746-1,"IC 2206",2609240746,2,0
"Düsseldorf Hbf",5312563495212518167-2609240726-2,"ICE 845",2609240749,1,0
"Köln Hbf",542680258128049209-2609240621-7,"ICE 25",2609240750,10,0
"Köln Hbf",-3118459641712443593-2609240600-7,"ICE 712",2609240757,5,0
"Köln Hbf",937531600424895578-2609240549-4,"ICE 616",2609240805,10,0
"Düsseldorf Hbf",2082653246441066227-2609240740-2,"ICE 2310",2609240807,23,0
"Düsseldorf Hbf",-8638855930583862299-2609240746-2,"IC 2206",2609240810,3,0
"Köln Hbf",-683349446891373235-2609240623-5,"ICE 11",2609240816,13,0
"Düsseldorf Hbf",7320863906691937525-2609240719-4,"ICE 529",2609240818,15,0
"Düsseldorf Hbf",8518232099080018263-2609240426-11,"ICE 103",2609240822,15,0
"Köln Hbf",-1489252697791169587-2609240825-1,"ICE 545",2609240825,1,0
"Köln Hbf",-2307934263002248776-2609240829-1,"ICE 1513",2609240829,8,0
"Düsseldorf Hbf",8056505330798593907-2609240706-6,"ICE 119",2609240831,21,0
"Düsseldorf Hbf",1795377954048554987-2609240708-5,"ICE 824",2609240840,9,0
"Köln Hbf",-3687533052908579649-2609240734-4,"ICE 220",2609240843,4,0
"Köln Hbf",-5067205027928923412-2609240844-1,"ICE 555",2609240844,1,0
"Düsseldorf Hbf",1800994547680145354-2609240638-7,"ICE 121",2609240845,13,0
"Köln Hbf",-3987770513815330460-2609240539-12,"IC 2040",2609240845,24,0
"Köln Hbf",6675332026866779665-2609240845-1,"ICE 1036",2609240845,2,0
"Düsseldorf Hbf",-1489252697791169587-2609240825-2,"ICE 545",2609240847,7,0
"Köln Hbf",8518232099080018263-2609240426-12,"ICE 103",2609240850,11,0
"Düsseldorf Hbf",-5947456125297650390-2609240420-8,"ICE 1014",2609240853,5,0
"Düsseldorf Hbf",400157404087783375-2609240753-5,"ICE 915",2609240902,15,0
"Köln Hbf",-3316077366275075692-2609240516-8,"ICE 204",2609240905,3,0
"Düsseldorf Hbf",6675332026866779665-2609240845-2,"ICE 1036",2609240906,8,0
"Köln Hbf",4558275999006255649-2609240643-7,"IC 2441",2609240906,2,0
"Düsseldorf Hbf",-3687533052908579649-2609240734-5,"ICE 220",2609240910,11,0
"Düsseldorf Hbf",6972548221701888574-2609240418-15,"ICE 646",2609240912,27,0
"Köln Hbf",1800994547680145354-2609240638-8,"ICE 121",2609240913,7,1
"Köln Hbf",5146840242049916044-2609240640-5,"ICE 656",2609240915,43,0
"Düsseldorf Hbf",-2521696256132503788-2609240920-1,"ICE 621",2609240920,4,0
"Düsseldorf Hbf",-1790024725878292801-2609240820-6,"ICE 27",2609240924,8,0
"Köln Hbf",-8906112445839706377-2609240926-1,"ICE 847",2609240926,0,0
"Düsseldorf Hbf",-6888861751751692665-2609240817-6,"ICE 217",2609240928,18,0
"Düsseldorf Hbf",-3316077366275075692-2609240516-9,"ICE 204",2609240932,12,0
"Köln Hbf",8918082092638159592-2609240812-6,"ICE 1612",2609240932,5,0
"Düsseldorf Hbf",-6223962037244896084-2609240441-10,"ICE 822",2609240936,17,0
"Köln Hbf",7127812590731908748-2609240938-1,"ICE 857",2609240938,0,0
"Köln Hbf",-5717720788505540143-2609240833-3,"ICE 316",2609240939,8,0
"Düsseldorf Hbf",-6760724929342255350-2609240634-13,"IC 2007",2609240946,18,0
"Köln Hbf",-3482704518387342076-2609240946-1,"IC 2204",2609240946,1,0
"Köln Hbf",6512354943507599026-2609240526-12,"ICE 515",2609240946,23,1
"Düsseldorf Hbf",-8906112445839706377-2609240926-2,"ICE 847",2609240949,2,0
"Köln Hbf",-1790024725878292801-2609240820-7,"ICE 27",2609240952,60,0
"Köln Hbf",67517114520381301-2609240533-8,"ICE 614",2609241005,1,0
"Köln Hbf",4250821308365947570-2609240528-10,"ICE 1022",2609241006,9,0
"Düsseldorf Hbf",-3482704518387342076-2609240946-2,"IC 2204",2609241008,5,0
"Düsseldorf Hbf",-4782954664003624221-2609240526-12,"ICE 946",2609241008,34,0
"Köln Hbf",-6760724929342255350-2609240634-14,"IC 2007",2609241014,23,0
"Köln Hbf",7296668088221534520-2609240825-5,"ICE 13",2609241016,42,0
"Düsseldorf Hbf",7692347899239356115-2609241019-1,"ICE 623",2609241019,3,0
"Düsseldorf Hbf",-3500545049874534285-2609240626-11,"ICE 105",2609241022,18,0
"Köln Hbf",-6590078199824287896-2609240526-11,"ICE 956",2609241022,5,0
"Köln Hbf",309221757920376132-2609241029-1,"ICE 1515",2609241029,0,0
"Düsseldorf Hbf",4250821308365947570-2609240528-11,"ICE 1022",2609241035,17,0
"Düsseldorf Hbf",5509309536167095600-2609240544-10,"ICE 820",2609241040,0,0
"Köln Hbf",-8155331480429548080-2609240934-4,"ICE 128",2609241043,5,0
"Köln Hbf",-8614664585551473503-2609241044-1,"ICE 557",2609241044,0,0
"Düsseldorf Hbf",467631948029280047-2609240831-7,"ICE 225",2609241045,28,0
"Köln Hbf",5248730939501738569-2609240602-15,"IC 2042",2609241045,0,1
"Düsseldorf Hbf",211585818996437737-2609241048-1,"ICE 547",2609241048,7,0
"Köln Hbf",-3500545049874534285-2609240626-12,"ICE 105",2609241050,14,0
"Düsseldorf Hbf",-6324333303227400345-2609240620-8,"ICE 1012",2609241053,13,0
"Köln Hbf",8125274319994745100-2609241053-1,"ICE 2013",2609241053,0,0
"Köln Hbf",-508151058757607646-2609240716-9,"ICE 202",2609241105,0,0
"Köln Hbf",2031840069123671352-2609240736-8,"IC 2049",2609241106,9,0
"Düsseldorf Hbf",2417110662322496020-2609240647-10,"ICE 644",2609241109,38,0
"Düsseldorf Hbf",-8155331480429548080-2609240934-5,"ICE 128",2609241110,10,0
"Köln Hbf",467631948029280047-2609240831-8,"ICE 225",2609241114,29,0
"Köln Hbf",-2664747470423541798-2609240652-8,"ICE 654",2609241114,25,0
"Düsseldorf Hbf",-1863724056778564852-2609241117-1,"ICE 625",2609241117,4,0
"Düsseldorf Hbf",3450663025951470366-2609240602-9,"ICE 1521",2609241119,8,0
"Düsseldorf Hbf",3704713885565394549-2609241024-4,"ICE 29",2609241124,9,0
"Düsseldorf Hbf",-508151058757607646-2609240716-10,"ICE 202",2609241132,2,0
"Köln Hbf",98157840525274029-2609241011-6,"ICE 1610",2609241133,0,0
"Düsseldorf Hbf",-7827307397706401371-2609240644-8,"ICE 728",2609241137,119,0
"Köln Hbf",-9221432942161771616-2609241138-1,"ICE 859",2609241138,0,0
"Köln Hbf",-3207602294555876168-2609241034-3,"ICE 16",2609241139,6,0
"Köln Hbf",3450663025951470366-2609240602-10,"ICE 1521",2609241145,11,0
"Düsseldorf Hbf",6862846665566225825-2609240834-13,"IC 2009",2609241146,22,0
"Köln Hbf",-8775310893499181309-2609241146-1,"IC 2202",2609241146,3,0
"Köln Hbf",-4602427783665327588-2609240726-12,"ICE 517",2609241146,34,1
"Düsseldorf Hbf",-3935110464616838577-2609241150-1,"ICE 849",2609241150,7,0
"Köln Hbf",3704713885565394549-2609241024-5,"ICE 29",2609241150,11,0
"Köln Hbf",-8386336934533711188-2609240728-9,"ICE 1020",2609241205,70,1
"Köln Hbf",-7184453857839759572-2609240728-8,"ICE 612",2609241205,4,0
"Düsseldorf Hbf",-8775310893499181309-2609241146-2,"IC 2202",2609241208,7,0
"Düsseldorf Hbf",789381465621699355-2609240747-10,"ICE 944",2609241208,27,0
"Köln Hbf",4555217987378332456-2609240713-11,"ICE 1548",2609241209,15,0
"Köln Hbf",6862846665566225825-2609240834-14,"IC 2009",2609241214,23,0
"Köln Hbf",-6382331557337532208-2609241025-5,"ICE 15",2609241215,5,0
"Düsseldorf Hbf",-7766800689315712550-2609241219-1,"ICE 627",2609241219,2,0
"Düsseldorf Hbf",-5703640496454004355-2609240825-11,"ICE 107",2609241222,18,0
"Köln Hbf",5065395714490050726-2609240747-9,"ICE 954",2609241222,28,0
"Köln Hbf",-8376398398323607088-2609241229-1,"ICE 1517",2609241229,6,0
"Düsseldorf Hbf",-8386336934533711188-2609240728-10,"ICE 1020",2609241230,72,1
"Düsseldorf Hbf",5394868531176279031-2609240742-9,"ICE 726",2609241240,85,0
"Köln Hbf",-4712053304823003938-2609241134-4,"ICE 126",2609241243,5,0
"Köln Hbf",5886092952094503689-2609241244-1,"ICE 559",2609241244,5,0
"Düsseldorf Hbf",1869793107893408377-2609241031-7,"ICE 123",2609241245,52,0
"Köln Hbf",666711005360005078-2609240522-21,"IC 2044",2609241245,8,0
"Köln Hbf",607281138257369836-2609241245-1,"ICE 1032",2609241245,0,0
"Düsseldorf Hbf",-5225265888807154878-2609241248-1,"ICE 549",2609241248,10,0
"Köln Hbf",-5703640496454004355-2609240825-12,"ICE 107",2609241250,14,0
"Düsseldorf Hbf",-1202781486977583710-2609240819-8,"ICE 1010",2609241253,0,0
"Düsseldorf Hbf",-5763151150910106247-2609241155-5,"ICE 919",2609241302,2,0
"Köln Hbf",5555371111259384160-2609240759-9,"ICE 200",2609241305,3,0
"Düsseldorf Hbf",607281138257369836-2609241245-2,"ICE 1032",2609241306,2,0
"Köln Hbf",-1660175693055885317-2609240936-8,"IC 2047",2609241306,17,0
"Düsseldorf Hbf",-4712053304823003938-2609241134-5,"ICE 126",2609241310,12,0
"Düsseldorf Hbf",-3811000113167125819-2609240847-11,"ICE 642",2609241311,17,0
"Köln Hbf",1869793107893408377-2609241031-8,"ICE 123",2609241314,101,0
"Köln Hbf",7029715491133337413-2609240852-8,"ICE 652",2609241315,11,0
"Düsseldorf Hbf",2307301279586290347-2609241321-1,"ICE 629",2609241321,0,1
"Düsseldorf Hbf",6492627968416470339-2609241221-6,"ICE 229",2609241324,9,0
"Köln Hbf",-2157107938954049243-2609241101-6,"ICE 311",2609241324,8,0
"Düsseldorf Hbf",5555371111259384160-2609240759-10,"ICE 200",2609241332,7,0
"Köln Hbf",-7017661080292591369-2609241211-6,"ICE 1518",2609241333,3,0
"Köln Hbf",201535978532296242-2609241334-1,"ICE 1549",2609241334,0,0
"Düsseldorf Hbf",-4676367904559688889-2609240845-8,"ICE 724",2609241337,81,0
"Köln Hbf",-4020550040361167307-2609241338-1,"ICE 951",2609241338,12,0
"Köln Hbf",4216288988927907099-2609241234-3,"ICE 314",2609241339,30,0
"Düsseldorf Hbf",5900362052756938804-2609240951-16,"IC 2201",2609241346,8,0
"Köln Hbf",-3185038341433261764-2609241346-1,"IC 2200",2609241346,0,0
"Köln Hbf",-8471873024121272354-2609240926-12,"ICE 519",2609241346,30,0
"Düsseldorf Hbf",-1360629902197387952-2609241350-1,"ICE 941",2609241350,2,0
"Köln Hbf",6492627968416470339-2609241221-7,"ICE 229",2609241352,7,0
"Köln Hbf",9011011619156863439-2609240928-8,"ICE 610",2609241405,6,0
"Köln Hbf",338204297594764006-2609240827-10,"ICE 926",2609241406,68,0
"Düsseldorf Hbf",-3185038341433261764-2609241346-2,"IC 2200",2609241408,5,0
"Düsseldorf Hbf",7024771559125615258-2609240947-10,"ICE 942",2609241408,42,0
"Köln Hbf",5900362052756938804-2609240951-17,"IC 2201",2609241414,4,0
"Köln Hbf",4815612638303090443-2609241225-5,"ICE 315",2609241415,12,0
"Düsseldorf Hbf",-758807154932475400-2609241419-1,"ICE 721",2609241419,10,0
"Düsseldorf Hbf",6610086332469437335-2609241026-11,"ICE 109",2609241422,18,0
"Köln Hbf",2625224039751841654-2609240947-9,"ICE 952",2609241422,23,0
"Köln Hbf",4846835449118805747-2609241429-1,"ICE 1519",2609241429,2,0
"Düsseldorf Hbf",338204297594764006-2609240827-11,"ICE 926",2609241432,71,0
"Düsseldorf Hbf",-7906017824379584014-2609240946-9,"ICE 722",2609241436,15,0
"Köln Hbf",-8784598530479710827-2609241438-1,"ICE 310",2609241438,3,0
"Köln Hbf",-5676785138972199399-2609241334-4,"ICE 124",2609241443,0,0
"Köln Hbf",-6270903731699972278-2609241444-1,"ICE 651",2609241444,0,0
"Düsseldorf Hbf",-9018982874238179365-2609241238-7,"ICE 125",2609241445,27,0
"Köln Hbf",-5299413353021537464-2609240722-21,"IC 2046",2609241445,27,0
"Düsseldorf Hbf",7188954872564278301-2609241448-1,"ICE 641",2609241448,4,0
"Düsseldorf Hbf",-553863566957669250-2609240730-17,"ICE 1033",2609241450,10,0
"Köln Hbf",6610086332469437335-2609241026-12,"ICE 109",2609241450,14,0
"Düsseldorf Hbf",7844358081895785158-2609241019-8,"ICE 918",2609241453,1,0
"Düsseldorf Hbf",8564432605510706771-2609241353-4,"ICE 1011",2609241501,2,0
"Köln Hbf",7702481692019596064-2609240838-12,"ICE 108",2609241505,2,0
"Köln Hbf",7334323916340841763-2609241136-8,"IC 2045",2609241506,22,0
"Düsseldorf Hbf",-5676785138972199399-2609241334-5,"ICE 124",2609241510,3,0
"Düsseldorf Hbf",8642793912640631890-2609241047-11,"ICE 640",2609241511,18,0
"Köln Hbf",-9018982874238179365-2609241238-8,"ICE 125",2609241513,24,0
"Köln Hbf",-553863566957669250-2609240730-18,"ICE 1033",2609241515,8,0
"Köln Hbf",-7022498938457192021-2609241052-8,"ICE 650",2609241515,64,0
"Düsseldorf Hbf",5311537321398817844-2609241520-1,"ICE 723",2609241520,11,0
"Düsseldorf Hbf",-1497213994658544450-2609241154-6,"ICE 927",2609241522,26,0
"Düsseldorf Hbf",7702481692019596064-2609240838-13,"ICE 108",2609241532,3,0
"Köln Hbf",4945186918802353023-2609241411-6,"ICE 1516",2609241533,6,0
"Düsseldorf Hbf",6519626148103819066-2609241045-9,"ICE 720",2609241536,41,0
"Köln Hbf",-107298036587741504-2609241538-1,"ICE 953",2609241538,2,0
"Köln Hbf",2218943744552257469-2609241434-3,"ICE 14",2609241539,8,0
"Düsseldorf Hbf",-257816953041096365-2609241136-16,"IC 2203",2609241546,24,0
"Köln Hbf",8187582116097718743-2609241546-1,"IC 2008",2609241546,0,0
"Köln Hbf",5653087570567167872-2609241126-12,"ICE 611",2609241546,41,1
"Köln Hbf",-1497213994658544450-2609241154-7,"ICE 927",2609241548,24,0
"Düsseldorf Hbf",6378881227509878523-2609241550-1,"ICE 943",2609241550,3,0
"Köln Hbf",-6452407069337976676-2609241128-8,"ICE 518",2609241605,1,0
"Köln Hbf",7010757467826963006-2609241132-9,"ICE 228",2609241606,36,0
"Köln Hbf",-8732834586368903752-2609241607-1,"ICE 1520",2609241607,0,0
"Düsseldorf Hbf",8187582116097718743-2609241546-2,"IC 2008",2609241608,1,0
"Düsseldorf Hbf",-3330605035074967330-2609241147-10,"ICE 940",2609241608,19,0
"Köln Hbf",-257816953041096365-2609241136-17,"IC 2203",2609241614,33,0
"Köln Hbf",-482221124538025922-2609241425-5,"ICE 17",2609241615,3,0
"Düsseldorf Hbf",6556040714554725251-2609241619-1,"ICE 725",2609241619,0,0
"Köln Hbf",375201943151232777-2609241147-9,"ICE 950",2609241621,15,0
"Düsseldorf Hbf",-762086226758254325-2609241226-11,"ICE 201",2609241622,15,0
"Köln Hbf",-6579606754577220741-2609241501-5,"ICE 1716",2609241625,9,0
"Düsseldorf Hbf",-8732834586368903752-2609241607-2,"ICE 1520",2609241627,3,0
"Köln Hbf",5058768902280124693-2609241629-1,"ICE 1611",2609241629,0,0
"Düsseldorf Hbf",7010757467826963006-2609241132-10,"ICE 228",2609241632,38,0
"Düsseldorf Hbf",8429649765325465614-2609241145-9,"ICE 628",2609241640,10,0
"Köln Hbf",4524910290568704513-2609241534-4,"ICE 122",2609241643,29,0
"Köln Hbf",-157208555968192668-2609241644-1,"ICE 653",2609241644,0,0
"Düsseldorf Hbf",5612128767266048221-2609241438-7,"ICE 127",2609241645,62,0
"Köln Hbf",-5036776284380011862-2609240922-21,"IC 2048",2609241645,4,0
"Düsseldorf Hbf",-5511541014003594580-2609241648-1,"ICE 643",2609241648,2,0
"Düsseldorf Hbf",6330890959881575446-2609240922-14,"ICE 2311",2609241650,11,0
"Köln Hbf",-762086226758254325-2609241226-12,"ICE 201",2609241650,10,0
"Düsseldorf Hbf",-1838827148333657754-2609241220-8,"ICE 916",2609241653,1,0
"Düsseldorf Hbf",2333246513660073790-2609241553-5,"ICE 1013",2609241703,7,0
"Köln Hbf",-8705107722613527627-2609241059-15,"ICE 106",2609241705,4,0
"Köln Hbf",-7566186731885125077-2609241305-8,"ICE 2012",2609241706,20,0
"Düsseldorf Hbf",4524910290568704513-2609241534-5,"ICE 122",2609241710,44,0
"Köln Hbf",-893148775004719136-2609241711-1,"IC 2043",2609241711,0,1
"Düsseldorf Hbf",-8713208741749436113-2609241247-11,"ICE 548",2609241712,58,0
"Köln Hbf",5612128767266048221-2609241438-8,"ICE 127",2609241713,94,0
"Köln Hbf",-2894975550766125611-2609241252-8,"ICE 558",2609241715,43,0
"Köln Hbf",6330890959881575446-2609240922-15,"ICE 2311",2609241719,6,0
"Düsseldorf Hbf",6757774550243091278-2609241720-1,"ICE 727",2609241720,4,0
"Düsseldorf Hbf",-2924322226173910183-2609241703-3,"ICE 929",2609241724,6,0
"Köln Hbf",-1057492321374091038-2609241731-1,"ICE 713",2609241731,3,0
"Düsseldorf Hbf",-8705107722613527627-2609241059-16,"ICE 106",2609241732,8,0
"Köln Hbf",-8631361224774257822-2609241611-6,"ICE 1514",2609241733,1,0
"Düsseldorf Hbf",5042424630356113204-2609241245-8,"ICE 626",2609241738,21,0
"Köln Hbf",-4550645364654346112-2609241738-1,"ICE 955",2609241738,5,0
"Köln Hbf",3763871362376381297-2609241634-3,"ICE 12",2609241740,7,0
"Düsseldorf Hbf",-7566186731885125077-2609241305-9,"ICE 2012",2609241742,15,0
"Düsseldorf Hbf",-2882197430592295029-2609241351-16,"IC 2205",2609241746,32,0
"Köln Hbf",-3282400354544978678-2609241746-1,"IC 2006",2609241746,0,0
"Köln Hbf",-2910589038648014094-2609241326-12,"ICE 613",2609241746,26,0
"Düsseldorf Hbf",-8275737537227179086-2609241750-1,"ICE 945",2609241750,1,0
"Köln Hbf",-2924322226173910183-2609241703-4,"ICE 929",2609241750,5,0
"Köln Hbf",6954924236955692259-2609241328-8,"ICE 516",2609241805,5,0
"Köln Hbf",944231164744023574-2609241332-9,"ICE 28",2609241806,17,0
"Düsseldorf Hbf",-3282400354544978678-2609241746-2,"IC 2006",2609241808,7,0
"Düsseldorf Hbf",3702662415087684826-2609241347-10,"ICE 848",2609241808,25,0
"Köln Hbf",6423634419829337550-2609241434-11,"ICE 710",2609241808,2,0
"Köln Hbf",-2882197430592295029-2609241351-17,"IC 2205",2609241814,29,0
"Köln Hbf",4992819178731237054-2609241622-5,"ICE 317",2609241815,45,0
"Düsseldorf Hbf",-3019965818182152821-2609241821-1,"ICE 729",2609241821,5,0
"Düsseldorf Hbf",-7956047615718350819-2609241426-11,"ICE 203",2609241822,51,0
"Köln Hbf",-1900115166859559092-2609241347-9,"ICE 858",2609241822,14,0
"Düsseldorf Hbf",1459720362045900384-2609241235-10,"ICE 216",2609241824,2,0
"Köln Hbf",-7955422278217659578-2609241703-5,"ICE 1714",2609241825,3,0
"Köln Hbf",1407594009417555306-2609241829-1,"ICE 1613",2609241829,0,0
"Düsseldorf Hbf",944231164744023574-2609241332-10,"ICE 28",2609241832,20,0
"Düsseldorf Hbf",-4521437519262178170-2609241345-9,"ICE 624",2609241836,48,0
"Köln Hbf",-6750794421454638985-2609241420-8,"ICE 224",2609241843,12,0
"Köln Hbf",9016403526930832374-2609241844-1,"ICE 655",2609241844,10,0
"Düsseldorf Hbf",-2599950570116389517-2609241638-7,"ICE 129",2609241845,43,0
"Köln Hbf",-4140470391187734614-2609241122-21,"IC 2440",2609241845,22,1
"Düsseldorf Hbf",4447890004106418758-2609241848-1,"ICE 645",2609241848,1,0
"Düsseldorf Hbf",7867558493628354270-2609241115-18,"ICE 1037",2609241850,21,0
"Köln Hbf",-7956047615718350819-2609241426-12,"ICE 203",2609241850,38,1
"Düsseldorf Hbf",-6727683722954373951-2609241754-5,"ICE 1015",2609241901,3,0
"Köln Hbf",-4758242349678413284-2609241238-12,"ICE 104",2609241905,6,0
"Köln Hbf",2508597620716488611-2609241536-8,"IC 2041",2609241906,26,0
"Düsseldorf Hbf",3141971505559871903-2609241447-10,"ICE 546",2609241908,49,0
"Düsseldorf Hbf",-6750794421454638985-2609241420-9,"ICE 224",2609241910,18,0
"Köln Hbf",-2599950570116389517-2609241638-8,"ICE 129",2609241913,44,0
"Köln Hbf",8430642524571604487-2609241452-8,"ICE 556",2609241915,33,0
"Köln Hbf",7867558493628354270-2609241115-19,"ICE 1037",2609241916,21,0
"Düsseldorf Hbf",-3738461847412237185-2609241918-1,"ICE 821",2609241918,18,0
"Düsseldorf Hbf",2312296716933966404-2609241554-4,"ICE 1021",2609241921,26,0
"Düsseldorf Hbf",-4055232889596422409-2609240803-28,"ICE 118",2609241924,0,0
"Düsseldorf Hbf",-4758242349678413284-2609241238-13,"ICE 104",2609241932,9,0
"Köln Hbf",-4997552987396627422-2609241811-6,"ICE 1512",2609241933,0,0
"Düsseldorf Hbf",-2142784246140329213-2609241445-8,"ICE 622",2609241936,8,0
"Köln Hbf",3141971505559871903-2609241447-11,"ICE 546",2609241936,46,0
"Köln Hbf",-2451771813568964797-2609241938-1,"ICE 957",2609241938,5,0
"Köln Hbf",-8942408890709913676-2609241833-3,"ICE 10",2609241940,2,0
"Düsseldorf Hbf",1492120664389609114-2609241604-14,"IC 2207",2609241946,18,0
"Köln Hbf",-5425302918995479956-2609241526-12,"ICE 615",2609241946,26,0
"Köln Hbf",2312296716933966404-2609241554-5,"ICE 1021",2609241947,24,0
"Düsseldorf Hbf",3778695356863398992-2609241950-1,"ICE 947",2609241950,7,0
"Köln Hbf",-5040855886902453859-2609241528-8,"ICE 514",2609242005,5,0
"Köln Hbf",-8926157399752465663-2609241532-9,"ICE 26",2609242006,31,0
"Düsseldorf Hbf",798259414142998527-2609242009-1,"ICE 823",2609242009,1,0
"Düsseldorf Hbf",-9003107645534276753-2609241547-9,"ICE 846",2609242013,48,0
"Köln Hbf",1492120664389609114-2609241604-15,"IC 2207",2609242014,27,0
"Köln Hbf",4341219805487381340-2609241825-5,"ICE 19",2609242015,21,0
"Düsseldorf Hbf",-6235789055676348186-2609241626-11,"ICE 205",2609242022,70,0
"Köln Hbf",-819597198211929243-2609241547-9,"ICE 856",2609242022,21,0
"Düsseldorf Hbf",-8926157399752465663-2609241532-10,"ICE 26",2609242032,33,0
"Düsseldorf Hbf",-1188267942167451229-2609241545-9,"ICE 620",2609242037,10,0
"Köln Hbf",2576231255055476975-2609241934-4,"ICE 120",2609242043,13,0
"Düsseldorf Hbf",-7056878515633598205-2609241838-7,"ICE 221",2609242045,13,0
"Köln Hbf",-7949491460536242261-2609241322-21,"IC 2442",2609242045,9,0
"Köln Hbf",5646922477923288654-2609242045-1,"ICE 657",2609242045,9,0
"Köln Hbf",-6235789055676348186-2609241626-12,"ICE 205",2609242050,67,0
"Düsseldorf Hbf",-977669644680017628-2609241620-8,"ICE 912",2609242053,4,0
"Düsseldorf Hbf",8262134096716058006-2609241320-14,"ICE 2215",2609242059,98,0
"Köln Hbf",-7971996062035411059-2609241438-12,"ICE 102",2609242105,-2,0
"Köln Hbf",1913356045703776437-2609241736-8,"IC 2349",2609242106,10,0
"Düsseldorf Hbf",2576231255055476975-2609241934-5,"ICE 120",2609242110,19,0
"Düsseldorf Hbf",-5885856201096992744-2609241647-10,"ICE 544",2609242112,35,0
"Köln Hbf",-7056878515633598205-2609241838-8,"ICE 221",2609242113,10,0
"Köln Hbf",6625519329407624873-2609241652-8,"ICE 554",2609242114,79,0
"Köln Hbf",8388183103841403836-2609241516-14,"ICE 1544",2609242119,35,0
"Düsseldorf Hbf",6194893901306646476-2609241726-11,"ICE 617",2609242121,51,0
"Köln Hbf",5268242451257549226-2609241901-6,"ICE 313",2609242124,-4,0
"Köln Hbf",8262134096716058006-2609241320-15,"ICE 2215",2609242129,94,0
"Düsseldorf Hbf",50770787591072936-2609241644-9,"ICE 528",2609242137,25,0
"Köln Hbf",1555483896112278137-2609242014-6,"ICE 318",2609242139,5,0
"Köln Hbf",-5885856201096992744-2609241647-11,"ICE 544",2609242140,32,0
"Köln Hbf",6194893901306646476-2609241726-12,"ICE 617",2609242148,49,0
"Köln Hbf",7537395545451740415-2609241728-8,"ICE 512",2609242205,1,0
"Köln Hbf",1123272061820542344-2609241732-9,"ICE 24",2609242206,29,0
"Köln Hbf",-8088851598754426904-2609242022-4,"ICE 319",2609242215,2,0
"Köln Hbf",3736117015423388331-2609241746-8,"ICE 526",2609242216,15,0
"Düsseldorf Hbf",6810614476303646777-2609241826-11,"ICE 207",2609242222,32,0
"Köln Hbf",4711383125555203513-2609241747-9,"ICE 854",2609242222,-1,0
"Köln Hbf",6195485783263057734-2609241819-7,"ICE 910",2609242230,1,0
"Köln Hbf",-4080761801504144103-2609241747-9,"ICE 844",2609242234,30,0
"Düsseldorf Hbf",1123272061820542344-2609241732-10,"ICE 24",2609242242,37,0
"Köln Hbf",4804116960335233530-2609241522-21,"IC 2444",2609242245,0,1
"Köln Hbf",6810614476303646777-2609241826-12,"ICE 207",2609242251,28,0
"Köln Hbf",8570739711458019321-2609241936-8,"IC 2347",2609242306,17,0
"Köln Hbf",4005400229928334385-2609241659-16,"ICE 100",2609242310,1,0
"Köln Hbf",2579078581490934825-2609241852-8,"ICE 552",2609242315,64,0
"Köln Hbf",5987880351959364904-2609242327-1,"ICE 1541",2609242327,0,0
"Düsseldorf Hbf",4005400229928334385-2609241659-17,"ICE 100",2609242337,2,0
"Köln Hbf",-6524998557445987060-2609241844-11,"ICE 524",2609242339,11,0
"Köln Hbf",-1854738006003716349-2609241847-10,"ICE 542",2609242345,61,0
"Köln Hbf",5926473462606976417-2609241926-11,"ICE 619",2609242352,82,0
"Köln Hbf",3337083331722830688-2609241932-9,"ICE 22",2609250006,42,0
"Köln Hbf",8322424274180843926-2609241928-9,"ICE 510",2609250010,0,0
"Düsseldorf Hbf",-4463983841688751065-2609242026-12,"ICE 209",2609250022,49,0
"Köln Hbf",-111241669532597234-2609241947-9,"ICE 852",2609250023,54,0
"Köln Hbf",-4383803236760390820-2609241945-12,"ICE 522",2609250031,3,0
"Köln Hbf",-4737482986446738332-2609241947-9,"ICE 842",2609250031,76,0
"Köln Hbf",-4463983841688751065-2609242026-13,"ICE 209",2609250048,49,0
"Düsseldorf Hbf",3337083331722830688-2609241932-10,"ICE 22",2609250053,20,1
"Köln Hbf",8503777394879306018-2609242322-9,"ICE 920",2609250204,3,0
"Köln Hbf",2774174590951633862-2609242225-13,"ICE 921",2609250315,35,0
"Köln Hbf",7130605216857004791-2609250321-1,"ICE 827",2609250321,0,0
"Köln Hbf",-1822966271854478829-2609250400-1,"ICE 1028",2609250400,0,0
"Köln Hbf",8652078400714170233-2609250425-1,"ICE 541",2609250425,0,0
"Köln Hbf",-7455087584675999219-2609250428-1,"ICE 521",2609250428,0,0
"Düsseldorf Hbf",8652078400714170233-2609250425-2,"ICE 541",2609250447,1,0
"Köln Hbf",-1981361635087318141-2609250511-1,"IC 2445",2609250511,0,1
"Köln Hbf",1179810196779242077-2609250511-1,"ICE 208",2609250511,0,0
"Köln Hbf",-784036643221120658-2609250514-1,"ICE 2214",2609250514,0,0
"Köln Hbf",-881594861635697900-2609250352-6,"ICE 523",2609250516,20,0
"Düsseldorf Hbf",3596733780499351643-2609250422-6,"ICE 23",2609250522,12,0
"Köln Hbf",-397321280238564306-2609250525-1,"ICE 911",2609250525,0,0
"Köln Hbf",-5962154382149198734-2609250526-1,"ICE 843",2609250526,2,0
"Düsseldorf Hbf",1179810196779242077-2609250511-2,"ICE 208",2609250532,1,0
"Düsseldorf Hbf",-784036643221120658-2609250514-2,"ICE 2214",2609250537,0,0
"Köln Hbf",-486178897212069438-2609250538-1,"ICE 853",2609250538,1,0
"Köln Hbf",4753870957390372842-2609242159-14,"IC 60402",2609250544,9,0
"Düsseldorf Hbf",707692460492138158-2609250039-13,"ICE 1540",2609250547,13,0
"Köln Hbf",4230433869735770140-2609250548-1,"ICE 511",2609250548,5,0
"Düsseldorf Hbf",-5962154382149198734-2609250526-2,"ICE 843",2609250549,8,0
"Köln Hbf",3596733780499351643-2609250422-7,"ICE 23",2609250549,9,0
"Köln Hbf",2178700040520449500-2609250601-1,"ICE 711",2609250601,0,0
"Köln Hbf",2686007473625185344-2609250001-12,"ICE 618",2609250604,2,0
"Köln Hbf",-7723883505152961116-2609250611-1,"ICE 312",2609250611,1,0
"Düsseldorf Hbf",4753870957390372842-2609242159-15,"IC 60402",2609250615,8,0
"Köln Hbf",707692460492138158-2609250039-14,"ICE 1540",2609250615,9,0
"Düsseldorf Hbf",-7586352224211082006-2609250514-4,"ICE 525",2609250618,2,0
"Düsseldorf Hbf",8735574551800398555-2609250524-5,"ICE 101",2609250622,9,0
"Köln Hbf",-4310203737838801908-2609250625-1,"ICE 543",2609250625,3,0
"Köln Hbf",1878809338003406023-2609250627-1,"ICE 1511",2609250627,4,0
"Düsseldorf Hbf",2686007473625185344-2609250001-13,"ICE 618",2609250632,7,0
"Köln Hbf",6856208171401458843-2609250534-4,"ICE 222",2609250643,3,0
"Köln Hbf",-7151271002257875909-2609250502-6,"IC 2348",2609250645,30,0
"Köln Hbf",-8806275556870827116-2609250645-1,"ICE 553",2609250645,0,0
"Düsseldorf Hbf",-4310203737838801908-2609250625-2,"ICE 543",2609250647,3,0
"Köln Hbf",8735574551800398555-2609250524-6,"ICE 101",2609250650,5,0
"Düsseldorf Hbf",-6165068286223376269-2609250554-5,"ICE 913",2609250702,2,0
"Köln Hbf",-2103315967753215489-2609250609-3,"IC 2443",2609250706,1,0
"Düsseldorf Hbf",6856208171401458843-2609250534-5,"ICE 222",2609250710,5,0
"Köln Hbf",6135728412348303878-2609250711-1,"ICE 206",2609250711,0,0
"Düsseldorf Hbf",-853844594697067860-2609250615-4,"ICE 527",2609250718,2,0
"Düsseldorf Hbf",542680258128049209-2609250621-6,"ICE 25",2609250724,15,0
"Köln Hbf",5312563495212518167-2609250726-1,"ICE 845",2609250726,45,0
"Düsseldorf Hbf",6135728412348303878-2609250711-2,"ICE 206",2609250732,6,0
"Köln Hbf",-7772981549573087469-2609250733-1,"ICE 1713",2609250733,0,0
"Düsseldorf Hbf",8378187760869811763-2609250541-8,"ICE 826",2609250737,7,0
"Köln Hbf",7280780786399683236-2609250738-1,"ICE 855",2609250738,4,0
"Köln Hbf",4021377973164879687-2609250634-3,"ICE 18",2609250740,32,0
"Köln Hbf",2082653246441066227-2609250740-1,"ICE 2310",2609250740,0,0
"Köln Hbf",-1316725331766652964-2609250603-6,"ICE 513",2609250745,8,0
"Köln Hbf",-8638855930583862299-2609250746-1,"IC 2206",2609250746,0,0
"Düsseldorf Hbf",5312563495212518167-2609250726-2,"ICE 845",2609250749,45,0
"Köln Hbf",542680258128049209-2609250621-7,"ICE 25",2609250750,14,0
"Köln Hbf",-3118459641712443593-2609250600-7,"ICE 712",2609250757,20,0
"Köln Hbf",937531600424895578-2609250549-4,"ICE 616",2609250805,13,0
"Düsseldorf Hbf",2082653246441066227-2609250740-2,"ICE 2310",2609250807,1,0
"Düsseldorf Hbf",-8638855930583862299-2609250746-2,"IC 2206",2609250810,3,0
"Köln Hbf",-683349446891373235-2609250623-5,"ICE 11",2609250816,17,0
"Düsseldorf Hbf",7320863906691937525-2609250719-4,"ICE 529",2609250818,9,0
"Düsseldorf Hbf",8518232099080018263-2609250426-11,"ICE 103",2609250822,23,0
"Köln Hbf",-1489252697791169587-2609250825-1,"ICE 545",2609250825,4,0
"Köln Hbf",-2307934263002248776-2609250829-1,"ICE 1513",2609250829,20,0
"Düsseldorf Hbf",8056505330798593907-2609250706-6,"ICE 119",2609250831,21,0
"Düsseldorf Hbf",1795377954048554987-2609250708-5,"ICE 824",2609250840,9,0
"Köln Hbf",-3687533052908579649-2609250734-4,"ICE 220",2609250843,4,0
"Köln Hbf",-5067205027928923412-2609250844-1,"ICE 555",2609250844,4,0
"Düsseldorf Hbf",1800994547680145354-2609250638-7,"ICE 121",2609250845,12,0
"Köln Hbf",-3987770513815330460-2609250539-12,"IC 2040",2609250845,5,0
"Köln Hbf",6675332026866779665-2609250845-1,"ICE 1036",2609250845,0,0
"Düsseldorf Hbf",-1489252697791169587-2609250825-2,"ICE 545",2609250847,9,0
"Köln Hbf",8518232099080018263-2609250426-12,"ICE 103",2609250850,20,0
"Düsseldorf Hbf",-5947456125297650390-2609250420-8,"ICE 1014",2609250853,6,0
"Düsseldorf Hbf",400157404087783375-2609250753-5,"ICE 915",2609250902,8,0
"Köln Hbf",-3316077366275075692-2609250516-8,"ICE 204",2609250905,5,0
"Düsseldorf Hbf",6675332026866779665-2609250845-2,"ICE 1036",2609250906,18,0
"Köln Hbf",4558275999006255649-2609250643-7,"IC 2441",2609250906,0,0
"Düsseldorf Hbf",-3687533052908579649-2609250734-5,"ICE 220",2609250910,19,0
"Düsseldorf Hbf",6972548221701888574-2609250418-15,"ICE 646",2609250912,45,0
"Köln Hbf",1800994547680145354-2609250638-8,"ICE 121",2609250913,16,0
"Köln Hbf",5146840242049916044-2609250640-5,"ICE 656",2609250915,29,0
"Düsseldorf Hbf",-2521696256132503788-2609250920-1,"ICE 621",2609250920,4,0
"Düsseldorf Hbf",-1790024725878292801-2609250820-6,"ICE 27",2609250924,24,0
"Köln Hbf",-8906112445839706377-2609250926-1,"ICE 847",2609250926,0,0
"Düsseldorf Hbf",-6888861751751692665-2609250817-6,"ICE 217",2609250928,21,0
"Düsseldorf Hbf",-3316077366275075692-2609250516-9,"ICE 204",2609250932,7,0
"Köln Hbf",8918082092638159592-2609250812-6,"ICE 1612",2609250932,23,0
"Düsseldorf Hbf",-6223962037244896084-2609250441-10,"ICE 822",2609250936,35,0
"Köln Hbf",7127812590731908748-2609250938-1,"ICE 857",2609250938,0,0
"Köln Hbf",-5717720788505540143-2609250833-3,"ICE 316",2609250939,7,0
"Düsseldorf Hbf",-6760724929342255350-2609250634-13,"IC 2007",2609250946,18,0
"Köln Hbf",-3482704518387342076-2609250946-1,"IC 2204",2609250946,1,0
"Köln Hbf",6512354943507599026-2609250526-12,"ICE 515",2609250946,18,0
"Düsseldorf Hbf",-8906112445839706377-2609250926-2,"ICE 847",2609250949,2,0
"Köln Hbf",-1790024725878292801-2609250820-7,"ICE 27",2609250952,22,0
"Köln Hbf",67517114520381301-2609250533-8,"ICE 614",2609251005,0,0
"Köln Hbf",4250821308365947570-2609250528-10,"ICE 1022",2609251006,9,0
"Düsseldorf Hbf",-3482704518387342076-2609250946-2,"IC 2204",2609251008,3,0
"Düsseldorf Hbf",-4782954664003624221-2609250526-12,"ICE 946",2609251008,59,0
"Köln Hbf",-6760724929342255350-2609250634-14,"IC 2007",2609251014,22,0
"Köln Hbf",7296668088221534520-2609250825-5,"ICE 13",2609251016,13,0
"Düsseldorf Hbf",7692347899239356115-2609251019-1,"ICE 623",2609251019,4,0
"Düsseldorf Hbf",-3500545049874534285-2609250626-11,"ICE 105",2609251022,14,0
"Köln Hbf",-6590078199824287896-2609250526-11,"ICE 956",2609251022,49,0
"Köln Hbf",309221757920376132-2609251029-1,"ICE 1515",2609251029,0,0
"Düsseldorf Hbf",4250821308365947570-2609250528-11,"ICE 1022",2609251035,10,0
"Düsseldorf Hbf",5509309536167095600-2609250544-10,"ICE 820",2609251040,13,0
"Köln Hbf",-8155331480429548080-2609250934-4,"ICE 128",2609251043,5,0
"Köln Hbf",-8614664585551473503-2609251044-1,"ICE 557",2609251044,1,0
"Düsseldorf Hbf",467631948029280047-2609250831-7,"ICE 225",2609251045,27,0
"Köln Hbf",5248730939501738569-2609250602-15,"IC 2042",2609251045,0,1
"Düsseldorf Hbf",211585818996437737-2609251048-1,"ICE 547",2609251048,5,0
"Köln Hbf",-3500545049874534285-2609250626-12,"ICE 105",2609251050,10,0
"Düsseldorf Hbf",-6324333303227400345-2609250620-8,"ICE 1012",2609251053,9,0
"Köln Hbf",8125274319994745100-2609251053-1,"ICE 2013",2609251053,0,0
"Köln Hbf",-508151058757607646-2609250716-9,"ICE 202",2609251105,3,0
"Köln Hbf",2031840069123671352-2609250736-8,"IC 2049",2609251106,10,0
"Düsseldorf Hbf",2417110662322496020-2609250647-10,"ICE 644",2609251109,76,0
"Düsseldorf Hbf",-8155331480429548080-2609250934-5,"ICE 128",2609251110,9,0
"Köln Hbf",467631948029280047-2609250831-8,"ICE 225",2609251114,33,0
"Köln Hbf",-2664747470423541798-2609250652-8,"ICE 654",2609251114,62,0
"Düsseldorf Hbf",-1863724056778564852-2609251117-1,"ICE 625",2609251117,4,0
"Düsseldorf Hbf",3450663025951470366-2609250602-9,"ICE 1521",2609251119,12,0
"Düsseldorf Hbf",3704713885565394549-2609251024-4,"ICE 29",2609251124,17,0
"Düsseldorf Hbf",-508151058757607646-2609250716-10,"ICE 202",2609251132,6,0
"Köln Hbf",98157840525274029-2609251011-6,"ICE 1610",2609251133,1,0
"Düsseldorf Hbf",-7827307397706401371-2609250644-8,"ICE 728",2609251137,7,0
"Köln Hbf",-9221432942161771616-2609251138-1,"ICE 859",2609251138,0,0
"Köln Hbf",-3207602294555876168-2609251034-3,"ICE 16",2609251139,14,0
"Köln Hbf",3450663025951470366-2609250602-10,"ICE 1521",2609251145,11,0
"Düsseldorf Hbf",6862846665566225825-2609250834-13,"IC 2009",2609251146,27,0
"Köln Hbf",-8775310893499181309-2609251146-1,"IC 2202",2609251146,0,0
"Köln Hbf",-4602427783665327588-2609250726-12,"ICE 517",2609251146,37,0
"Düsseldorf Hbf",-3935110464616838577-2609251150-1,"ICE 849",2609251150,7,0
"Köln Hbf",3704713885565394549-2609251024-5,"ICE 29",2609251150,17,0
"Köln Hbf",-8386336934533711188-2609250728-9,"ICE 1020",2609251205,7,0
"Köln Hbf",-7184453857839759572-2609250728-8,"ICE 612",2609251205,2,0
"Düsseldorf Hbf",-8775310893499181309-2609251146-2,"IC 2202",2609251208,7,0
"Düsseldorf Hbf",789381465621699355-2609250747-10,"ICE 944",2609251208,103,1
"Köln Hbf",4555217987378332456-2609250713-11,"ICE 1548",2609251209,95,0
"Köln Hbf",6862846665566225825-2609250834-14,"IC 2009",2609251214,29,0
"Köln Hbf",-6382331557337532208-2609251025-5,"ICE 15",2609251215,5,0
"Düsseldorf Hbf",-7766800689315712550-2609251219-1,"ICE 627",2609251219,3,0
"Düsseldorf Hbf",-5703640496454004355-2609250825-11,"ICE 107",2609251222,89,0
"Köln Hbf",5065395714490050726-2609250747-9,"ICE 954",2609251222,87,1
"Köln Hbf",-8376398398323607088-2609251229-1,"ICE 1517",2609251229,5,0
"Düsseldorf Hbf",-8386336934533711188-2609250728-10,"ICE 1020",2609251230,10,0
"Düsseldorf Hbf",5394868531176279031-2609250742-9,"ICE 726",2609251240,30,0
"Köln Hbf",-4712053304823003938-2609251134-4,"ICE 126",2609251243,5,0
"Köln Hbf",5886092952094503689-2609251244-1,"ICE 559",2609251244,7,0
"Düsseldorf Hbf",1869793107893408377-2609251031-7,"ICE 123",2609251245,8,0
"Köln Hbf",666711005360005078-2609250522-21,"IC 2044",2609251245,10,0
"Köln Hbf",607281138257369836-2609251245-1,"ICE 1032",2609251245,0,0
"Düsseldorf Hbf",-5225265888807154878-2609251248-1,"ICE 549",2609251248,20,1
"Köln Hbf",-5703640496454004355-2609250825-12,"ICE 107",2609251250,86,0
"Düsseldorf Hbf",-1202781486977583710-2609250819-8,"ICE 1010",2609251253,0,0
"Düsseldorf Hbf",-5763151150910106247-2609251155-5,"ICE 919",2609251302,50,0
"Köln Hbf",5555371111259384160-2609250759-9,"ICE 200",2609251305,2,0
"Düsseldorf Hbf",607281138257369836-2609251245-2,"ICE 1032",2609251306,3,0
"Köln Hbf",-1660175693055885317-2609250936-8,"IC 2047",2609251306,14,0
"Düsseldorf Hbf",-4712053304823003938-2609251134-5,"ICE 126",2609251310,10,0
"Düsseldorf Hbf",-3811000113167125819-2609250847-11,"ICE 642",2609251311,82,0
"Köln Hbf",1869793107893408377-2609251031-8,"ICE 123",2609251314,3,0
"Köln Hbf",7029715491133337413-2609250852-8,"ICE 652",2609251315,90,0
"Düsseldorf Hbf",2307301279586290347-2609251321-1,"ICE 629",2609251321,1,0
"Düsseldorf Hbf",6492627968416470339-2609251221-6,"ICE 229",2609251324,38,0
"Köln Hbf",-2157107938954049243-2609251101-6,"ICE 311",2609251324,5,0
"Düsseldorf Hbf",5555371111259384160-2609250759-10,"ICE 200",2609251332,4,0
"Köln Hbf",-7017661080292591369-2609251211-6,"ICE 1518",2609251333,0,0
"Köln Hbf",201535978532296242-2609251334-1,"ICE 1549",2609251334,0,1
"Düsseldorf Hbf",-4676367904559688889-2609250845-8,"ICE 724",2609251337,1,0
"Köln Hbf",-4020550040361167307-2609251338-1,"ICE 951",2609251338,0,1
"Köln Hbf",4216288988927907099-2609251234-3,"ICE 314",2609251339,1,0
"Düsseldorf Hbf",5900362052756938804-2609250951-16,"IC 2201",2609251346,26,0
"Köln Hbf",-3185038341433261764-2609251346-1,"IC 2200",2609251346,1,0
"Köln Hbf",-8471873024121272354-2609250926-12,"ICE 519",2609251346,59,0
"Düsseldorf Hbf",-1360629902197387952-2609251350-1,"ICE 941",2609251350,0,1
"Köln Hbf",6492627968416470339-2609251221-7,"ICE 229",2609251352,36,0
"Köln Hbf",9011011619156863439-2609250928-8,"ICE 610",2609251405,54,0
"Köln Hbf",338204297594764006-2609250827-10,"ICE 926",2609251406,30,0
"Düsseldorf Hbf",-3185038341433261764-2609251346-2,"IC 2200",2609251408,6,0
"Düsseldorf Hbf",7024771559125615258-2609250947-10,"ICE 942",2609251408,76,0
"Köln Hbf",5900362052756938804-2609250951-17,"IC 2201",2609251414,27,0
"Köln Hbf",4815612638303090443-2609251225-5,"ICE 315",2609251415,3,0
"Düsseldorf Hbf",-758807154932475400-2609251419-1,"ICE 721",2609251419,4,0
"Düsseldorf Hbf",6610086332469437335-2609251026-11,"ICE 109",2609251422,35,0
"Köln Hbf",2625224039751841654-2609250947-9,"ICE 952",2609251422,62,0
"Köln Hbf",4846835449118805747-2609251429-1,"ICE 1519",2609251429,0,0
"Düsseldorf Hbf",338204297594764006-2609250827-11,"ICE 926",2609251432,33,0
"Düsseldorf Hbf",-7906017824379584014-2609250946-9,"ICE 722",2609251436,4,0
"Köln Hbf",-8784598530479710827-2609251438-1,"ICE 310",2609251438,1,0
"Köln Hbf",-5676785138972199399-2609251334-4,"ICE 124",2609251443,3,0
"Köln Hbf",-6270903731699972278-2609251444-1,"ICE 651",2609251444,25,0
"Düsseldorf Hbf",-9018982874238179365-2609251233-7,"ICE 125",2609251445,2,0
"Köln Hbf",-5299413353021537464-2609250722-21,"IC 2046",2609251445,34,0
"Düsseldorf Hbf",7188954872564278301-2609251448-1,"ICE 641",2609251448,6,0
"Düsseldorf Hbf",-553863566957669250-2609250730-17,"ICE 1033",2609251450,13,0
"Köln Hbf",6610086332469437335-2609251026-12,"ICE 109",2609251450,32,0
"Düsseldorf Hbf",7844358081895785158-2609251019-8,"ICE 918",2609251453,18,0
"Düsseldorf Hbf",8564432605510706771-2609251353-4,"ICE 1011",2609251501,28,0
"Köln Hbf",7702481692019596064-2609250838-12,"ICE 108",2609251505,15,0
"Köln Hbf",7334323916340841763-2609251136-8,"IC 2045",2609251506,23,0
"Düsseldorf Hbf",-5676785138972199399-2609251334-5,"ICE 124",2609251510,13,0
"Düsseldorf Hbf",8642793912640631890-2609251047-11,"ICE 640",2609251511,124,1
"Köln Hbf",-9018982874238179365-2609251233-8,"ICE 125",2609251513,1,0
"Köln Hbf",-553863566957669250-2609250730-18,"ICE 1033",2609251515,20,0
"Köln Hbf",-7022498938457192021-2609251052-8,"ICE 650",2609251515,92,0
"Düsseldorf Hbf",5311537321398817844-2609251520-1,"ICE 723",2609251520,3,0
"Düsseldorf Hbf",-1497213994658544450-2609251154-6,"ICE 927",2609251522,17,0
"Düsseldorf Hbf",7702481692019596064-2609250838-13,"ICE 108",2609251532,19,0
"Köln Hbf",4945186918802353023-2609251411-6,"ICE 1516",2609251533,6,0
"Düsseldorf Hbf",6519626148103819066-2609251045-9,"ICE 720",2609251536,2,0
"Köln Hbf",-107298036587741504-2609251538-1,"ICE 953",2609251538,9,0
"Köln Hbf",2218943744552257469-2609251434-3,"ICE 14",2609251539,19,0
"Düsseldorf Hbf",-257816953041096365-2609251136-16,"IC 2203",2609251546,20,0
"Köln Hbf",8187582116097718743-2609251546-1,"IC 2008",2609251546,8,0
"Köln Hbf",5653087570567167872-2609251126-12,"ICE 611",2609251546,25,0
"Köln Hbf",-1497213994658544450-2609251154-7,"ICE 927",2609251548,14,0
"Düsseldorf Hbf",6378881227509878523-2609251550-1,"ICE 943",2609251550,15,0
"Köln Hbf",-6452407069337976676-2609251128-8,"ICE 518",2609251605,0,0
"Köln Hbf",1714824304013532901-2609251341-6,"ICE 228",2609251606,16,0
"Köln Hbf",-8732834586368903752-2609251607-1,"ICE 1520",2609251607,13,0
"Düsseldorf Hbf",8187582116097718743-2609251546-2,"IC 2008",2609251608,17,0
"Düsseldorf Hbf",-3330605035074967330-2609251147-10,"ICE 940",2609251608,99,0
"Köln Hbf",-257816953041096365-2609251136-17,"IC 2203",2609251614,19,0
"Köln Hbf",-482221124538025922-2609251425-5,"ICE 17",2609251615,6,0
"Düsseldorf Hbf",6556040714554725251-2609251619-1,"ICE 725",2609251619,1,0
"Köln Hbf",375201943151232777-2609251147-9,"ICE 950",2609251621,76,0
"Düsseldorf Hbf",-762086226758254325-2609251226-11,"ICE 201",2609251622,11,0
"Köln Hbf",-6579606754577220741-2609251501-5,"ICE 1716",2609251625,0,0
"Düsseldorf Hbf",-8732834586368903752-2609251607-2,"ICE 1520",2609251627,18,0
"Köln Hbf",5058768902280124693-2609251629-1,"ICE 1611",2609251629,3,0
"Düsseldorf Hbf",1714824304013532901-2609251341-7,"ICE 228",2609251632,22,0
"Düsseldorf Hbf",8429649765325465614-2609251145-9,"ICE 628",2609251640,34,0
"Köln Hbf",4524910290568704513-2609251534-4,"ICE 122",2609251643,1,0
"Köln Hbf",-157208555968192668-2609251644-1,"ICE 653",2609251644,11,0
"Düsseldorf Hbf",5612128767266048221-2609251433-7,"ICE 127",2609251645,26,0
"Köln Hbf",-5036776284380011862-2609250922-21,"IC 2048",2609251645,49,0
"Düsseldorf Hbf",-5511541014003594580-2609251648-1,"ICE 643",2609251648,0,1
"Düsseldorf Hbf",6330890959881575446-2609250922-14,"ICE 2311",2609251650,25,0
"Köln Hbf",-762086226758254325-2609251226-12,"ICE 201",2609251650,6,0
"Düsseldorf Hbf",-1838827148333657754-2609251220-8,"ICE 916",2609251653,65,0
"Düsseldorf Hbf",2333246513660073790-2609251553-5,"ICE 1013",2609251703,1,0
"Köln Hbf",-8705107722613527627-2609251059-15,"ICE 106",2609251705,12,0
"Köln Hbf",-7566186731885125077-2609251305-8,"ICE 2012",2609251706,86,0
"Düsseldorf Hbf",4524910290568704513-2609251534-5,"ICE 122",2609251710,2,0
"Köln Hbf",-893148775004719136-2609251711-1,"IC 2043",2609251711,0,1
"Düsseldorf Hbf",-8713208741749436113-2609251247-11,"ICE 548",2609251712,98,0
"Köln Hbf",5612128767266048221-2609251433-8,"ICE 127",2609251713,30,0
"Köln Hbf",-2894975550766125611-2609251252-8,"ICE 558",2609251715,126,0
"Köln Hbf",6330890959881575446-2609250922-15,"ICE 2311",2609251719,25,0
"Düsseldorf Hbf",6757774550243091278-2609251720-1,"ICE 727",2609251720,11,0
"Düsseldorf Hbf",-2924322226173910183-2609251703-3,"ICE 929",2609251724,10,0
"Köln Hbf",-1057492321374091038-2609251731-1,"ICE 713",2609251731,4,0
"Düsseldorf Hbf",-8705107722613527627-2609251059-16,"ICE 106",2609251732,17,0
"Köln Hbf",-8631361224774257822-2609251611-6,"ICE 1514",2609251733,6,0
"Düsseldorf Hbf",5042424630356113204-2609251245-8,"ICE 626",2609251738,11,0
"Köln Hbf",-4550645364654346112-2609251738-1,"ICE 955",2609251738,14,0
"Köln Hbf",3763871362376381297-2609251634-3,"ICE 12",2609251740,15,0
"Düsseldorf Hbf",-7566186731885125077-2609251305-9,"ICE 2012",2609251742,79,0
"Düsseldorf Hbf",-2882197430592295029-2609251351-16,"IC 2205",2609251746,20,0
"Köln Hbf",-3282400354544978678-2609251746-1,"IC 2006",2609251746,0,0
"Köln Hbf",-2910589038648014094-2609251326-12,"ICE 613",2609251746,35,0
"Düsseldorf Hbf",-8275737537227179086-2609251750-1,"ICE 945",2609251750,10,0
"Köln Hbf",-2924322226173910183-2609251703-4,"ICE 929",2609251750,9,0
"Köln Hbf",6954924236955692259-2609251328-8,"ICE 516",2609251805,12,0
"Köln Hbf",-8932280174819851842-2609251541-6,"ICE 28",2609251806,25,0
"Düsseldorf Hbf",-3282400354544978678-2609251746-2,"IC 2006",2609251808,5,0
"Düsseldorf Hbf",3702662415087684826-2609251347-10,"ICE 848",2609251808,76,0
"Köln Hbf",6423634419829337550-2609251434-11,"ICE 710",2609251808,8,0
"Köln Hbf",-2882197430592295029-2609251351-17,"IC 2205",2609251814,17,0
"Köln Hbf",4992819178731237054-2609251622-5,"ICE 317",2609251815,2,0
"Düsseldorf Hbf",-3019965818182152821-2609251821-1,"ICE 729",2609251821,3,0
"Düsseldorf Hbf",-7956047615718350819-2609251426-11,"ICE 203",2609251822,21,0
"Köln Hbf",-1900115166859559092-2609251347-9,"ICE 858",2609251822,55,0
"Düsseldorf Hbf",1459720362045900384-2609251235-10,"ICE 216",2609251824,0,0
"Köln Hbf",-7955422278217659578-2609251703-5,"ICE 1714",2609251825,4,0
"Köln Hbf",1407594009417555306-2609251829-1,"ICE 1613",2609251829,0,0
"Düsseldorf Hbf",-8932280174819851842-2609251541-7,"ICE 28",2609251832,28,0
"Düsseldorf Hbf",-4521437519262178170-2609251345-9,"ICE 624",2609251836,27,0
"Köln Hbf",-6750794421454638985-2609251420-8,"ICE 224",2609251843,6,0
"Köln Hbf",9016403526930832374-2609251844-1,"ICE 655",2609251844,9,0
"Düsseldorf Hbf",-2599950570116389517-2609251633-7,"ICE 129",2609251845,6,0
"Köln Hbf",-4140470391187734614-2609251122-21,"IC 2440",2609251845,7,0
"Düsseldorf Hbf",4447890004106418758-2609251848-1,"ICE 645",2609251848,15,0
"Düsseldorf Hbf",7867558493628354270-2609251115-18,"ICE 1037",2609251850,16,0
"Köln Hbf",-7956047615718350819-2609251426-12,"ICE 203",2609251850,18,0
"Düsseldorf Hbf",-6727683722954373951-2609251754-5,"ICE 1015",2609251901,29,0
"Köln Hbf",-4758242349678413284-2609251238-12,"ICE 104",2609251905,12,0
"Köln Hbf",2508597620716488611-2609251536-8,"IC 2041",2609251906,31,0
"Düsseldorf Hbf",3141971505559871903-2609251447-10,"ICE 546",2609251908,89,0
"Düsseldorf Hbf",-6750794421454638985-2609251420-9,"ICE 224",2609251910,10,0
"Köln Hbf",-2599950570116389517-2609251633-8,"ICE 129",2609251913,8,0
"Köln Hbf",8430642524571604487-2609251452-8,"ICE 556",2609251915,100,0
"Köln Hbf",7867558493628354270-2609251115-19,"ICE 1037",2609251916,19,0
"Düsseldorf Hbf",-3738461847412237185-2609251918-1,"ICE 821",2609251918,12,0
"Düsseldorf Hbf",2312296716933966404-2609251554-4,"ICE 1021",2609251921,35,0
"Düsseldorf Hbf",-4055232889596422409-2609250803-28,"ICE 118",2609251924,1,0
"Düsseldorf Hbf",-4758242349678413284-2609251238-13,"ICE 104",2609251932,15,0
"Köln Hbf",-4997552987396627422-2609251811-6,"ICE 1512",2609251933,8,0
"Düsseldorf Hbf",-2142784246140329213-2609251445-8,"ICE 622",2609251936,6,0
"Köln Hbf",3141971505559871903-2609251447-11,"ICE 546",2609251936,87,0
"Köln Hbf",-2451771813568964797-2609251938-1,"ICE 957",2609251938,10,0
"Köln Hbf",-8942408890709913676-2609251833-3,"ICE 10",2609251940,22,0
"Düsseldorf Hbf",1492120664389609114-2609251604-14,"IC 2207",2609251946,23,0
"Köln Hbf",-5425302918995479956-2609251526-12,"ICE 615",2609251946,2,0
"Köln Hbf",2312296716933966404-2609251554-5,"ICE 1021",2609251947,36,0
"Düsseldorf Hbf",3778695356863398992-2609251950-1,"ICE 947",2609251950,10,0
"Köln Hbf",-5040855886902453859-2609251528-8,"ICE 514",2609252005,3,0
"Köln Hbf",-1979196922867192201-2609251741-6,"ICE 26",2609252006,37,0
"Düsseldorf Hbf",798259414142998527-2609252009-1,"ICE 823",2609252009,2,0
"Düsseldorf Hbf",-9003107645534276753-2609251547-9,"ICE 846",2609252013,86,1
"Köln Hbf",1492120664389609114-2609251604-15,"IC 2207",2609252014,19,0
"Köln Hbf",4341219805487381340-2609251825-5,"ICE 19",2609252015,8,0
"Düsseldorf Hbf",-6235789055676348186-2609251626-11,"ICE 205",2609252022,15,0
"Köln Hbf",-819597198211929243-2609251547-9,"ICE 856",2609252022,83,0
"Düsseldorf Hbf",-1979196922867192201-2609251741-7,"ICE 26",2609252032,40,0
"Düsseldorf Hbf",-1188267942167451229-2609251545-9,"ICE 620",2609252037,5,0
"Köln Hbf",2576231255055476975-2609251934-4,"ICE 120",2609252043,9,0
"Düsseldorf Hbf",-7056878515633598205-2609251833-7,"ICE 221",2609252045,18,0
"Köln Hbf",-7949491460536242261-2609251322-21,"IC 2442",2609252045,35,0
"Köln Hbf",5646922477923288654-2609252045-1,"ICE 657",2609252045,30,0
"Köln Hbf",-6235789055676348186-2609251626-12,"ICE 205",2609252050,11,0
"Düsseldorf Hbf",-977669644680017628-2609251620-8,"ICE 912",2609252053,44,0
"Düsseldorf Hbf",8262134096716058006-2609251320-14,"ICE 2215",2609252059,74,0
"Köln Hbf",-7971996062035411059-2609251438-12,"ICE 102",2609252105,0,0
"Köln Hbf",1913356045703776437-2609251736-8,"IC 2349",2609252106,6,0
"Düsseldorf Hbf",2576231255055476975-2609251934-5,"ICE 120",2609252110,29,0
"Düsseldorf Hbf",-5885856201096992744-2609251647-10,"ICE 544",2609252112,120,1
"Köln Hbf",-7056878515633598205-2609251833-8,"ICE 221",2609252113,20,0
"Köln Hbf",6625519329407624873-2609251652-8,"ICE 554",2609252114,36,1
"Köln Hbf",8388183103841403836-2609251516-14,"ICE 1544",2609252119,0,1
"Düsseldorf Hbf",6194893901306646476-2609251726-11,"ICE 617",2609252121,3,0
"Köln Hbf",5268242451257549226-2609251901-6,"ICE 313",2609252124,3,0
"Köln Hbf",8262134096716058006-2609251320-15,"ICE 2215",2609252129,69,0
"Düsseldorf Hbf",50770787591072936-2609251644-9,"ICE 528",2609252137,14,0
"Köln Hbf",1555483896112278137-2609252014-6,"ICE 318",2609252139,0,0
"Köln Hbf",-5885856201096992744-2609251647-11,"ICE 544",2609252140,108,0
"Düsseldorf Hbf",-743390444667924643-2609251757-16,"IC 2209",2609252146,49,0
"Köln Hbf",6194893901306646476-2609251726-12,"ICE 617",2609252148,2,0
"Köln Hbf",7537395545451740415-2609251728-8,"ICE 512",2609252205,6,0
"Köln Hbf",-2673639474952672444-2609251943-6,"ICE 24",2609252206,8,0
"Düsseldorf Hbf",-4080761801504144103-2609251747-10,"ICE 844",2609252208,86,0
"Köln Hbf",-743390444667924643-2609251757-17,"IC 2209",2609252214,58,0
"Köln Hbf",-8088851598754426904-2609252022-4,"ICE 319",2609252215,9,0
"Düsseldorf Hbf",6810614476303646777-2609251826-11,"ICE 207",2609252222,8,0
"Köln Hbf",4711383125555203513-2609251747-9,"ICE 854",2609252222,76,0
"Köln Hbf",6195485783263057734-2609251819-7,"ICE 910",2609252230,49,0
"Düsseldorf Hbf",-2673639474952672444-2609251943-7,"ICE 24",2609252232,13,0
"Köln Hbf",-4080761801504144103-2609251747-11,"ICE 844",2609252234,84,0
"Düsseldorf Hbf",3736117015423388331-2609251746-9,"ICE 526",2609252236,5,0
"Köln Hbf",4804116960335233530-2609251522-21,"IC 2444",2609252245,0,1
"Köln Hbf",6810614476303646777-2609251826-12,"ICE 207",2609252251,2,0
"Köln Hbf",8570739711458019321-2609251936-8,"IC 2347",2609252306,36,0
"Köln Hbf",4005400229928334385-2609251659-16,"ICE 100",2609252310,5,1
"Düsseldorf Hbf",-1854738006003716349-2609251847-10,"ICE 542",2609252312,16,1
"Köln Hbf",2579078581490934825-2609251852-8,"ICE 552",2609252315,105,1
"Düsseldorf Hbf",7582314568044505717-2609252101-7,"IC 60403",2609252319,31,0
"Düsseldorf Hbf",5926473462606976417-2609251926-11,"ICE 619",2609252323,0,0
"Köln Hbf",5987880351959364904-2609252327-1,"ICE 1541",2609252327,20,0
"Düsseldorf Hbf",4005400229928334385-2609251659-17,"ICE 100",2609252337,2,1
"Köln Hbf",-6524998557445987060-2609251844-11,"ICE 524",2609252339,6,0
"Köln Hbf",-1854738006003716349-2609251847-11,"ICE 542",2609252339,11,0
"Köln Hbf",7582314568044505717-2609252101-8,"IC 60403",2609252345,31,0
"Düsseldorf Hbf",5987880351959364904-2609252327-2,"ICE 1541",2609252349,21,0
"Köln Hbf",5926473462606976417-2609251926-12,"ICE 619",2609252349,7,0
"Köln Hbf",-799478746309829249-2609252142-6,"ICE 22",2609260006,2,0
"Düsseldorf Hbf",-4737482986446738332-2609251947-10,"ICE 842",2609260008,33,0
"Köln Hbf",8322424274180843926-2609251928-9,"ICE 510",2609260010,0,0
"Düsseldorf Hbf",-4463983841688751065-2609252026-12,"ICE 209",2609260022,11,0
"Köln Hbf",-111241669532597234-2609251947-9,"ICE 852",2609260023,46,0
"Köln Hbf",-4383803236760390820-2609251945-12,"ICE 522",2609260031,11,0
"Köln Hbf",-4737482986446738332-2609251947-11,"ICE 842",2609260034,29,0
"Düsseldorf Hbf",-799478746309829249-2609252142-7,"ICE 22",2609260035,4,0
"Köln Hbf",-4463983841688751065-2609252026-13,"ICE 209",2609260048,8,0
"Düsseldorf Hbf",-2056885538516361019-2609252240-13,"ICE 550",2609260146,1,0
"Köln Hbf",8503777394879306018-2609252322-9,"ICE 920",2609260205,18,0
"Köln Hbf",-2056885538516361019-2609252240-14,"ICE 550",2609260213,-3,0
"Düsseldorf Hbf",8503777394879306018-2609252322-10,"ICE 920",2609260231,14,0
"Düsseldorf Hbf",2774174590951633862-2609252225-14,"ICE 921",2609260249,177,0
"Köln Hbf",2774174590951633862-2609252225-15,"ICE 921",2609260315,152,0
"Köln Hbf",7130605216857004791-2609260321-1,"ICE 827",2609260321,6,0
"Köln Hbf",-1822966271854478829-2609260400-1,"ICE 1028",2609260400,0,0
"Düsseldorf Hbf",-1822966271854478829-2609260400-3,"ICE 1028",2609260425,0,0
"Köln Hbf",8652078400714170233-2609260425-1,"ICE 541",2609260425,0,0
"Köln Hbf",-7455087584675999219-2609260428-1,"ICE 521",2609260428,0,0
"Düsseldorf Hbf",8652078400714170233-2609260425-2,"ICE 541",2609260447,7,0
"Düsseldorf Hbf",-881594861635697900-2609260400-6,"ICE 523",2609260455,61,1
"Köln Hbf",-1981361635087318141-2609260511-1,"IC 2445",2609260511,0,1
"Köln Hbf",1179810196779242077-2609260511-1,"ICE 208",2609260511,0,0
"Köln Hbf",-784036643221120658-2609260514-1,"ICE 2214",2609260514,0,0
"Düsseldorf Hbf",3596733780499351643-2609260422-6,"ICE 23",2609260522,49,0
"Köln Hbf",-397321280238564306-2609260525-1,"ICE 911",2609260525,41,0
"Köln Hbf",-5962154382149198734-2609260526-1,"ICE 843",2609260526,0,0
"Düsseldorf Hbf",1179810196779242077-2609260511-2,"ICE 208",2609260532,3,0
"Düsseldorf Hbf",-784036643221120658-2609260514-2,"ICE 2214",2609260537,2,0
"Köln Hbf",-486178897212069438-2609260538-1,"ICE 853",2609260538,0,0
"Köln Hbf",-3745426514835261167-2609260541-1,"IC 2208",2609260541,0,0
"Köln Hbf",4753870957390372842-2609252159-14,"IC 60402",2609260544,381,0
"Köln Hbf",4230433869735770140-2609260548-1,"ICE 511",2609260548,0,0
"Düsseldorf Hbf",-5962154382149198734-2609260526-2,"ICE 843",2609260549,5,0
"Köln Hbf",3596733780499351643-2609260422-7,"ICE 23",2609260549,47,0
"Düsseldorf Hbf",707692460492138158-2609260023-14,"ICE 1540",2609260555,6,1
"Düsseldorf Hbf",-3745426514835261167-2609260541-2,"IC 2208",2609260604,2,0
"Köln Hbf",2686007473625185344-2609260001-12,"ICE 618",2609260604,0,0
"Köln Hbf",-7723883505152961116-2609260611-1,"ICE 312",2609260611,3,0
"Düsseldorf Hbf",4753870957390372842-2609252159-15,"IC 60402",2609260615,378,0
"Düsseldorf Hbf",-7586352224211082006-2609260514-4,"ICE 525",2609260618,0,1
"Düsseldorf Hbf",8735574551800398555-2609260524-5,"ICE 101",2609260622,0,1
"Köln Hbf",707692460492138158-2609260023-15,"ICE 1540",2609260623,-10,0
"Köln Hbf",-4310203737838801908-2609260625-1,"ICE 543",2609260625,2,0
"Düsseldorf Hbf",2686007473625185344-2609260001-13,"ICE 618",2609260632,2,0
"Köln Hbf",-7151271002257875909-2609260502-6,"IC 2348",2609260645,21,0
"Köln Hbf",-8806275556870827116-2609260645-1,"ICE 553",2609260645,15,0
"Düsseldorf Hbf",-4310203737838801908-2609260625-2,"ICE 543",2609260647,10,0
"Köln Hbf",8886211019858254549-2609260649-1,"ICE 222",2609260649,15,0
"Köln Hbf",8735574551800398555-2609260524-6,"ICE 101",2609260650,1,0
"Düsseldorf Hbf",-6165068286223376269-2609260554-5,"ICE 913",2609260702,0,1
"Köln Hbf",-2103315967753215489-2609260609-3,"IC 2443",2609260706,30,1
"Düsseldorf Hbf",8886211019858254549-2609260649-2,"ICE 222",2609260710,59,0
"Köln Hbf",6135728412348303878-2609260711-1,"ICE 206",2609260711,0,0
"Düsseldorf Hbf",-853844594697067860-2609260615-4,"ICE 527",2609260718,0,1
"Düsseldorf Hbf",542680258128049209-2609260621-6,"ICE 25",2609260724,0,1
"Köln Hbf",5312563495212518167-2609260726-1,"ICE 845",2609260726,2,0
"Düsseldorf Hbf",6135728412348303878-2609260711-2,"ICE 206",2609260732,3,0
"Köln Hbf",-7772981549573087469-2609260733-1,"ICE 1713",2609260733,2,0
"Düsseldorf Hbf",8378187760869811763-2609260541-8,"ICE 826",2609260737,4,0
"Köln Hbf",7280780786399683236-2609260738-1,"ICE 855",2609260738,19,0
"Köln Hbf",4021377973164879687-2609260634-3,"ICE 18",2609260740,5,0
"Köln Hbf",2082653246441066227-2609260740-1,"ICE 2310",2609260740,8,0
"Köln Hbf",-1316725331766652964-2609260603-6,"ICE 513",2609260745,8,0
"Köln Hbf",-8638855930583862299-2609260746-1,"IC 2206",2609260746,0,0
"Düsseldorf Hbf",5312563495212518167-2609260726-2,"ICE 845",2609260749,7,0
"Köln Hbf",542680258128049209-2609260621-7,"ICE 25",2609260750,4,0
"Köln Hbf",-8185131505847408296-2609260801-1,"IC 2306",2609260801,0,0
"Köln Hbf",937531600424895578-2609260549-4,"ICE 616",2609260805,1,0
"Düsseldorf Hbf",2082653246441066227-2609260740-2,"ICE 2310",2609260807,15,0
"Düsseldorf Hbf",-8638855930583862299-2609260746-2,"IC 2206",2609260810,6,0
"Köln Hbf",-683349446891373235-2609260623-5,"ICE 11",2609260816,15,0
"Düsseldorf Hbf",7320863906691937525-2609260719-4,"ICE 529",2609260818,0,1
"Düsseldorf Hbf",8518232099080018263-2609260426-11,"ICE 103",2609260822,23,0
"Köln Hbf",-1489252697791169587-2609260825-1,"ICE 545",2609260825,2,0
"Düsseldorf Hbf",-8185131505847408296-2609260801-2,"IC 2306",2609260826,1,0
"Düsseldorf Hbf",8056505330798593907-2609260706-6,"ICE 119",2609260831,26,0
"Düsseldorf Hbf",1795377954048554987-2609260708-5,"ICE 824",2609260840,6,0
"Köln Hbf",-3687533052908579649-2609260734-4,"ICE 220",2609260843,7,0
"Köln Hbf",-5067205027928923412-2609260844-1,"ICE 555",2609260844,2,0
"Düsseldorf Hbf",1800994547680145354-2609260638-7,"ICE 121",2609260845,20,0
"Köln Hbf",-3987770513815330460-2609260539-12,"IC 2040",2609260845,7,0
"Köln Hbf",6675332026866779665-2609260845-1,"ICE 1036",2609260845,0,0
"Düsseldorf Hbf",-1489252697791169587-2609260825-2,"ICE 545",2609260847,10,0
"Köln Hbf",8518232099080018263-2609260426-12,"ICE 103",2609260850,20,0
"Düsseldorf Hbf",-5947456125297650390-2609260420-8,"ICE 1014",2609260853,0,1
"Düsseldorf Hbf",400157404087783375-2609260753-5,"ICE 915",2609260902,0,1
"Köln Hbf",-3316077366275075692-2609260516-8,"ICE 204",2609260905,0,1
"Düsseldorf Hbf",6675332026866779665-2609260845-2,"ICE 1036",2609260906,5,0
"Köln Hbf",4558275999006255649-2609260643-7,"IC 2441",2609260906,27,0
"Düsseldorf Hbf",-3687533052908579649-2609260734-5,"ICE 220",2609260910,19,0
"Düsseldorf Hbf",6972548221701888574-2609260418-15,"ICE 646",2609260912,10,0
"Köln Hbf",1800994547680145354-2609260638-8,"ICE 121",2609260913,32,0
"Düsseldorf Hbf",-2521696256132503788-2609260920-1,"ICE 621",2609260920,3,0
"Düsseldorf Hbf",-1790024725878292801-2609260820-6,"ICE 27",2609260924,0,1
"Köln Hbf",-8906112445839706377-2609260926-1,"ICE 847",2609260926,4,0
"Düsseldorf Hbf",-6888861751751692665-2609260817-6,"ICE 217",2609260928,0,1
"Düsseldorf Hbf",-3316077366275075692-2609260516-9,"ICE 204",2609260932,0,1
"Köln Hbf",8918082092638159592-2609260812-6,"ICE 1612",2609260932,24,0
"Düsseldorf Hbf",-6223962037244896084-2609260355-10,"ICE 822",2609260936,30,0
"Köln Hbf",7127812590731908748-2609260938-1,"ICE 857",2609260938,3,0
"Köln Hbf",-5717720788505540143-2609260833-3,"ICE 316",2609260939,31,0
"Düsseldorf Hbf",-6760724929342255350-2609260634-13,"IC 2007",2609260946,34,0
"Köln Hbf",-3482704518387342076-2609260946-1,"IC 2204",2609260946,0,0
"Köln Hbf",6512354943507599026-2609260526-12,"ICE 515",2609260946,7,0
"Düsseldorf Hbf",-8906112445839706377-2609260926-2,"ICE 847",2609260949,8,0
"Köln Hbf",-1790024725878292801-2609260820-7,"ICE 27",2609260952,0,0
"Köln Hbf",67517114520381301-2609260533-8,"ICE 614",2609261005,54,0
"Köln Hbf",4250821308365947570-2609260447-9,"ICE 1022",2609261006,22,0
"Düsseldorf Hbf",-3482704518387342076-2609260946-2,"IC 2204",2609261008,9,0
"Düsseldorf Hbf",-4782954664003624221-2609260526-12,"ICE 946",2609261008,10,0
"Köln Hbf",-6760724929342255350-2609260634-14,"IC 2007",2609261014,34,0
"Köln Hbf",7296668088221534520-2609260825-5,"ICE 13",2609261016,21,0
"Düsseldorf Hbf",7692347899239356115-2609261019-1,"ICE 623",2609261019,7,0
"Düsseldorf Hbf",-3500545049874534285-2609260626-11,"ICE 105",2609261022,34,0
"Köln Hbf",-6590078199824287896-2609260526-11,"ICE 956",2609261022,8,0
"Köln Hbf",309221757920376132-2609261029-1,"ICE 1515",2609261029,4,0
"Düsseldorf Hbf",4250821308365947570-2609260447-10,"ICE 1022",2609261035,24,0
"Düsseldorf Hbf",5509309536167095600-2609260455-10,"ICE 820",2609261040,56,0
"Köln Hbf",-8155331480429548080-2609260934-4,"ICE 128",2609261043,43,0
"Köln Hbf",-8614664585551473503-2609261044-1,"ICE 557",2609261044,1,0
"Düsseldorf Hbf",467631948029280047-2609260831-7,"ICE 225",2609261045,20,0
"Köln Hbf",5248730939501738569-2609260602-15,"IC 2042",2609261045,0,1
"Düsseldorf Hbf",211585818996437737-2609261048-1,"ICE 547",2609261048,11,0
"Köln Hbf",-3500545049874534285-2609260626-12,"ICE 105",2609261050,31,0
"Düsseldorf Hbf",-6324333303227400345-2609260620-8,"ICE 1012",2609261053,42,0
"Köln Hbf",8125274319994745100-2609261053-1,"ICE 2013",2609261053,0,0
"Köln Hbf",-5484826633666848988-2609261059-1,"ICE 903",2609261059,2,0
"Köln Hbf",-6769257866791628099-2609260859-4,"ICE 202",2609261105,25,1
"Köln Hbf",2031840069123671352-2609260736-8,"IC 2049",2609261106,21,0
"Düsseldorf Hbf",2417110662322496020-2609260647-10,"ICE 644",2609261109,25,0
"Düsseldorf Hbf",-8155331480429548080-2609260934-5,"ICE 128",2609261110,68,0
"Köln Hbf",467631948029280047-2609260831-8,"ICE 225",2609261114,18,0
"Köln Hbf",-2664747470423541798-2609260652-8,"ICE 654",2609261114,41,1
"Düsseldorf Hbf",-1863724056778564852-2609261117-1,"ICE 625",2609261117,8,0
"Düsseldorf Hbf",3450663025951470366-2609260602-8,"ICE 1521",2609261119,20,0
"Düsseldorf Hbf",3704713885565394549-2609261024-4,"ICE 29",2609261124,0,1
"Düsseldorf Hbf",-6769257866791628099-2609260859-5,"ICE 202",2609261132,40,0
"Köln Hbf",98157840525274029-2609261011-6,"ICE 1610",2609261133,39,0
"Düsseldorf Hbf",-7827307397706401371-2609260558-8,"ICE 728",2609261137,44,0
"Köln Hbf",-9221432942161771616-2609261138-1,"ICE 859",2609261138,2,0
"Köln Hbf",-3207602294555876168-2609261034-3,"ICE 16",2609261139,29,0
"Köln Hbf",3450663025951470366-2609260602-9,"ICE 1521",2609261145,17,0
"Düsseldorf Hbf",6862846665566225825-2609260834-13,"IC 2009",2609261146,32,0
"Köln Hbf",-8775310893499181309-2609261146-1,"IC 2202",2609261146,1,0
"Köln Hbf",-4602427783665327588-2609260726-12,"ICE 517",2609261146,15,0
"Düsseldorf Hbf",-3935110464616838577-2609261150-1,"ICE 849",2609261150,4,0
"Köln Hbf",3704713885565394549-2609261024-5,"ICE 29",2609261150,3,0
"Köln Hbf",5870596676071146481-2609260943-6,"ICE 1020",2609261205,3,0
"Köln Hbf",-7184453857839759572-2609260728-8,"ICE 612",2609261205,17,0
"Düsseldorf Hbf",-8775310893499181309-2609261146-2,"IC 2202",2609261208,9,0
"Düsseldorf Hbf",789381465621699355-2609260747-10,"ICE 944",2609261208,15,0
"Köln Hbf",4555217987378332456-2609260713-11,"ICE 1548",2609261209,17,0
"Köln Hbf",6862846665566225825-2609260834-14,"IC 2009",2609261214,31,0
"Köln Hbf",-6382331557337532208-2609261025-5,"ICE 15",2609261215,13,0
"Düsseldorf Hbf",-7766800689315712550-2609261219-1,"ICE 627",2609261219,8,0
"Düsseldorf Hbf",-5703640496454004355-2609260825-11,"ICE 107",2609261222,18,0
"Köln Hbf",5065395714490050726-2609260747-9,"ICE 954",2609261222,7,0
"Köln Hbf",-8376398398323607088-2609261229-1,"ICE 1517",2609261229,6,0
"Düsseldorf Hbf",5870596676071146481-2609260943-7,"ICE 1020",2609261230,25,0
"Düsseldorf Hbf",5394868531176279031-2609260705-9,"ICE 726",2609261240,26,0
"Köln Hbf",-4712053304823003938-2609261134-4,"ICE 126",2609261243,14,0
"Köln Hbf",5886092952094503689-2609261244-1,"ICE 559",2609261244,0,1
"Düsseldorf Hbf",1869793107893408377-2609261031-7,"ICE 123",2609261245,16,0
"Köln Hbf",-6199411325888200524-2609260640-18,"IC 2044",2609261245,6,0
"Köln Hbf",607281138257369836-2609261245-1,"ICE 1032",2609261245,0,0
"Düsseldorf Hbf",-5225265888807154878-2609261248-1,"ICE 549",2609261248,0,0
"Köln Hbf",-5703640496454004355-2609260825-12,"ICE 107",2609261250,14,0
"Düsseldorf Hbf",-1202781486977583710-2609260819-8,"ICE 1010",2609261253,4,0
"Düsseldorf Hbf",-5763151150910106247-2609261155-5,"ICE 919",2609261302,0,1
"Köln Hbf",5555371111259384160-2609260759-9,"ICE 200",2609261305,4,0
"Düsseldorf Hbf",607281138257369836-2609261245-2,"ICE 1032",2609261306,47,0
"Köln Hbf",-1660175693055885317-2609260936-8,"IC 2047",2609261306,19,0
"Düsseldorf Hbf",-4712053304823003938-2609261134-5,"ICE 126",2609261310,22,0
"Düsseldorf Hbf",-3811000113167125819-2609260847-11,"ICE 642",2609261311,31,1
"Köln Hbf",1869793107893408377-2609261031-8,"ICE 123",2609261314,67,0
"Köln Hbf",7029715491133337413-2609260852-8,"ICE 652",2609261315,11,0
"Düsseldorf Hbf",2307301279586290347-2609261321-1,"ICE 629",2609261321,2,1
"Düsseldorf Hbf",6492627968416470339-2609261221-6,"ICE 229",2609261324,2,1
"Köln Hbf",-2157107938954049243-2609261101-6,"ICE 311",2609261324,9,0
"Düsseldorf Hbf",5555371111259384160-2609260759-10,"ICE 200",2609261332,13,1
"Köln Hbf",-7017661080292591369-2609261211-6,"ICE 1518",2609261333,50,0
"Köln Hbf",201535978532296242-2609261334-1,"ICE 1549",2609261334,3,0
"Düsseldorf Hbf",39924231461852623-2609261208-4,"ICE 724",2609261337,44,0
"Köln Hbf",-4020550040361167307-2609261338-1,"ICE 951",2609261338,15,0
"Köln Hbf",4216288988927907099-2609261234-3,"ICE 314",2609261339,53,0
"Düsseldorf Hbf",5900362052756938804-2609260951-16,"IC 2201",2609261346,15,1
"Köln Hbf",-3185038341433261764-2609261346-1,"IC 2200",2609261346,0,0
"Köln Hbf",-8471873024121272354-2609260926-12,"ICE 519",2609261346,8,0
"Düsseldorf Hbf",-1360629902197387952-2609261350-1,"ICE 941",2609261350,5,0
"Köln Hbf",6492627968416470339-2609261221-7,"ICE 229",2609261352,27,0
"Köln Hbf",9011011619156863439-2609260928-8,"ICE 610",2609261405,29,0
"Köln Hbf",-1318378886691044790-2609261143-6,"ICE 926",2609261406,1,0
"Düsseldorf Hbf",-3185038341433261764-2609261346-2,"IC 2200",2609261408,22,0
"Düsseldorf Hbf",7024771559125615258-2609260947-10,"ICE 942",2609261408,20,1
"Köln Hbf",5900362052756938804-2609260951-17,"IC 2201",2609261414,34,0
"Köln Hbf",4815612638303090443-2609261225-5,"ICE 315",2609261415,8,0
"Düsseldorf Hbf",-758807154932475400-2609261419-1,"ICE 721",2609261419,5,0
"Düsseldorf Hbf",6610086332469437335-2609261026-11,"ICE 109",2609261422,13,0
"Köln Hbf",2625224039751841654-2609260947-9,"ICE 952",2609261422,23,0
"Köln Hbf",4846835449118805747-2609261429-1,"ICE 1519",2609261429,1,0
"Düsseldorf Hbf",-1318378886691044790-2609261143-7,"ICE 926",2609261432,5,0
"Düsseldorf Hbf",-7906017824379584014-2609260901-9,"ICE 722",2609261436,31,0
"Köln Hbf",-8784598530479710827-2609261438-1,"ICE 310",2609261438,10,0
"Köln Hbf",-5676785138972199399-2609261334-4,"ICE 124",2609261443,12,0
"Köln Hbf",-6270903731699972278-2609261444-1,"ICE 651",2609261444,0,0
"Düsseldorf Hbf",-9018982874238179365-2609261233-7,"ICE 125",2609261445,4,0
"Köln Hbf",-5299413353021537464-2609260722-21,"IC 2046",2609261445,26,0
"Düsseldorf Hbf",7188954872564278301-2609261448-1,"ICE 641",2609261448,0,1
"Düsseldorf Hbf",-553863566957669250-2609260730-17,"ICE 1033",2609261450,10,0
"Köln Hbf",6610086332469437335-2609261026-12,"ICE 109",2609261450,19,0
"Düsseldorf Hbf",7844358081895785158-2609261019-8,"ICE 918",2609261453,17,0
"Düsseldorf Hbf",8564432605510706771-2609261353-4,"ICE 1011",2609261501,5,0
"Köln Hbf",7702481692019596064-2609260838-12,"ICE 108",2609261505,6,0
"Köln Hbf",7334323916340841763-2609261136-8,"IC 2045",2609261506,36,0
"Düsseldorf Hbf",-5676785138972199399-2609261334-5,"ICE 124",2609261510,27,0
"Düsseldorf Hbf",8642793912640631890-2609261047-11,"ICE 640",2609261511,26,0
"Köln Hbf",-9018982874238179365-2609261233-8,"ICE 125",2609261513,6,0
"Köln Hbf",-553863566957669250-2609260730-18,"ICE 1033",2609261515,11,0
"Köln Hbf",-7022498938457192021-2609261052-8,"ICE 650",2609261515,38,0
"Düsseldorf Hbf",5311537321398817844-2609261520-1,"ICE 723",2609261520,3,0
"Düsseldorf Hbf",-1497213994658544450-2609261154-6,"ICE 927",2609261522,19,0
"Düsseldorf Hbf",7702481692019596064-2609260838-13,"ICE 108",2609261532,9,0
"Köln Hbf",4945186918802353023-2609261411-6,"ICE 1516",2609261533,2,0
"Düsseldorf Hbf",4951970845214276878-2609261408-5,"ICE 720",2609261536,6,0
"Köln Hbf",-107298036587741504-2609261538-1,"ICE 953",2609261538,0,0
"Köln Hbf",2218943744552257469-2609261434-3,"ICE 14",2609261539,9,0
"Düsseldorf Hbf",-257816953041096365-2609261136-16,"IC 2203",2609261546,0,1
"Köln Hbf",8187582116097718743-2609261546-1,"IC 2008",2609261546,1,0
"Köln Hbf",5653087570567167872-2609261126-12,"ICE 611",2609261546,29,0
"Köln Hbf",-1497213994658544450-2609261154-7,"ICE 927",2609261548,16,0
"Düsseldorf Hbf",6378881227509878523-2609261550-1,"ICE 943",2609261550,0,1
"Köln Hbf",-6452407069337976676-2609261128-8,"ICE 518",2609261605,4,0
"Köln Hbf",1714824304013532901-2609261341-6,"ICE 228",2609261606,55,0
"Düsseldorf Hbf",8187582116097718743-2609261546-2,"IC 2008",2609261608,5,0
"Düsseldorf Hbf",-3330605035074967330-2609261147-10,"ICE 940",2609261608,24,0
"Köln Hbf",-257816953041096365-2609261136-17,"IC 2203",2609261614,0,1
"Köln Hbf",-482221124538025922-2609261425-5,"ICE 17",2609261614,10,0
"Düsseldorf Hbf",6556040714554725251-2609261619-1,"ICE 725",2609261619,2,0
"Köln Hbf",375201943151232777-2609261147-9,"ICE 950",2609261621,-4,0
"Düsseldorf Hbf",-762086226758254325-2609261226-11,"ICE 201",2609261622,19,0
"Köln Hbf",5058768902280124693-2609261629-1,"ICE 1611",2609261629,0,0
"Düsseldorf Hbf",1714824304013532901-2609261341-7,"ICE 228",2609261632,57,0
"Düsseldorf Hbf",-7685575369883825484-2609261507-5,"ICE 628",2609261640,0,0
"Köln Hbf",4524910290568704513-2609261534-4,"ICE 122",2609261643,1,0
"Köln Hbf",-157208555968192668-2609261644-1,"ICE 653",2609261644,0,0
"Düsseldorf Hbf",5612128767266048221-2609261433-7,"ICE 127",2609261645,16,0
"Köln Hbf",-5036776284380011862-2609260922-21,"IC 2048",2609261645,16,0
"Düsseldorf Hbf",-5511541014003594580-2609261648-1,"ICE 643",2609261648,2,0
"Düsseldorf Hbf",6330890959881575446-2609260922-14,"ICE 2311",2609261650,120,1
"Köln Hbf",-762086226758254325-2609261226-12,"ICE 201",2609261650,16,0
"Düsseldorf Hbf",-1838827148333657754-2609261220-8,"ICE 916",2609261653,63,0
"Düsseldorf Hbf",-3817868649342238371-2609261326-8,"IC 2305",2609261659,0,0
"Düsseldorf Hbf",2333246513660073790-2609261553-5,"ICE 1013",2609261703,5,0
"Köln Hbf",-8705107722613527627-2609261059-15,"ICE 106",2609261705,6,0
"Köln Hbf",-7566186731885125077-2609261305-8,"ICE 2012",2609261706,22,0
"Düsseldorf Hbf",4524910290568704513-2609261534-5,"ICE 122",2609261710,5,0
"Köln Hbf",-893148775004719136-2609261711-1,"IC 2043",2609261711,4,0
"Düsseldorf Hbf",-8713208741749436113-2609261247-11,"ICE 548",2609261712,22,0
"Köln Hbf",5612128767266048221-2609261433-8,"ICE 127",2609261713,21,0
"Köln Hbf",-2894975550766125611-2609261252-8,"ICE 558",2609261715,45,0
"Köln Hbf",6330890959881575446-2609260922-15,"ICE 2311",2609261719,114,1
"Düsseldorf Hbf",6757774550243091278-2609261720-1,"ICE 727",2609261720,2,0
"Düsseldorf Hbf",-2924322226173910183-2609261703-3,"ICE 929",2609261724,1,0
"Düsseldorf Hbf",-8705107722613527627-2609261059-16,"ICE 106",2609261732,14,0
"Köln Hbf",-3817868649342238371-2609261326-9,"IC 2305",2609261733,0,0
"Köln Hbf",-8631361224774257822-2609261611-6,"ICE 1514",2609261733,0,0
"Düsseldorf Hbf",5042424630356113204-2609261201-8,"ICE 626",2609261738,7,0
"Köln Hbf",-4550645364654346112-2609261738-1,"ICE 955",2609261738,0,1
"Köln Hbf",3763871362376381297-2609261634-3,"ICE 12",2609261740,5,0
"Düsseldorf Hbf",-7566186731885125077-2609261305-9,"ICE 2012",2609261742,24,0
"Düsseldorf Hbf",-2882197430592295029-2609261351-16,"IC 2205",2609261746,3,0
"Köln Hbf",-2910589038648014094-2609261326-12,"ICE 613",2609261746,22,0
"Düsseldorf Hbf",-8275737537227179086-2609261750-1,"ICE 945",2609261750,2,0
"Köln Hbf",-2924322226173910183-2609261703-4,"ICE 929",2609261750,2,0
"Köln Hbf",6954924236955692259-2609261328-8,"ICE 516",2609261805,2,0
"Köln Hbf",-8932280174819851842-2609261541-6,"ICE 28",2609261806,17,0
"Düsseldorf Hbf",3702662415087684826-2609261347-10,"ICE 848",2609261808,19,0
"Köln Hbf",-2882197430592295029-2609261351-17,"IC 2205",2609261814,-1,0
"Köln Hbf",4992819178731237054-2609261625-5,"ICE 317",2609261814,16,0
"Düsseldorf Hbf",-3019965818182152821-2609261821-1,"ICE 729",2609261821,4,0
"Düsseldorf Hbf",-7956047615718350819-2609261426-11,"ICE 203",2609261822,13,0
"Köln Hbf",-1900115166859559092-2609261347-9,"ICE 858",2609261822,0,0
"Düsseldorf Hbf",1459720362045900384-2609261235-10,"ICE 216",2609261824,7,0
"Köln Hbf",-7955422278217659578-2609261703-5,"ICE 1714",2609261825,1,0
"Köln Hbf",1407594009417555306-2609261829-1,"ICE 1613",2609261829,0,0
"Düsseldorf Hbf",-8932280174819851842-2609261541-7,"ICE 28",2609261832,22,0
"Düsseldorf Hbf",-6518007351496654334-2609261708-5,"ICE 624",2609261836,4,0
"Köln Hbf",-6750794421454638985-2609261420-8,"ICE 224",2609261843,9,0
"Köln Hbf",9016403526930832374-2609261844-1,"ICE 655",2609261844,17,0
"Düsseldorf Hbf",-2599950570116389517-2609261633-7,"ICE 129",2609261845,21,0
"Köln Hbf",-4140470391187734614-2609261122-21,"IC 2440",2609261845,2,0
"Düsseldorf Hbf",4447890004106418758-2609261848-1,"ICE 645",2609261848,7,0
"Düsseldorf Hbf",7867558493628354270-2609261115-18,"ICE 1037",2609261850,11,0
"Köln Hbf",-7956047615718350819-2609261426-12,"ICE 203",2609261850,9,0
"Düsseldorf Hbf",-6727683722954373951-2609261754-5,"ICE 1015",2609261901,9,0
"Köln Hbf",4145934425369798006-2609261659-4,"ICE 104",2609261905,7,0
"Köln Hbf",2508597620716488611-2609261536-8,"IC 2041",2609261906,10,0
"Düsseldorf Hbf",3141971505559871903-2609261447-10,"ICE 546",2609261908,14,0
"Düsseldorf Hbf",-6750794421454638985-2609261420-9,"ICE 224",2609261910,14,0
"Köln Hbf",-2599950570116389517-2609261633-8,"ICE 129",2609261913,14,1
"Köln Hbf",8430642524571604487-2609261452-8,"ICE 556",2609261915,45,0
"Köln Hbf",7867558493628354270-2609261115-19,"ICE 1037",2609261916,14,0
"Düsseldorf Hbf",-3738461847412237185-2609261918-1,"ICE 821",2609261918,2,0
"Düsseldorf Hbf",2312296716933966404-2609261554-4,"ICE 1021",2609261921,36,0
"Düsseldorf Hbf",-4055232889596422409-2609260803-28,"ICE 118",2609261924,3,0
"Düsseldorf Hbf",4145934425369798006-2609261659-5,"ICE 104",2609261932,10,0
"Köln Hbf",-4997552987396627422-2609261811-6,"ICE 1512",2609261933,1,0
"Düsseldorf Hbf",-2142784246140329213-2609261400-8,"ICE 622",2609261936,1,0
"Köln Hbf",3141971505559871903-2609261447-11,"ICE 546",2609261936,12,0
"Köln Hbf",-2451771813568964797-2609261938-1,"ICE 957",2609261938,0,0
"Köln Hbf",-8942408890709913676-2609261833-3,"ICE 10",2609261940,6,0
"Düsseldorf Hbf",1492120664389609114-2609261604-14,"IC 2207",2609261946,0,0
"Köln Hbf",-5425302918995479956-2609261526-12,"ICE 615",2609261946,42,1
"Köln Hbf",2312296716933966404-2609261554-5,"ICE 1021",2609261947,34,0
"Düsseldorf Hbf",3778695356863398992-2609261950-1,"ICE 947",2609261950,1,0
"Köln Hbf",-5040855886902453859-2609261528-8,"ICE 514",2609262005,84,0
"Köln Hbf",-1979196922867192201-2609261741-6,"ICE 26",2609262006,11,0
"Düsseldorf Hbf",798259414142998527-2609262009-1,"ICE 823",2609262009,23,0
"Düsseldorf Hbf",-9003107645534276753-2609261547-9,"ICE 846",2609262013,31,0
"Köln Hbf",1492120664389609114-2609261604-15,"IC 2207",2609262014,-3,0
"Köln Hbf",4341219805487381340-2609261825-5,"ICE 19",2609262015,19,0
"Düsseldorf Hbf",-6235789055676348186-2609261626-11,"ICE 205",2609262022,7,0
"Köln Hbf",-819597198211929243-2609261547-9,"ICE 856",2609262022,20,0
"Düsseldorf Hbf",-1979196922867192201-2609261741-7,"ICE 26",2609262032,10,0
"Düsseldorf Hbf",-4833156220839225886-2609261908-5,"ICE 620",2609262037,0,0
"Köln Hbf",2576231255055476975-2609261934-4,"ICE 120",2609262043,4,0
"Düsseldorf Hbf",-7056878515633598205-2609261833-7,"ICE 221",2609262045,0,0
"Köln Hbf",-7949491460536242261-2609261322-21,"IC 2442",2609262045,13,0
"Köln Hbf",-6235789055676348186-2609261626-12,"ICE 205",2609262050,5,0
"Düsseldorf Hbf",-977669644680017628-2609261620-8,"ICE 912",2609262053,1,0
"Düsseldorf Hbf",8262134096716058006-2609261320-14,"ICE 2215",2609262059,21,0
"Köln Hbf",-7971996062035411059-2609261438-12,"ICE 102",2609262105,3,0
"Köln Hbf",1913356045703776437-2609261736-8,"IC 2349",2609262106,8,0
"Düsseldorf Hbf",2576231255055476975-2609261934-5,"ICE 120",2609262110,7,0
"Düsseldorf Hbf",-5885856201096992744-2609261647-10,"ICE 544",2609262112,13,0
"Köln Hbf",-7056878515633598205-2609261833-8,"ICE 221",2609262113,1,0
"Köln Hbf",6625519329407624873-2609261652-8,"ICE 554",2609262114,3,0
"Köln Hbf",8388183103841403836-2609261516-14,"ICE 1544",2609262119,0,0
"Düsseldorf Hbf",6194893901306646476-2609261726-11,"ICE 617",2609262121,12,0
"Köln Hbf",5268242451257549226-2609261901-6,"ICE 313",2609262124,45,1
"Köln Hbf",8262134096716058006-2609261320-15,"ICE 2215",2609262129,16,0
"Düsseldorf Hbf",50770787591072936-2609261559-9,"ICE 528",2609262137,99,0
"Köln Hbf",1555483896112278137-2609262014-6,"ICE 318",2609262139,16,0
"Köln Hbf",-5885856201096992744-2609261647-11,"ICE 544",2609262140,11,0
"Köln Hbf",6194893901306646476-2609261726-12,"ICE 617",2609262148,9,0
"Köln Hbf",7537395545451740415-2609261728-8,"ICE 512",2609262205,21,0
"Düsseldorf Hbf",-4080761801504144103-2609261747-10,"ICE 844",2609262208,40,0
"Köln Hbf",-8088851598754426904-2609262025-5,"ICE 319",2609262215,27,0
"Düsseldorf Hbf",6810614476303646777-2609261826-11,"ICE 207",2609262222,2,0
"Köln Hbf",4711383125555203513-2609261747-9,"ICE 854",2609262222,19,0
"Köln Hbf",6195485783263057734-2609261819-7,"ICE 910",2609262230,10,0
"Köln Hbf",-4080761801504144103-2609261747-11,"ICE 844",2609262234,37,0
"Düsseldorf Hbf",-8448482652463283989-2609262108-5,"ICE 526",2609262236,23,0
"Köln Hbf",4804116960335233530-2609261522-21,"IC 2444",2609262245,27,0
"Köln Hbf",6810614476303646777-2609261826-12,"ICE 207",2609262251,-2,0
"Düsseldorf Hbf",-2673639474952672444-2609261943-3,"ICE 24",2609262256,33,0
"Köln Hbf",4005400229928334385-2609261659-16,"ICE 100",2609262310,3,0
"Düsseldorf Hbf",-1854738006003716349-2609261847-10,"ICE 542",2609262312,24,0
"Köln Hbf",2579078581490934825-2609261852-8,"ICE 552",2609262315,10,0
"Düsseldorf Hbf",7582314568044505717-2609262101-7,"IC 60403",2609262319,0,1
"Düsseldorf Hbf",5926473462606976417-2609261926-11,"ICE 619",2609262323,0,0
"Köln Hbf",5987880351959364904-2609262327-1,"ICE 1541",2609262327,2,0
"Düsseldorf Hbf",4005400229928334385-2609261659-17,"ICE 100",2609262337,5,0
"Köln Hbf",-6524998557445987060-2609261800-11,"ICE 524",2609262339,2,0
"Köln Hbf",-1854738006003716349-2609261847-11,"ICE 542",2609262339,21,0
"Köln Hbf",7582314568044505717-2609262101-8,"IC 60403",2609262345,35,1
"Düsseldorf Hbf",5987880351959364904-2609262327-2,"ICE 1541",2609262349,3,0
"Köln Hbf",5926473462606976417-2609261926-12,"ICE 619",2609262349,9,0
"Düsseldorf Hbf",-4737482986446738332-2609261947-10,"ICE 842",2609270008,4,0
"Köln Hbf",8322424274180843926-2609261928-9,"ICE 510",2609270014,31,0
"Köln Hbf",-111241669532597234-2609261947-9,"ICE 852",2609270023,5,0
"Düsseldorf Hbf",-4463983841688751065-2609262026-12,"ICE 209",2609270024,0,0
"Köln Hbf",-4383803236760390820-2609261908-11,"ICE 522",2609270031,2,0
"Köln Hbf",-4737482986446738332-2609261947-11,"ICE 842",2609270034,1,0
"Düsseldorf Hbf",-799478746309829249-2609262144-3,"ICE 22",2609270042,12,0
"Köln Hbf",-4463983841688751065-2609262026-13,"ICE 209",2609270051,-2,0
"Düsseldorf Hbf",8503777394879306018-2609262325-3,"ICE 920",2609270231,24,0
"Düsseldorf Hbf",2774174590951633862-2609262225-14,"ICE 921",2609270249,34,0
"Köln Hbf",2774174590951633862-2609262225-15,"ICE 921",2609270315,38,0
"Köln Hbf",7130605216857004791-2609270321-1,"ICE 827",2609270321,0,0
"Köln Hbf",-1822966271854478829-2609270400-1,"ICE 1028",2609270400,0,0
"Düsseldorf Hbf",-1822966271854478829-2609270400-3,"ICE 1028",2609270425,1,0
"Köln Hbf",-7455087584675999219-2609270428-1,"ICE 521",2609270428,0,0
"Düsseldorf Hbf",-881594861635697900-2609270400-6,"ICE 523",2609270455,1,0
"Köln Hbf",1179810196779242077-2609270511-1,"ICE 208",2609270511,0,0
"Köln Hbf",-784036643221120658-2609270514-1,"ICE 2214",2609270514,1,0
"Düsseldorf Hbf",3596733780499351643-2609270422-6,"ICE 23",2609270522,1,0
"Köln Hbf",-5962154382149198734-2609270526-1,"ICE 843",2609270526,4,0
"Düsseldorf Hbf",1179810196779242077-2609270511-2,"ICE 208",2609270532,2,0
"Düsseldorf Hbf",-784036643221120658-2609270514-2,"ICE 2214",2609270537,1,0
"Düsseldorf Hbf",707692460492138158-2609270022-14,"ICE 1540",2609270547,4,0
"Köln Hbf",4230433869735770140-2609270548-1,"ICE 511",2609270548,0,0
"Düsseldorf Hbf",-5962154382149198734-2609270526-2,"ICE 843",2609270549,3,0
"Köln Hbf",3596733780499351643-2609270422-7,"ICE 23",2609270549,0,0
"Köln Hbf",2686007473625185344-2609270001-12,"ICE 618",2609270604,0,0
"Köln Hbf",-7723883505152961116-2609270611-1,"ICE 312",2609270611,0,0
"Köln Hbf",4753870957390372842-2609262159-14,"IC 60402",2609270614,30,0
"Köln Hbf",707692460492138158-2609270022-15,"ICE 1540",2609270615,0,0
"Düsseldorf Hbf",-7586352224211082006-2609270514-4,"ICE 525",2609270618,0,0
"Düsseldorf Hbf",8735574551800398555-2609270524-5,"ICE 101",2609270622,5,0
"Köln Hbf",-4310203737838801908-2609270625-1,"ICE 543",2609270625,1,0
"Düsseldorf Hbf",2686007473625185344-2609270001-13,"ICE 618",2609270632,2,0
"Düsseldorf Hbf",4753870957390372842-2609262159-15,"IC 60402",2609270641,30,0
"Köln Hbf",-8806275556870827116-2609270645-1,"ICE 553",2609270645,5,0
"Düsseldorf Hbf",-4310203737838801908-2609270625-2,"ICE 543",2609270647,1,0
"Köln Hbf",8886211019858254549-2609270649-1,"ICE 222",2609270649,0,0
"Köln Hbf",8735574551800398555-2609270524-6,"ICE 101",2609270650,2,0
"Düsseldorf Hbf",8886211019858254549-2609270649-2,"ICE 222",2609270710,5,0
"Köln Hbf",7366829146503955313-2609270711-1,"IC 2443",2609270711,25,1
"Köln Hbf",6135728412348303878-2609270711-1,"ICE 206",2609270711,0,1
"Düsseldorf Hbf",-853844594697067860-2609270615-4,"ICE 527",2609270718,1,0
"Düsseldorf Hbf",542680258128049209-2609270621-6,"ICE 25",2609270724,2,0
"Köln Hbf",5312563495212518167-2609270726-1,"ICE 845",2609270726,5,0
"Düsseldorf Hbf",6135728412348303878-2609270711-2,"ICE 206",2609270732,0,1
"Köln Hbf",-7772981549573087469-2609270733-1,"ICE 1713",2609270733,1,0
"Düsseldorf Hbf",8378187760869811763-2609270541-8,"ICE 826",2609270737,4,0
"Köln Hbf",7280780786399683236-2609270738-1,"ICE 855",2609270738,13,0
"Köln Hbf",4021377973164879687-2609270634-3,"ICE 18",2609270740,7,0
"Köln Hbf",2082653246441066227-2609270740-1,"ICE 2310",2609270740,0,0
"Köln Hbf",-1316725331766652964-2609270603-6,"ICE 513",2609270745,1,0
"Köln Hbf",-8638855930583862299-2609270746-1,"IC 2206",2609270746,0,0
"Düsseldorf Hbf",5312563495212518167-2609270726-2,"ICE 845",2609270749,11,0
"Köln Hbf",542680258128049209-2609270621-7,"ICE 25",2609270750,1,0
"Köln Hbf",-8185131505847408296-2609270801-1,"IC 2306",2609270801,0,0
"Köln Hbf",937531600424895578-2609270549-4,"ICE 616",2609270805,6,0
"Düsseldorf Hbf",2082653246441066227-2609270740-2,"ICE 2310",2609270807,-1,0
"Düsseldorf Hbf",-8638855930583862299-2609270746-2,"IC 2206",2609270810,0,0
"Köln Hbf",-683349446891373235-2609270623-5,"ICE 11",2609270816,6,0
"Düsseldorf Hbf",7320863906691937525-2609270719-4,"ICE 529",2609270818,8,0
"Düsseldorf Hbf",8518232099080018263-2609270426-11,"ICE 103",2609270822,10,0
"Köln Hbf",-1489252697791169587-2609270825-1,"ICE 545",2609270825,6,0
"Düsseldorf Hbf",-8185131505847408296-2609270801-2,"IC 2306",2609270826,2,0
"Düsseldorf Hbf",8056505330798593907-2609270706-6,"ICE 119",2609270831,3,0
"Düsseldorf Hbf",1795377954048554987-2609270708-5,"ICE 824",2609270840,0,1
"Köln Hbf",-3687533052908579649-2609270734-4,"ICE 220",2609270843,9,0
"Köln Hbf",-5067205027928923412-2609270844-1,"ICE 555",2609270844,9,0
"Düsseldorf Hbf",1800994547680145354-2609270640-7,"ICE 121",2609270845,2,0
"Köln Hbf",-3987770513815330460-2609270539-12,"IC 2040",2609270845,9,0
"Köln Hbf",6675332026866779665-2609270845-1,"ICE 1036",2609270845,0,0
"Düsseldorf Hbf",-1489252697791169587-2609270825-2,"ICE 545",2609270847,8,0
"Köln Hbf",8518232099080018263-2609270426-12,"ICE 103",2609270850,8,0
"Düsseldorf Hbf",400157404087783375-2609270753-5,"ICE 915",2609270902,5,0
"Köln Hbf",-3316077366275075692-2609270516-8,"ICE 204",2609270905,5,0
"Düsseldorf Hbf",6675332026866779665-2609270845-2,"ICE 1036",2609270906,2,0
"Köln Hbf",4558275999006255649-2609270643-7,"IC 2441",2609270906,12,0
"Düsseldorf Hbf",-3687533052908579649-2609270734-5,"ICE 220",2609270910,15,0
"Köln Hbf",1800994547680145354-2609270640-8,"ICE 121",2609270913,0,0
"Düsseldorf Hbf",-2521696256132503788-2609270920-1,"ICE 621",2609270920,3,0
"Düsseldorf Hbf",-1790024725878292801-2609270820-6,"ICE 27",2609270924,4,0
"Köln Hbf",-8906112445839706377-2609270926-1,"ICE 847",2609270926,0,0
"Düsseldorf Hbf",-6888861751751692665-2609270817-6,"ICE 217",2609270928,4,0
"Düsseldorf Hbf",-3316077366275075692-2609270516-9,"ICE 204",2609270932,7,0
"Köln Hbf",8918082092638159592-2609270812-6,"ICE 1612",2609270932,1,0
"Köln Hbf",7127812590731908748-2609270938-1,"ICE 857",2609270938,0,0
"Köln Hbf",-5717720788505540143-2609270833-3,"ICE 316",2609270939,8,0
"Köln Hbf",-3482704518387342076-2609270946-1,"IC 2204",2609270946,1,0
"Köln Hbf",6512354943507599026-2609270526-12,"ICE 515",2609270946,0,0
"Düsseldorf Hbf",-8906112445839706377-2609270926-2,"ICE 847",2609270949,0,0
"Köln Hbf",-1790024725878292801-2609270820-7,"ICE 27",2609270952,0,0
"Köln Hbf",67517114520381301-2609270533-8,"ICE 614",2609271005,31,0
"Köln Hbf",4250821308365947570-2609270453-9,"ICE 1022",2609271006,9,0
"Düsseldorf Hbf",-3482704518387342076-2609270946-2,"IC 2204",2609271008,3,0
"Düsseldorf Hbf",-4782954664003624221-2609270526-12,"ICE 946",2609271008,0,0
"Köln Hbf",7296668088221534520-2609270825-5,"ICE 13",2609271016,15,0
"Düsseldorf Hbf",7692347899239356115-2609271019-1,"ICE 623",2609271019,0,1
"Düsseldorf Hbf",-3500545049874534285-2609270626-11,"ICE 105",2609271022,4,0
"Köln Hbf",605085576810829439-2609271024-1,"ICE 547",2609271024,13,0
"Köln Hbf",309221757920376132-2609271029-1,"ICE 1515",2609271029,0,0
"Düsseldorf Hbf",4250821308365947570-2609270453-10,"ICE 1022",2609271035,13,0
"Düsseldorf Hbf",5509309536167095600-2609270455-10,"ICE 820",2609271040,-2,0
"Köln Hbf",-8155331480429548080-2609270934-4,"ICE 128",2609271043,3,0
"Köln Hbf",-8614664585551473503-2609271044-1,"ICE 557",2609271044,7,0
"Düsseldorf Hbf",467631948029280047-2609270831-7,"ICE 225",2609271045,15,0
"Köln Hbf",5248730939501738569-2609270602-15,"IC 2042",2609271045,3,0
"Düsseldorf Hbf",605085576810829439-2609271024-2,"ICE 547",2609271047,15,0
"Köln Hbf",-3500545049874534285-2609270626-12,"ICE 105",2609271050,5,0
"Köln Hbf",8125274319994745100-2609271053-1,"ICE 2013",2609271053,0,0
"Köln Hbf",-6769257866791628099-2609270859-4,"ICE 202",2609271105,3,0
"Köln Hbf",2031840069123671352-2609270736-8,"IC 2049",2609271106,14,0
"Düsseldorf Hbf",2417110662322496020-2609270647-10,"ICE 644",2609271109,2,0
"Düsseldorf Hbf",-8155331480429548080-2609270934-5,"ICE 128",2609271110,8,0
"Köln Hbf",467631948029280047-2609270831-8,"ICE 225",2609271114,12,0
"Köln Hbf",-2664747470423541798-2609270652-8,"ICE 654",2609271114,2,0
"Düsseldorf Hbf",-8863207438757954687-2609271020-4,"ICE 625",2609271115,18,0
"Düsseldorf Hbf",3704713885565394549-2609271024-4,"ICE 29",2609271124,14,0
"Düsseldorf Hbf",-6769257866791628099-2609270859-5,"ICE 202",2609271132,9,0
"Köln Hbf",98157840525274029-2609271011-6,"ICE 1610",2609271133,0,0
"Düsseldorf Hbf",-1143682751745994567-2609271008-4,"ICE 728",2609271137,5,0
"Köln Hbf",-9221432942161771616-2609271138-1,"ICE 859",2609271138,0,0
"Köln Hbf",-3207602294555876168-2609271034-3,"ICE 16",2609271139,6,0
"Düsseldorf Hbf",6862846665566225825-2609270834-13,"IC 2009",2609271146,11,0
"Köln Hbf",-8775310893499181309-2609271146-1,"IC 2202",2609271146,0,0
"Köln Hbf",-4602427783665327588-2609270726-12,"ICE 517",2609271146,8,0
"Düsseldorf Hbf",-3935110464616838577-2609271150-1,"ICE 849",2609271150,1,0
"Köln Hbf",3704713885565394549-2609271024-5,"ICE 29",2609271150,17,0
"Köln Hbf",5870596676071146481-2609270943-6,"ICE 1020",2609271205,8,0
"Köln Hbf",-7184453857839759572-2609270728-8,"ICE 612",2609271205,2,0
"Düsseldorf Hbf",-8775310893499181309-2609271146-2,"IC 2202",2609271208,3,0
"Düsseldorf Hbf",789381465621699355-2609270747-10,"ICE 944",2609271208,18,0
"Köln Hbf",4555217987378332456-2609270713-11,"ICE 1548",2609271209,3,0
"Köln Hbf",6862846665566225825-2609270834-14,"IC 2009",2609271214,11,0
"Köln Hbf",-6382331557337532208-2609271025-5,"ICE 15",2609271215,4,0
"Düsseldorf Hbf",-7766800689315712550-2609271219-1,"ICE 627",2609271219,1,0
"Düsseldorf Hbf",-5703640496454004355-2609270825-11,"ICE 107",2609271222,10,0
"Köln Hbf",5065395714490050726-2609270747-9,"ICE 954",2609271222,11,0
"Köln Hbf",-8376398398323607088-2609271229-1,"ICE 1517",2609271229,0,0
"Düsseldorf Hbf",5870596676071146481-2609270943-7,"ICE 1020",2609271230,14,0
"Düsseldorf Hbf",5394868531176279031-2609270705-9,"ICE 726",2609271240,3,0
"Köln Hbf",-4712053304823003938-2609271134-4,"ICE 126",2609271243,2,0
"Köln Hbf",5886092952094503689-2609271244-1,"ICE 559",2609271244,3,0
"Düsseldorf Hbf",1869793107893408377-2609271031-7,"ICE 123",2609271245,5,0
"Köln Hbf",-6199411325888200524-2609270640-18,"IC 2044",2609271245,11,0
"Köln Hbf",607281138257369836-2609271245-1,"ICE 1032",2609271245,0,0
"Düsseldorf Hbf",-5225265888807154878-2609271248-1,"ICE 549",2609271248,5,0
"Köln Hbf",-5703640496454004355-2609270825-12,"ICE 107",2609271250,5,0
"Düsseldorf Hbf",-1202781486977583710-2609270819-8,"ICE 1010",2609271253,0,0
"Düsseldorf Hbf",-5763151150910106247-2609271155-5,"ICE 919",2609271302,2,0
"Köln Hbf",5555371111259384160-2609270759-9,"ICE 200",2609271305,2,0
"Düsseldorf Hbf",607281138257369836-2609271245-2,"ICE 1032",2609271306,2,0
"Köln Hbf",-1660175693055885317-2609270936-8,"IC 2047",2609271306,18,0
"Düsseldorf Hbf",-4712053304823003938-2609271134-5,"ICE 126",2609271310,5,0
"Düsseldorf Hbf",-3811000113167125819-2609270847-11,"ICE 642",2609271311,7,0
"Köln Hbf",1869793107893408377-2609271031-8,"ICE 123",2609271314,1,0
"Köln Hbf",7029715491133337413-2609270852-8,"ICE 652",2609271315,6,0
"Düsseldorf Hbf",2307301279586290347-2609271321-1,"ICE 629",2609271321,8,0
"Düsseldorf Hbf",6492627968416470339-2609271221-6,"ICE 229",2609271324,11,0
"Köln Hbf",-2157107938954049243-2609271101-6,"ICE 311",2609271324,5,0
"Düsseldorf Hbf",5555371111259384160-2609270759-10,"ICE 200",2609271332,4,0
"Köln Hbf",-7017661080292591369-2609271211-6,"ICE 1518",2609271333,3,0
"Köln Hbf",201535978532296242-2609271334-1,"ICE 1549",2609271334,1,0
"Düsseldorf Hbf",39924231461852623-2609271208-4,"ICE 724",2609271337,2,0
"Köln Hbf",-4020550040361167307-2609271338-1,"ICE 951",2609271338,10,0
"Köln Hbf",4216288988927907099-2609271234-3,"ICE 314",2609271339,8,0
"Düsseldorf Hbf",5900362052756938804-2609270951-16,"IC 2201",2609271346,2,0
"Köln Hbf",-3185038341433261764-2609271346-1,"IC 2200",2609271346,0,0
"Köln Hbf",-8471873024121272354-2609270926-12,"ICE 519",2609271346,45,0
"Düsseldorf Hbf",-1360629902197387952-2609271350-1,"ICE 941",2609271350,1,0
"Köln Hbf",6492627968416470339-2609271221-7,"ICE 229",2609271352,6,0
"Köln Hbf",9011011619156863439-2609270928-8,"ICE 610",2609271405,0,0
"Köln Hbf",-1318378886691044790-2609271143-6,"ICE 926",2609271406,9,0
"Düsseldorf Hbf",-3185038341433261764-2609271346-2,"IC 2200",2609271408,4,0
"Düsseldorf Hbf",7024771559125615258-2609270947-10,"ICE 942",2609271408,30,0
"Köln Hbf",5900362052756938804-2609270951-17,"IC 2201",2609271414,2,0
"Köln Hbf",4815612638303090443-2609271225-5,"ICE 315",2609271415,4,0
"Düsseldorf Hbf",-758807154932475400-2609271419-1,"ICE 721",2609271419,1,0
"Düsseldorf Hbf",6610086332469437335-2609271026-11,"ICE 109",2609271422,79,0
"Köln Hbf",2625224039751841654-2609270947-9,"ICE 952",2609271422,17,0
"Köln Hbf",4846835449118805747-2609271429-1,"ICE 1519",2609271429,0,0
"Düsseldorf Hbf",-1318378886691044790-2609271143-7,"ICE 926",2609271432,12,0
"Düsseldorf Hbf",-7906017824379584014-2609270901-9,"ICE 722",2609271436,5,0
"Köln Hbf",-8784598530479710827-2609271438-1,"ICE 310",2609271438,4,0
"Köln Hbf",-5676785138972199399-2609271334-4,"ICE 124",2609271443,1,0
"Köln Hbf",-6270903731699972278-2609271444-1,"ICE 651",2609271444,0,0
"Düsseldorf Hbf",-9018982874238179365-2609271233-7,"ICE 125",2609271445,17,0
"Köln Hbf",-5299413353021537464-2609270722-21,"IC 2046",2609271445,10,0
"Düsseldorf Hbf",7188954872564278301-2609271448-1,"ICE 641",2609271448,3,0
"Düsseldorf Hbf",-553863566957669250-2609270730-17,"ICE 1033",2609271450,63,0
"Köln Hbf",6610086332469437335-2609271026-12,"ICE 109",2609271450,75,1
"Düsseldorf Hbf",7844358081895785158-2609271019-8,"ICE 918",2609271453,2,0
"Düsseldorf Hbf",8564432605510706771-2609271353-4,"ICE 1011",2609271501,1,0
"Köln Hbf",7702481692019596064-2609270838-12,"ICE 108",2609271505,1,0
"Köln Hbf",7334323916340841763-2609271136-8,"IC 2045",2609271506,1,0
"Düsseldorf Hbf",-5676785138972199399-2609271334-5,"ICE 124",2609271510,5,0
"Düsseldorf Hbf",8642793912640631890-2609271047-11,"ICE 640",2609271511,14,0
"Köln Hbf",-9018982874238179365-2609271233-8,"ICE 125",2609271513,16,0
"Köln Hbf",-553863566957669250-2609270730-18,"ICE 1033",2609271515,72,0
"Köln Hbf",-7022498938457192021-2609271052-8,"ICE 650",2609271515,17,0
"Düsseldorf Hbf",5311537321398817844-2609271520-1,"ICE 723",2609271520,1,0
"Düsseldorf Hbf",-1497213994658544450-2609271154-6,"ICE 927",2609271522,47,0
"Düsseldorf Hbf",7702481692019596064-2609270838-13,"ICE 108",2609271532,2,0
"Köln Hbf",4945186918802353023-2609271411-6,"ICE 1516",2609271533,1,0
"Düsseldorf Hbf",4951970845214276878-2609271408-5,"ICE 720",2609271536,1,0
"Köln Hbf",-107298036587741504-2609271538-1,"ICE 953",2609271538,0,0
"Köln Hbf",2218943744552257469-2609271434-3,"ICE 14",2609271539,13,0
"Düsseldorf Hbf",-257816953041096365-2609271136-16,"IC 2203",2609271546,30,0
"Köln Hbf",8187582116097718743-2609271546-1,"IC 2008",2609271546,0,0
"Köln Hbf",5653087570567167872-2609271126-12,"ICE 611",2609271546,48,0
"Köln Hbf",-1497213994658544450-2609271154-7,"ICE 927",2609271548,45,0
"Düsseldorf Hbf",6378881227509878523-2609271550-1,"ICE 943",2609271550,0,0
"Köln Hbf",-6452407069337976676-2609271128-8,"ICE 518",2609271605,3,0
"Köln Hbf",1714824304013532901-2609271341-6,"ICE 228",2609271606,2,0
"Köln Hbf",-8732834586368903752-2609271607-1,"ICE 1520",2609271607,31,0
"Düsseldorf Hbf",8187582116097718743-2609271546-2,"IC 2008",2609271608,2,0
"Düsseldorf Hbf",-3330605035074967330-2609271147-10,"ICE 940",2609271608,38,0
"Köln Hbf",-257816953041096365-2609271136-17,"IC 2203",2609271614,36,0
"Köln Hbf",-482221124538025922-2609271425-5,"ICE 17",2609271615,8,0
"Düsseldorf Hbf",6556040714554725251-2609271619-1,"ICE 725",2609271619,3,0
"Köln Hbf",375201943151232777-2609271147-9,"ICE 950",2609271621,16,0
"Düsseldorf Hbf",-762086226758254325-2609271226-11,"ICE 201",2609271622,13,0
"Düsseldorf Hbf",-8732834586368903752-2609271607-2,"ICE 1520",2609271627,35,0
"Köln Hbf",5058768902280124693-2609271629-1,"ICE 1611",2609271629,0,0
"Düsseldorf Hbf",1714824304013532901-2609271341-7,"ICE 228",2609271632,2,0
"Düsseldorf Hbf",-7685575369883825484-2609271507-5,"ICE 628",2609271640,3,0
"Köln Hbf",4524910290568704513-2609271534-4,"ICE 122",2609271643,14,0
"Köln Hbf",-157208555968192668-2609271644-1,"ICE 653",2609271644,0,0
"Düsseldorf Hbf",5612128767266048221-2609271433-7,"ICE 127",2609271645,5,0
"Köln Hbf",-5036776284380011862-2609270922-21,"IC 2048",2609271645,28,0
"Düsseldorf Hbf",-5511541014003594580-2609271648-1,"ICE 643",2609271648,1,0
"Düsseldorf Hbf",6330890959881575446-2609270922-14,"ICE 2311",2609271650,68,0
"Köln Hbf",-762086226758254325-2609271226-12,"ICE 201",2609271650,8,0
"Düsseldorf Hbf",-1838827148333657754-2609271220-8,"ICE 916",2609271653,4,0
"Düsseldorf Hbf",-3817868649342238371-2609271326-8,"IC 2305",2609271659,5,0
"Düsseldorf Hbf",2333246513660073790-2609271553-5,"ICE 1013",2609271703,10,0
"Köln Hbf",-8705107722613527627-2609271059-15,"ICE 106",2609271705,3,0
"Köln Hbf",-7566186731885125077-2609271305-8,"ICE 2012",2609271706,11,0
"Düsseldorf Hbf",4524910290568704513-2609271534-5,"ICE 122",2609271710,22,0
"Köln Hbf",-893148775004719136-2609271711-1,"IC 2043",2609271711,9,0
"Düsseldorf Hbf",-8713208741749436113-2609271247-11,"ICE 548",2609271712,11,0
"Köln Hbf",5612128767266048221-2609271433-8,"ICE 127",2609271713,10,0
"Köln Hbf",-2894975550766125611-2609271252-8,"ICE 558",2609271715,6,0
"Köln Hbf",6330890959881575446-2609270922-15,"ICE 2311",2609271719,73,0
"Düsseldorf Hbf",6757774550243091278-2609271720-1,"ICE 727",2609271720,3,0
"Düsseldorf Hbf",-2924322226173910183-2609271703-3,"ICE 929",2609271724,5,0
"Düsseldorf Hbf",-8705107722613527627-2609271059-16,"ICE 106",2609271732,4,0
"Köln Hbf",-3817868649342238371-2609271326-9,"IC 2305",2609271733,0,0
"Köln Hbf",-8631361224774257822-2609271611-6,"ICE 1514",2609271733,7,0
"Düsseldorf Hbf",5042424630356113204-2609271201-8,"ICE 626",2609271738,28,0
"Köln Hbf",-4550645364654346112-2609271738-1,"ICE 955",2609271738,12,0
"Köln Hbf",3763871362376381297-2609271634-3,"ICE 12",2609271740,14,0
"Düsseldorf Hbf",-7566186731885125077-2609271305-9,"ICE 2012",2609271742,7,0
"Düsseldorf Hbf",-2882197430592295029-2609271351-16,"IC 2205",2609271746,17,0
"Köln Hbf",-3282400354544978678-2609271746-1,"IC 2006",2609271746,0,0
"Köln Hbf",-2910589038648014094-2609271326-12,"ICE 613",2609271746,36,0
"Düsseldorf Hbf",-8275737537227179086-2609271750-1,"ICE 945",2609271750,4,0
"Köln Hbf",-2924322226173910183-2609271703-4,"ICE 929",2609271750,3,0
"Köln Hbf",6954924236955692259-2609271328-8,"ICE 516",2609271805,7,0
"Köln Hbf",-8932280174819851842-2609271541-6,"ICE 28",2609271806,4,0
"Düsseldorf Hbf",-3282400354544978678-2609271746-2,"IC 2006",2609271808,4,0
"Düsseldorf Hbf",3702662415087684826-2609271347-10,"ICE 848",2609271808,62,0
"Köln Hbf",-2882197430592295029-2609271351-17,"IC 2205",2609271814,25,0
"Köln Hbf",4992819178731237054-2609271625-5,"ICE 317",2609271815,13,0
"Düsseldorf Hbf",-3019965818182152821-2609271821-1,"ICE 729",2609271821,8,0
"Düsseldorf Hbf",-7956047615718350819-2609271426-11,"ICE 203",2609271822,50,0
"Köln Hbf",-1900115166859559092-2609271347-9,"ICE 858",2609271822,51,0
"Düsseldorf Hbf",1459720362045900384-2609271235-10,"ICE 216",2609271824,7,0
"Köln Hbf",-7955422278217659578-2609271703-5,"ICE 1714",2609271825,29,0
"Köln Hbf",1407594009417555306-2609271829-1,"ICE 1613",2609271829,17,0
"Düsseldorf Hbf",-8932280174819851842-2609271541-7,"ICE 28",2609271832,4,0
"Düsseldorf Hbf",-6518007351496654334-2609271708-5,"ICE 624",2609271836,17,0
"Köln Hbf",-6750794421454638985-2609271420-8,"ICE 224",2609271843,9,0
"Köln Hbf",9016403526930832374-2609271844-1,"ICE 655",2609271844,0,0
"Düsseldorf Hbf",-2599950570116389517-2609271633-7,"ICE 129",2609271845,16,0
"Köln Hbf",-4140470391187734614-2609271122-21,"IC 2440",2609271845,33,0
"Düsseldorf Hbf",4447890004106418758-2609271848-1,"ICE 645",2609271848,8,0
"Düsseldorf Hbf",7867558493628354270-2609271115-18,"ICE 1037",2609271850,25,0
"Köln Hbf",-7956047615718350819-2609271426-12,"ICE 203",2609271850,47,0
"Düsseldorf Hbf",-6727683722954373951-2609271754-5,"ICE 1015",2609271901,0,0
"Köln Hbf",4145934425369798006-2609271659-4,"ICE 104",2609271905,11,0
"Köln Hbf",2508597620716488611-2609271536-8,"IC 2041",2609271906,22,0
"Düsseldorf Hbf",3141971505559871903-2609271447-10,"ICE 546",2609271908,21,0
"Düsseldorf Hbf",-6750794421454638985-2609271420-9,"ICE 224",2609271910,16,0
"Köln Hbf",-2599950570116389517-2609271633-8,"ICE 129",2609271913,16,0
"Köln Hbf",8430642524571604487-2609271452-8,"ICE 556",2609271915,15,0
"Köln Hbf",7867558493628354270-2609271115-19,"ICE 1037",2609271916,29,0
"Düsseldorf Hbf",-3738461847412237185-2609271918-1,"ICE 821",2609271918,1,0
"Düsseldorf Hbf",2312296716933966404-2609271554-4,"ICE 1021",2609271921,15,0
"Düsseldorf Hbf",-4055232889596422409-2609270803-28,"ICE 118",2609271924,7,0
"Düsseldorf Hbf",4145934425369798006-2609271659-5,"ICE 104",2609271932,15,0
"Köln Hbf",-4997552987396627422-2609271811-6,"ICE 1512",2609271933,17,0
"Düsseldorf Hbf",-2142784246140329213-2609271400-8,"ICE 622",2609271936,22,0
"Köln Hbf",3141971505559871903-2609271447-11,"ICE 546",2609271936,23,0
"Köln Hbf",-2451771813568964797-2609271938-1,"ICE 957",2609271938,10,0
"Köln Hbf",-8942408890709913676-2609271833-3,"ICE 10",2609271940,21,0
"Düsseldorf Hbf",1492120664389609114-2609271604-14,"IC 2207",2609271946,160,0
"Köln Hbf",-5425302918995479956-2609271526-12,"ICE 615",2609271946,49,1
"Köln Hbf",2312296716933966404-2609271554-5,"ICE 1021",2609271947,13,0
"Düsseldorf Hbf",3778695356863398992-2609271950-1,"ICE 947",2609271950,2,0
"Köln Hbf",-5040855886902453859-2609271528-8,"ICE 514",2609272005,2,0
"Köln Hbf",-1979196922867192201-2609271741-6,"ICE 26",2609272006,5,0
"Düsseldorf Hbf",798259414142998527-2609272009-1,"ICE 823",2609272009,3,0
"Düsseldorf Hbf",-9003107645534276753-2609271547-9,"ICE 846",2609272013,33,0
"Köln Hbf",1492120664389609114-2609271604-15,"IC 2207",2609272014,194,0
"Köln Hbf",4341219805487381340-2609271825-5,"ICE 19",2609272015,5,0
"Düsseldorf Hbf",-6235789055676348186-2609271626-11,"ICE 205",2609272022,5,0
"Köln Hbf",-819597198211929243-2609271547-9,"ICE 856",2609272022,33,0
"Düsseldorf Hbf",-1979196922867192201-2609271741-7,"ICE 26",2609272032,6,0
"Düsseldorf Hbf",-4833156220839225886-2609271908-5,"ICE 620",2609272037,4,0
"Köln Hbf",2576231255055476975-2609271934-4,"ICE 120",2609272043,7,0
"Düsseldorf Hbf",-7056878515633598205-2609271833-7,"ICE 221",2609272045,7,0
"Köln Hbf",-7949491460536242261-2609271322-21,"IC 2442",2609272045,19,0
"Köln Hbf",5646922477923288654-2609272045-1,"ICE 657",2609272045,0,0
"Köln Hbf",-6235789055676348186-2609271626-12,"ICE 205",2609272050,1,0
"Düsseldorf Hbf",-977669644680017628-2609271620-8,"ICE 912",2609272053,2,0
"Düsseldorf Hbf",8262134096716058006-2609271320-14,"ICE 2215",2609272059,32,0
"Köln Hbf",-7971996062035411059-2609271438-12,"ICE 102",2609272105,7,0
"Köln Hbf",1913356045703776437-2609271736-8,"IC 2349",2609272106,11,0
"Düsseldorf Hbf",2576231255055476975-2609271934-5,"ICE 120",2609272110,15,0
"Düsseldorf Hbf",-5885856201096992744-2609271647-10,"ICE 544",2609272112,48,0
"Köln Hbf",-7056878515633598205-2609271833-8,"ICE 221",2609272113,4,0
"Köln Hbf",6625519329407624873-2609271652-8,"ICE 554",2609272114,58,0
"Köln Hbf",8388183103841403836-2609271516-14,"ICE 1544",2609272119,20,0
"Düsseldorf Hbf",6194893901306646476-2609271726-11,"ICE 617",2609272121,15,0
"Köln Hbf",5268242451257549226-2609271901-6,"ICE 313",2609272124,0,1
"Köln Hbf",8262134096716058006-2609271320-15,"ICE 2215",2609272129,27,0
"Düsseldorf Hbf",50770787591072936-2609271559-9,"ICE 528",2609272137,2,0
"Köln Hbf",1555483896112278137-2609272014-6,"ICE 318",2609272139,22,0
"Köln Hbf",-5885856201096992744-2609271647-11,"ICE 544",2609272140,45,0
"Köln Hbf",6194893901306646476-2609271726-12,"ICE 617",2609272148,12,0
"Köln Hbf",5343082994331393331-2609271618-14,"ICE 902",2609272155,1,0
"Köln Hbf",7537395545451740415-2609271728-8,"ICE 512",2609272205,37,0
"Köln Hbf",2833625159253318698-2609271918-5,"IC 2347",2609272206,25,0
"Köln Hbf",-2673639474952672444-2609271943-6,"ICE 24",2609272206,50,0
"Düsseldorf Hbf",-4080761801504144103-2609271747-10,"ICE 844",2609272208,60,0
"Köln Hbf",-8088851598754426904-2609272025-5,"ICE 319",2609272215,15,0
"Düsseldorf Hbf",6810614476303646777-2609271826-11,"ICE 207",2609272222,5,0
"Köln Hbf",4711383125555203513-2609271747-9,"ICE 854",2609272222,36,0
"Köln Hbf",6195485783263057734-2609271819-7,"ICE 910",2609272230,86,0
"Düsseldorf Hbf",-2673639474952672444-2609271943-7,"ICE 24",2609272232,52,0
"Köln Hbf",-4080761801504144103-2609271747-11,"ICE 844",2609272234,57,0
"Düsseldorf Hbf",-8448482652463283989-2609272108-5,"ICE 526",2609272236,0,0
"Köln Hbf",4804116960335233530-2609271522-21,"IC 2444",2609272245,28,0
"Köln Hbf",6810614476303646777-2609271826-12,"ICE 207",2609272251,1,0
"Köln Hbf",4005400229928334385-2609271659-16,"ICE 100",2609272310,8,0
"Düsseldorf Hbf",-1854738006003716349-2609271847-10,"ICE 542",2609272312,10,0
"Köln Hbf",2579078581490934825-2609271852-8,"ICE 552",2609272315,45,0
"Düsseldorf Hbf",7582314568044505717-2609272101-7,"IC 60403",2609272319,18,0
"Düsseldorf Hbf",5926473462606976417-2609271926-11,"ICE 619",2609272323,4,0
"Köln Hbf",5987880351959364904-2609272327-1,"ICE 1541",2609272327,1,0
"Düsseldorf Hbf",4005400229928334385-2609271659-17,"ICE 100",2609272337,9,0
"Köln Hbf",290126838432696557-2609272207-7,"ICE 524",2609272339,1,0
"Köln Hbf",-1854738006003716349-2609271847-11,"ICE 542",2609272339,6,0
"Köln Hbf",7582314568044505717-2609272101-8,"IC 60403",2609272345,26,0
"Düsseldorf Hbf",5987880351959364904-2609272327-2,"ICE 1541",2609272349,2,0
"Köln Hbf",5926473462606976417-2609271926-12,"ICE 619",2609272349,16,0
"Düsseldorf Hbf",-4737482986446738332-2609271947-10,"ICE 842",2609280008,11,0
"Köln Hbf",8322424274180843926-2609271928-9,"ICE 510",2609280018,12,0
"Köln Hbf",-111241669532597234-2609271947-9,"ICE 852",2609280023,13,0
"Düsseldorf Hbf",-4463983841688751065-2609272026-12,"ICE 209",2609280024,0,0
"Köln Hbf",-4383803236760390820-2609271908-11,"ICE 522",2609280031,15,0
"Köln Hbf",-4737482986446738332-2609271947-11,"ICE 842",2609280034,7,0
"Köln Hbf",-4463983841688751065-2609272026-13,"ICE 209",2609280051,-1,0
"Köln Hbf",-799478746309829249-2609272144-2,"ICE 22",2609280115,0,0
"Düsseldorf Hbf",-2056885538516361019-2609272240-13,"ICE 550",2609280146,6,0
"Köln Hbf",4686693095549980576-2609280209-1,"ICE 920",2609280209,50,0
"Köln Hbf",-2056885538516361019-2609272240-14,"ICE 550",2609280213,4,0
"Düsseldorf Hbf",4686693095549980576-2609280209-2,"ICE 920",2609280231,52,0
"Düsseldorf Hbf",2774174590951633862-2609272225-14,"ICE 921",2609280249,11,0
"Köln Hbf",2774174590951633862-2609272225-15,"ICE 921",2609280315,6,0
"Köln Hbf",7130605216857004791-2609280321-1,"ICE 827",2609280321,0,0
"Köln Hbf",-1822966271854478829-2609280400-1,"ICE 1028",2609280400,0,0
"Düsseldorf Hbf",-1822966271854478829-2609280400-3,"ICE 1028",2609280425,2,0
"Köln Hbf",8652078400714170233-2609280425-1,"ICE 541",2609280425,0,0
"Köln Hbf",-7455087584675999219-2609280428-1,"ICE 521",2609280428,2,0
"Köln Hbf",6284591161410129597-2609280445-1,"ICE 551",2609280445,0,0
"Düsseldorf Hbf",8652078400714170233-2609280425-2,"ICE 541",2609280447,2,0
"Düsseldorf Hbf",-881594861635697900-2609280400-6,"ICE 523",2609280455,1,0
"Köln Hbf",-1981361635087318141-2609280511-1,"IC 2445",2609280511,0,0
"Köln Hbf",1179810196779242077-2609280511-1,"ICE 208",2609280511,0,0
"Köln Hbf",-784036643221120658-2609280514-1,"ICE 2214",2609280514,0,0
"Düsseldorf Hbf",3596733780499351643-2609280422-6,"ICE 23",2609280522,1,0
"Köln Hbf",-397321280238564306-2609280525-1,"ICE 911",2609280525,0,0
"Köln Hbf",-5962154382149198734-2609280526-1,"ICE 843",2609280526,0,0
"Düsseldorf Hbf",1179810196779242077-2609280511-2,"ICE 208",2609280532,0,0
"Düsseldorf Hbf",-784036643221120658-2609280514-2,"ICE 2214",2609280537,1,0
"Köln Hbf",-486178897212069438-2609280538-1,"ICE 853",2609280538,-2,0
"Köln Hbf",4753870957390372842-2609271936-20,"IC 60402",2609280544,18,0
"Düsseldorf Hbf",707692460492138158-2609280022-14,"ICE 1540",2609280547,11,1
"Köln Hbf",4230433869735770140-2609280548-1,"ICE 511",2609280548,0,0
"Düsseldorf Hbf",-5962154382149198734-2609280526-2,"ICE 843",2609280549,1,0
"Köln Hbf",3596733780499351643-2609280422-7,"ICE 23",2609280549,1,0
"Köln Hbf",2178700040520449500-2609280601-1,"ICE 711",2609280601,0,0
"Köln Hbf",2686007473625185344-2609280001-12,"ICE 618",2609280604,1,0
"Köln Hbf",-7723883505152961116-2609280611-1,"ICE 312",2609280611,0,1
"Düsseldorf Hbf",4753870957390372842-2609271936-21,"IC 60402",2609280615,15,0
"Köln Hbf",707692460492138158-2609280022-15,"ICE 1540",2609280615,7,1
"Düsseldorf Hbf",-7586352224211082006-2609280514-4,"ICE 525",2609280618,7,0
"Düsseldorf Hbf",8735574551800398555-2609280524-5,"ICE 101",2609280622,12,0
"Köln Hbf",-4310203737838801908-2609280625-1,"ICE 543",2609280625,0,0
"Köln Hbf",1878809338003406023-2609280627-1,"ICE 1511",2609280627,2,0
"Düsseldorf Hbf",2686007473625185344-2609280001-13,"ICE 618",2609280632,3,0
"Köln Hbf",6856208171401458843-2609280534-4,"ICE 222",2609280643,6,0
"Köln Hbf",-7151271002257875909-2609280502-6,"IC 2348",2609280645,3,0
"Köln Hbf",-8806275556870827116-2609280645-1,"ICE 553",2609280645,0,0
"Düsseldorf Hbf",-4310203737838801908-2609280625-2,"ICE 543",2609280647,3,0
"Köln Hbf",8735574551800398555-2609280524-6,"ICE 101",2609280648,11,0
"Düsseldorf Hbf",-6165068286223376269-2609280554-5,"ICE 913",2609280702,3,0
"Köln Hbf",-2103315967753215489-2609280609-3,"IC 2443",2609280706,4,0
"Düsseldorf Hbf",6856208171401458843-2609280534-5,"ICE 222",2609280710,11,0
"Köln Hbf",6135728412348303878-2609280711-1,"ICE 206",2609280711,0,0
"Düsseldorf Hbf",-853844594697067860-2609280615-4,"ICE 527",2609280718,11,0
"Düsseldorf Hbf",542680258128049209-2609280621-6,"ICE 25",2609280724,11,0
"Köln Hbf",5312563495212518167-2609280726-1,"ICE 845",2609280726,22,0
"Düsseldorf Hbf",6135728412348303878-2609280711-2,"ICE 206",2609280732,2,0
"Köln Hbf",-7772981549573087469-2609280733-1,"ICE 1713",2609280733,0,0
"Düsseldorf Hbf",8378187760869811763-2609280541-8,"ICE 826",2609280737,0,0
"Köln Hbf",7280780786399683236-2609280738-1,"ICE 855",2609280738,11,0
"Köln Hbf",4021377973164879687-2609280634-3,"ICE 18",2609280740,24,0
"Köln Hbf",2082653246441066227-2609280740-1,"ICE 2310",2609280740,0,0
"Köln Hbf",-1316725331766652964-2609280603-6,"ICE 513",2609280745,3,0
"Köln Hbf",-8638855930583862299-2609280746-1,"IC 2206",2609280746,0,0
"Düsseldorf Hbf",5312563495212518167-2609280726-2,"ICE 845",2609280749,27,0
"Köln Hbf",542680258128049209-2609280621-7,"ICE 25",2609280750,12,0
"Köln Hbf",-3118459641712443593-2609280600-7,"ICE 712",2609280757,9,0
"Köln Hbf",937531600424895578-2609280549-4,"ICE 616",2609280805,9,0
"Düsseldorf Hbf",2082653246441066227-2609280740-2,"ICE 2310",2609280807,5,0
"Düsseldorf Hbf",-8638855930583862299-2609280746-2,"IC 2206",2609280810,6,0
"Köln Hbf",-683349446891373235-2609280623-5,"ICE 11",2609280816,32,0
"Düsseldorf Hbf",7320863906691937525-2609280719-4,"ICE 529",2609280818,26,0
"Düsseldorf Hbf",8518232099080018263-2609280426-11,"ICE 103",2609280822,8,0
"Köln Hbf",-1489252697791169587-2609280825-1,"ICE 545",2609280825,2,0
"Köln Hbf",-2307934263002248776-2609280829-1,"ICE 1513",2609280829,3,0
"Düsseldorf Hbf",8056505330798593907-2609280706-6,"ICE 119",2609280831,6,0
"Düsseldorf Hbf",1795377954048554987-2609280708-5,"ICE 824",2609280840,0,0
"Köln Hbf",-3687533052908579649-2609280734-4,"ICE 220",2609280843,5,0
"Köln Hbf",-5067205027928923412-2609280844-1,"ICE 555",2609280844,0,0
"Düsseldorf Hbf",1800994547680145354-2609280638-7,"ICE 121",2609280845,4,0
"Köln Hbf",-3987770513815330460-2609280539-12,"IC 2040",2609280845,25,0
"Köln Hbf",6675332026866779665-2609280845-1,"ICE 1036",2609280845,15,0
"Düsseldorf Hbf",-1489252697791169587-2609280825-2,"ICE 545",2609280847,7,0
"Köln Hbf",8518232099080018263-2609280426-12,"ICE 103",2609280848,8,0
"Düsseldorf Hbf",-5947456125297650390-2609280420-8,"ICE 1014",2609280853,2,0
"Düsseldorf Hbf",400157404087783375-2609280753-5,"ICE 915",2609280902,4,0
"Köln Hbf",-3316077366275075692-2609280516-8,"ICE 204",2609280905,5,0
"Düsseldorf Hbf",6675332026866779665-2609280845-2,"ICE 1036",2609280906,19,0
"Köln Hbf",4558275999006255649-2609280643-7,"IC 2441",2609280906,9,0
"Düsseldorf Hbf",-3687533052908579649-2609280734-5,"ICE 220",2609280910,10,0
"Köln Hbf",1800994547680145354-2609280638-8,"ICE 121",2609280911,4,0
"Düsseldorf Hbf",6972548221701888574-2609280418-15,"ICE 646",2609280912,38,0
"Köln Hbf",-4488195745363015090-2609280450-8,"ICE 656",2609280915,20,0
"Düsseldorf Hbf",-2521696256132503788-2609280920-1,"ICE 621",2609280920,13,0
"Düsseldorf Hbf",-1790024725878292801-2609280820-6,"ICE 27",2609280924,15,0
"Köln Hbf",-8906112445839706377-2609280926-1,"ICE 847",2609280926,0,0
"Düsseldorf Hbf",-6888861751751692665-2609280817-6,"ICE 217",2609280928,4,0
"Düsseldorf Hbf",-3316077366275075692-2609280516-9,"ICE 204",2609280932,10,0
"Köln Hbf",8918082092638159592-2609280812-6,"ICE 1612",2609280932,6,0
"Düsseldorf Hbf",-6223962037244896084-2609280355-10,"ICE 822",2609280936,16,0
"Köln Hbf",7127812590731908748-2609280938-1,"ICE 857",2609280938,0,0
"Köln Hbf",-5717720788505540143-2609280833-3,"ICE 316",2609280939,10,0
"Düsseldorf Hbf",-6760724929342255350-2609280634-13,"IC 2007",2609280946,100,0
"Köln Hbf",-3482704518387342076-2609280946-1,"IC 2204",2609280946,1,0
"Köln Hbf",6512354943507599026-2609280526-12,"ICE 515",2609280946,5,0
"Düsseldorf Hbf",-8906112445839706377-2609280926-2,"ICE 847",2609280949,1,0
"Köln Hbf",-1790024725878292801-2609280820-7,"ICE 27",2609280950,16,0
"Köln Hbf",67517114520381301-2609280533-8,"ICE 614",2609281005,2,0
"Köln Hbf",4250821308365947570-2609280440-9,"ICE 1022",2609281006,8,0
"Düsseldorf Hbf",-3482704518387342076-2609280946-2,"IC 2204",2609281008,5,0
"Düsseldorf Hbf",-4782954664003624221-2609280526-12,"ICE 946",2609281008,7,0
"Köln Hbf",-6760724929342255350-2609280634-14,"IC 2007",2609281014,117,1
"Köln Hbf",7296668088221534520-2609280825-5,"ICE 13",2609281016,12,0
"Düsseldorf Hbf",7692347899239356115-2609281019-1,"ICE 623",2609281019,1,0
"Düsseldorf Hbf",-3500545049874534285-2609280626-11,"ICE 105",2609281022,7,0
"Köln Hbf",-6590078199824287896-2609280526-11,"ICE 956",2609281022,-3,0
"Köln Hbf",309221757920376132-2609281029-1,"ICE 1515",2609281029,0,0
"Düsseldorf Hbf",4250821308365947570-2609280440-10,"ICE 1022",2609281035,11,0
"Düsseldorf Hbf",5509309536167095600-2609280455-10,"ICE 820",2609281040,0,0
"Köln Hbf",-8155331480429548080-2609280934-4,"ICE 128",2609281043,2,0
"Köln Hbf",-8614664585551473503-2609281044-1,"ICE 557",2609281044,0,0
"Düsseldorf Hbf",467631948029280047-2609280831-7,"ICE 225",2609281045,14,0
"Köln Hbf",5248730939501738569-2609280602-15,"IC 2042",2609281045,2,1
"Düsseldorf Hbf",211585818996437737-2609281048-1,"ICE 547",2609281048,3,0
"Köln Hbf",-3500545049874534285-2609280626-12,"ICE 105",2609281048,4,0
"Düsseldorf Hbf",-6324333303227400345-2609280620-8,"ICE 1012",2609281053,1,0
"Köln Hbf",8125274319994745100-2609281053-1,"ICE 2013",2609281053,0,0
"Köln Hbf",-508151058757607646-2609280716-9,"ICE 202",2609281105,8,0
"Köln Hbf",2031840069123671352-2609280736-8,"IC 2049",2609281106,6,0
"Düsseldorf Hbf",2417110662322496020-2609280647-10,"ICE 644",2609281109,34,0
"Düsseldorf Hbf",-8155331480429548080-2609280934-5,"ICE 128",2609281110,6,0
"Köln Hbf",467631948029280047-2609280831-8,"ICE 225",2609281111,15,0
"Köln Hbf",-2664747470423541798-2609280652-8,"ICE 654",2609281114,7,0
"Düsseldorf Hbf",-1863724056778564852-2609281117-1,"ICE 625",2609281117,1,0
"Düsseldorf Hbf",3450663025951470366-2609280602-8,"ICE 1521",2609281119,4,0
"Düsseldorf Hbf",3704713885565394549-2609281024-4,"ICE 29",2609281124,5,0
"Düsseldorf Hbf",-508151058757607646-2609280716-10,"ICE 202",2609281132,14,0
"Köln Hbf",98157840525274029-2609281011-6,"ICE 1610",2609281133,4,0
"Düsseldorf Hbf",-1143682751745994567-2609281008-4,"ICE 728",2609281137,0,0
"Köln Hbf",-9221432942161771616-2609281138-1,"ICE 859",2609281138,0,0
"Köln Hbf",-3207602294555876168-2609281034-3,"ICE 16",2609281139,7,0
"Köln Hbf",3450663025951470366-2609280602-9,"ICE 1521",2609281145,4,0
"Düsseldorf Hbf",6862846665566225825-2609280834-13,"IC 2009",2609281146,89,0
"Köln Hbf",-8775310893499181309-2609281146-1,"IC 2202",2609281146,0,1
"Köln Hbf",-4602427783665327588-2609280726-12,"ICE 517",2609281146,49,0
"Düsseldorf Hbf",-3935110464616838577-2609281150-1,"ICE 849",2609281150,3,0
"Köln Hbf",3704713885565394549-2609281024-5,"ICE 29",2609281150,2,0
"Köln Hbf",5870596676071146481-2609280943-6,"ICE 1020",2609281205,3,0
"Köln Hbf",-7184453857839759572-2609280728-8,"ICE 612",2609281205,7,0
"Düsseldorf Hbf",-8775310893499181309-2609281146-2,"IC 2202",2609281208,7,1
"Düsseldorf Hbf",789381465621699355-2609280747-10,"ICE 944",2609281208,26,0
"Köln Hbf",4555217987378332456-2609280713-11,"ICE 1548",2609281209,3,0
"Köln Hbf",6862846665566225825-2609280834-14,"IC 2009",2609281214,95,0
"Köln Hbf",-6382331557337532208-2609281025-5,"ICE 15",2609281215,31,0
"Düsseldorf Hbf",-7766800689315712550-2609281219-1,"ICE 627",2609281219,2,0
"Düsseldorf Hbf",-5703640496454004355-2609280825-11,"ICE 107",2609281222,3,0
"Köln Hbf",5065395714490050726-2609280747-9,"ICE 954",2609281222,28,0
"Köln Hbf",-8376398398323607088-2609281229-1,"ICE 1517",2609281229,1,0
"Düsseldorf Hbf",5870596676071146481-2609280943-7,"ICE 1020",2609281230,9,0
"Düsseldorf Hbf",5394868531176279031-2609280705-9,"ICE 726",2609281240,0,0
"Köln Hbf",-4712053304823003938-2609281134-4,"ICE 126",2609281243,4,0
"Köln Hbf",5886092952094503689-2609281244-1,"ICE 559",2609281244,5,0
"Düsseldorf Hbf",1869793107893408377-2609281031-7,"ICE 123",2609281245,9,0
"Köln Hbf",666711005360005078-2609280522-21,"IC 2044",2609281245,34,0
"Köln Hbf",607281138257369836-2609281245-1,"ICE 1032",2609281245,1,0
"Düsseldorf Hbf",-5225265888807154878-2609281248-1,"ICE 549",2609281248,2,0
"Köln Hbf",-5703640496454004355-2609280825-12,"ICE 107",2609281248,5,0
"Düsseldorf Hbf",-1202781486977583710-2609280819-8,"ICE 1010",2609281253,4,0
"Düsseldorf Hbf",-5763151150910106247-2609281155-5,"ICE 919",2609281302,8,0
"Köln Hbf",5555371111259384160-2609280758-9,"ICE 200",2609281305,29,0
"Düsseldorf Hbf",607281138257369836-2609281245-2,"ICE 1032",2609281306,9,0
"Köln Hbf",-1660175693055885317-2609280936-8,"IC 2047",2609281306,27,0
"Düsseldorf Hbf",-4712053304823003938-2609281134-5,"ICE 126",2609281310,12,0
"Düsseldorf Hbf",-3811000113167125819-2609280847-11,"ICE 642",2609281311,23,0
"Köln Hbf",1869793107893408377-2609281031-8,"ICE 123",2609281311,9,0
"Köln Hbf",7029715491133337413-2609280852-8,"ICE 652",2609281315,16,0
"Düsseldorf Hbf",2307301279586290347-2609281321-1,"ICE 629",2609281321,31,0
"Düsseldorf Hbf",6492627968416470339-2609281221-6,"ICE 229",2609281324,16,0
"Köln Hbf",-2157107938954049243-2609281101-6,"ICE 311",2609281324,20,0
"Düsseldorf Hbf",5555371111259384160-2609280758-10,"ICE 200",2609281332,33,0
"Köln Hbf",-7017661080292591369-2609281211-6,"ICE 1518",2609281333,3,0
"Köln Hbf",201535978532296242-2609281334-1,"ICE 1549",2609281334,0,0
"Düsseldorf Hbf",39924231461852623-2609281208-4,"ICE 724",2609281337,4,0
"Köln Hbf",-4020550040361167307-2609281338-1,"ICE 951",2609281338,8,0
"Köln Hbf",4216288988927907099-2609281234-3,"ICE 314",2609281339,12,0
"Düsseldorf Hbf",5900362052756938804-2609280951-16,"IC 2201",2609281346,74,0
"Köln Hbf",-3185038341433261764-2609281346-1,"IC 2200",2609281346,20,0
"Köln Hbf",-8471873024121272354-2609280926-12,"ICE 519",2609281346,18,0
"Düsseldorf Hbf",-1360629902197387952-2609281350-1,"ICE 941",2609281350,12,0
"Köln Hbf",6492627968416470339-2609281221-7,"ICE 229",2609281350,16,0
"Köln Hbf",9011011619156863439-2609280928-8,"ICE 610",2609281405,2,0
"Köln Hbf",-1318378886691044790-2609281143-6,"ICE 926",2609281406,5,0
"Düsseldorf Hbf",-3185038341433261764-2609281346-2,"IC 2200",2609281408,23,0
"Düsseldorf Hbf",7024771559125615258-2609280947-10,"ICE 942",2609281408,35,1
"Köln Hbf",5900362052756938804-2609280951-17,"IC 2201",2609281414,100,0
"Köln Hbf",4815612638303090443-2609281225-5,"ICE 315",2609281415,14,0
"Düsseldorf Hbf",-758807154932475400-2609281419-1,"ICE 721",2609281419,1,0
"Düsseldorf Hbf",6610086332469437335-2609281026-11,"ICE 109",2609281422,5,0
"Köln Hbf",2625224039751841654-2609280947-9,"ICE 952",2609281422,17,1
"Köln Hbf",4846835449118805747-2609281429-1,"ICE 1519",2609281429,0,0
"Düsseldorf Hbf",-1318378886691044790-2609281143-7,"ICE 926",2609281432,5,0
"Düsseldorf Hbf",-7906017824379584014-2609280901-9,"ICE 722",2609281436,21,0
"Köln Hbf",-8784598530479710827-2609281438-1,"ICE 310",2609281438,2,0
"Köln Hbf",-5676785138972199399-2609281334-4,"ICE 124",2609281443,9,0
"Köln Hbf",-6270903731699972278-2609281444-1,"ICE 651",2609281444,0,0
"Düsseldorf Hbf",-9018982874238179365-2609281238-7,"ICE 125",2609281445,3,0
"Köln Hbf",-5299413353021537464-2609280722-21,"IC 2046",2609281445,28,0
"Düsseldorf Hbf",7188954872564278301-2609281448-1,"ICE 641",2609281448,0,0
"Köln Hbf",6610086332469437335-2609281026-12,"ICE 109",2609281448,3,0
"Düsseldorf Hbf",-553863566957669250-2609280730-17,"ICE 1033",2609281450,16,0
"Düsseldorf Hbf",7844358081895785158-2609281019-8,"ICE 918",2609281453,12,0
"Düsseldorf Hbf",8564432605510706771-2609281353-4,"ICE 1011",2609281501,0,0
"Köln Hbf",7702481692019596064-2609280838-12,"ICE 108",2609281505,2,0
"Köln Hbf",7334323916340841763-2609281136-8,"IC 2045",2609281506,22,0
"Düsseldorf Hbf",-5676785138972199399-2609281334-5,"ICE 124",2609281510,14,0
"Düsseldorf Hbf",8642793912640631890-2609281047-11,"ICE 640",2609281511,55,0
"Köln Hbf",-9018982874238179365-2609281238-8,"ICE 125",2609281511,6,0
"Köln Hbf",-553863566957669250-2609280730-18,"ICE 1033",2609281515,14,0
"Köln Hbf",-7022498938457192021-2609281052-8,"ICE 650",2609281515,43,0
"Düsseldorf Hbf",5311537321398817844-2609281520-1,"ICE 723",2609281520,5,0
"Düsseldorf Hbf",-1497213994658544450-2609281154-6,"ICE 927",2609281522,29,0
"Düsseldorf Hbf",7702481692019596064-2609280838-13,"ICE 108",2609281532,3,0
"Köln Hbf",4945186918802353023-2609281411-6,"ICE 1516",2609281533,3,0
"Düsseldorf Hbf",4951970845214276878-2609281408-5,"ICE 720",2609281536,5,0
"Köln Hbf",-107298036587741504-2609281538-1,"ICE 953",2609281538,2,0
"Köln Hbf",2218943744552257469-2609281434-3,"ICE 14",2609281539,5,0
"Düsseldorf Hbf",-257816953041096365-2609281136-16,"IC 2203",2609281546,73,0
"Köln Hbf",8187582116097718743-2609281546-1,"IC 2008",2609281546,0,1
"Köln Hbf",5653087570567167872-2609281126-12,"ICE 611",2609281546,3,0
"Köln Hbf",-1497213994658544450-2609281154-7,"ICE 927",2609281548,26,0
"Düsseldorf Hbf",6378881227509878523-2609281550-1,"ICE 943",2609281550,0,1
"Köln Hbf",-6452407069337976676-2609281128-8,"ICE 518",2609281605,12,0
"Köln Hbf",1714824304013532901-2609281341-6,"ICE 228",2609281606,6,0
"Köln Hbf",-8732834586368903752-2609281607-1,"ICE 1520",2609281607,3,0
"Düsseldorf Hbf",8187582116097718743-2609281546-2,"IC 2008",2609281608,50,1
"Düsseldorf Hbf",-3330605035074967330-2609281147-10,"ICE 940",2609281608,39,0
"Köln Hbf",-257816953041096365-2609281136-17,"IC 2203",2609281614,92,0
"Köln Hbf",-482221124538025922-2609281425-5,"ICE 17",2609281615,8,0
"Düsseldorf Hbf",6556040714554725251-2609281619-1,"ICE 725",2609281619,0,0
"Köln Hbf",375201943151232777-2609281147-9,"ICE 950",2609281621,16,0
"Düsseldorf Hbf",-762086226758254325-2609281226-11,"ICE 201",2609281622,24,0
"Köln Hbf",-6579606754577220741-2609281501-5,"ICE 1716",2609281625,30,1
"Düsseldorf Hbf",-8732834586368903752-2609281607-2,"ICE 1520",2609281627,7,0
"Köln Hbf",5058768902280124693-2609281629-1,"ICE 1611",2609281629,0,0
"Düsseldorf Hbf",1714824304013532901-2609281341-7,"ICE 228",2609281632,10,0
"Düsseldorf Hbf",-7685575369883825484-2609281507-5,"ICE 628",2609281640,2,0
"Köln Hbf",4524910290568704513-2609281534-4,"ICE 122",2609281643,6,0
"Köln Hbf",-157208555968192668-2609281644-1,"ICE 653",2609281644,5,0
"Düsseldorf Hbf",5612128767266048221-2609281438-7,"ICE 127",2609281645,9,0
"Köln Hbf",-5036776284380011862-2609280922-21,"IC 2048",2609281645,20,0
"Düsseldorf Hbf",-5511541014003594580-2609281648-1,"ICE 643",2609281648,1,0
"Köln Hbf",-762086226758254325-2609281226-12,"ICE 201",2609281648,17,1
"Düsseldorf Hbf",6330890959881575446-2609280923-14,"ICE 2311",2609281650,12,0
"Düsseldorf Hbf",-1838827148333657754-2609281220-8,"ICE 916",2609281653,9,0
"Düsseldorf Hbf",2333246513660073790-2609281553-5,"ICE 1013",2609281703,19,0
"Köln Hbf",-8705107722613527627-2609281059-15,"ICE 106",2609281705,2,0
"Köln Hbf",-7566186731885125077-2609281305-8,"ICE 2012",2609281706,19,0
"Düsseldorf Hbf",4524910290568704513-2609281534-5,"ICE 122",2609281710,9,0
"Köln Hbf",-893148775004719136-2609281711-1,"IC 2043",2609281711,0,1
"Köln Hbf",5612128767266048221-2609281438-8,"ICE 127",2609281711,7,0
"Düsseldorf Hbf",-8713208741749436113-2609281247-11,"ICE 548",2609281712,93,0
"Köln Hbf",-2894975550766125611-2609281252-8,"ICE 558",2609281715,78,1
"Köln Hbf",6330890959881575446-2609280923-15,"ICE 2311",2609281719,5,0
"Düsseldorf Hbf",6757774550243091278-2609281720-1,"ICE 727",2609281720,4,0
"Düsseldorf Hbf",-2924322226173910183-2609281703-3,"ICE 929",2609281724,7,0
"Köln Hbf",-1057492321374091038-2609281731-1,"ICE 713",2609281731,1,0
"Düsseldorf Hbf",-8705107722613527627-2609281059-16,"ICE 106",2609281732,3,0
"Köln Hbf",-8631361224774257822-2609281611-6,"ICE 1514",2609281733,1,0
"Düsseldorf Hbf",5042424630356113204-2609281201-8,"ICE 626",2609281738,0,0
"Köln Hbf",-4550645364654346112-2609281738-1,"ICE 955",2609281738,13,0
"Köln Hbf",3763871362376381297-2609281634-3,"ICE 12",2609281740,2,0
"Düsseldorf Hbf",-7566186731885125077-2609281305-9,"ICE 2012",2609281742,13,0
"Düsseldorf Hbf",-2882197430592295029-2609281351-16,"IC 2205",2609281746,18,0
"Köln Hbf",-3282400354544978678-2609281746-1,"IC 2006",2609281746,0,1
"Köln Hbf",-2910589038648014094-2609281326-12,"ICE 613",2609281746,2,0
"Düsseldorf Hbf",-8275737537227179086-2609281750-1,"ICE 945",2609281750,1,0
"Köln Hbf",-2924322226173910183-2609281703-4,"ICE 929",2609281750,3,0
"Köln Hbf",6954924236955692259-2609281328-8,"ICE 516",2609281805,42,0
"Köln Hbf",-8932280174819851842-2609281541-6,"ICE 28",2609281806,11,0
"Düsseldorf Hbf",-3282400354544978678-2609281746-2,"IC 2006",2609281808,5,1
"Düsseldorf Hbf",3702662415087684826-2609281347-10,"ICE 848",2609281808,77,0
"Köln Hbf",6423634419829337550-2609281434-11,"ICE 710",2609281808,2,0
"Köln Hbf",-2882197430592295029-2609281351-17,"IC 2205",2609281814,14,0
"Köln Hbf",4992819178731237054-2609281622-5,"ICE 317",2609281815,0,0
"Düsseldorf Hbf",-3019965818182152821-2609281821-1,"ICE 729",2609281821,1,0
"Düsseldorf Hbf",-7956047615718350819-2609281426-11,"ICE 203",2609281822,15,0
"Köln Hbf",-1900115166859559092-2609281347-9,"ICE 858",2609281822,60,0
"Düsseldorf Hbf",1459720362045900384-2609281235-10,"ICE 216",2609281824,1,0
"Köln Hbf",-7955422278217659578-2609281703-5,"ICE 1714",2609281825,0,0
"Köln Hbf",1407594009417555306-2609281829-1,"ICE 1613",2609281829,0,0
"Düsseldorf Hbf",-8932280174819851842-2609281541-7,"ICE 28",2609281832,11,0
"Düsseldorf Hbf",-6518007351496654334-2609281708-5,"ICE 624",2609281836,4,0
"Köln Hbf",-6750794421454638985-2609281420-8,"ICE 224",2609281843,0,1
"Köln Hbf",9016403526930832374-2609281844-1,"ICE 655",2609281844,0,1
"Düsseldorf Hbf",-2599950570116389517-2609281638-7,"ICE 129",2609281845,0,0
"Köln Hbf",-4140470391187734614-2609281122-21,"IC 2440",2609281845,0,1
"Düsseldorf Hbf",4447890004106418758-2609281848-1,"ICE 645",2609281848,15,0
"Köln Hbf",-7956047615718350819-2609281426-12,"ICE 203",2609281848,5,0
"Düsseldorf Hbf",7867558493628354270-2609281115-18,"ICE 1037",2609281850,17,0
"Düsseldorf Hbf",-6727683722954373951-2609281754-5,"ICE 1015",2609281901,2,0
"Köln Hbf",-4758242349678413284-2609281238-12,"ICE 104",2609281905,4,0
"Köln Hbf",2508597620716488611-2609281536-8,"IC 2041",2609281906,15,0
"Düsseldorf Hbf",3141971505559871903-2609281447-10,"ICE 546",2609281908,94,0
"Düsseldorf Hbf",-6750794421454638985-2609281420-9,"ICE 224",2609281910,25,0
"Köln Hbf",-2599950570116389517-2609281638-8,"ICE 129",2609281911,1,0
"Köln Hbf",8430642524571604487-2609281452-8,"ICE 556",2609281915,90,1
"Köln Hbf",7867558493628354270-2609281115-19,"ICE 1037",2609281916,18,0
"Düsseldorf Hbf",-3738461847412237185-2609281918-1,"ICE 821",2609281918,1,0
"Düsseldorf Hbf",2312296716933966404-2609281554-4,"ICE 1021",2609281921,25,0
"Düsseldorf Hbf",-4055232889596422409-2609280803-28,"ICE 118",2609281924,1,0
"Düsseldorf Hbf",-4758242349678413284-2609281238-13,"ICE 104",2609281932,7,0
"Köln Hbf",-4997552987396627422-2609281811-6,"ICE 1512",2609281933,0,0
"Düsseldorf Hbf",-2142784246140329213-2609281400-8,"ICE 622",2609281936,8,0
"Köln Hbf",3141971505559871903-2609281447-11,"ICE 546",2609281936,90,0
"Köln Hbf",-8942408890709913676-2609281833-3,"ICE 10",2609281940,4,0
"Düsseldorf Hbf",1492120664389609114-2609281604-14,"IC 2207",2609281946,32,0
"Köln Hbf",-5425302918995479956-2609281526-12,"ICE 615",2609281946,13,0
"Köln Hbf",2312296716933966404-2609281554-5,"ICE 1021",2609281947,21,0
"Düsseldorf Hbf",3778695356863398992-2609281950-1,"ICE 947",2609281950,5,0
"Köln Hbf",-5040855886902453859-2609281528-8,"ICE 514",2609282005,5,0
"Köln Hbf",-1979196922867192201-2609281741-6,"ICE 26",2609282006,7,0
"Düsseldorf Hbf",798259414142998527-2609282009-1,"ICE 823",2609282009,5,0
"Düsseldorf Hbf",-9003107645534276753-2609281547-9,"ICE 846",2609282013,118,1
"Köln Hbf",1492120664389609114-2609281604-15,"IC 2207",2609282014,30,0
"Köln Hbf",4341219805487381340-2609281825-5,"ICE 19",2609282015,8,0
"Düsseldorf Hbf",-6235789055676348186-2609281626-11,"ICE 205",2609282022,11,0
"Köln Hbf",-819597198211929243-2609281547-9,"ICE 856",2609282022,110,0
"Düsseldorf Hbf",-1979196922867192201-2609281741-7,"ICE 26",2609282032,10,0
"Düsseldorf Hbf",-4833156220839225886-2609281908-5,"ICE 620",2609282037,10,0
"Köln Hbf",2576231255055476975-2609281934-4,"ICE 120",2609282043,0,0
"Düsseldorf Hbf",-7056878515633598205-2609281838-7,"ICE 221",2609282045,4,0
"Köln Hbf",-7949491460536242261-2609281322-21,"IC 2442",2609282045,75,0
"Köln Hbf",5646922477923288654-2609282045-1,"ICE 657",2609282045,0,1
"Köln Hbf",-6235789055676348186-2609281626-12,"ICE 205",2609282048,9,0
"Düsseldorf Hbf",-977669644680017628-2609281620-8,"ICE 912",2609282053,128,0
"Düsseldorf Hbf",8262134096716058006-2609281353-14,"ICE 2215",2609282059,48,0
"Köln Hbf",-7971996062035411059-2609281438-12,"ICE 102",2609282105,14,0
"Köln Hbf",1913356045703776437-2609281736-8,"IC 2349",2609282106,16,0
"Düsseldorf Hbf",2576231255055476975-2609281934-5,"ICE 120",2609282110,2,0
"Köln Hbf",-7056878515633598205-2609281838-8,"ICE 221",2609282111,6,0
"Düsseldorf Hbf",-5885856201096992744-2609281647-10,"ICE 544",2609282112,48,1
"Köln Hbf",6625519329407624873-2609281652-8,"ICE 554",2609282114,74,0
"Köln Hbf",8388183103841403836-2609281516-14,"ICE 1544",2609282119,108,0
"Düsseldorf Hbf",6194893901306646476-2609281726-11,"ICE 617",2609282121,15,0
"Köln Hbf",5268242451257549226-2609281901-6,"ICE 313",2609282124,3,0
"Köln Hbf",8262134096716058006-2609281353-15,"ICE 2215",2609282129,43,0
"Düsseldorf Hbf",50770787591072936-2609281559-9,"ICE 528",2609282137,7,0
"Köln Hbf",1555483896112278137-2609282014-6,"ICE 318",2609282139,0,0
"Köln Hbf",-5885856201096992744-2609281647-11,"ICE 544",2609282140,44,1
"Köln Hbf",6194893901306646476-2609281726-12,"ICE 617",2609282148,13,0
"Köln Hbf",7537395545451740415-2609281728-8,"ICE 512",2609282205,80,0
"Köln Hbf",-8448482652463283989-2609282108-4,"ICE 526",2609282216,25,0
"Köln Hbf",-5199159618356276299-2609282218-1,"ICE 319",2609282218,0,0
"Köln Hbf",4711383125555203513-2609281747-9,"ICE 854",2609282222,6,0
"Köln Hbf",6195485783263057734-2609281819-7,"ICE 910",2609282230,67,0
"Köln Hbf",-4080761801504144103-2609281747-9,"ICE 844",2609282239,46,0
"Köln Hbf",4804116960335233530-2609281522-21,"IC 2444",2609282245,25,0
"Köln Hbf",6810614476303646777-2609281826-11,"ICE 207",2609282302,8,0
"Köln Hbf",8570739711458019321-2609281936-8,"IC 2347",2609282306,49,0
"Köln Hbf",4005400229928334385-2609281659-16,"ICE 100",2609282310,3,0
"Köln Hbf",2579078581490934825-2609281852-8,"ICE 552",2609282315,18,0
"Köln Hbf",-6524998557445987060-2609281800-11,"ICE 524",2609282339,23,0
"Köln Hbf",7582314568044505717-2609282101-7,"IC 60403",2609282350,82,0
"Köln Hbf",-1854738006003716349-2609281847-10,"ICE 542",2609282355,2,0
"Köln Hbf",5926473462606976417-2609281926-11,"ICE 619",2609290000,7,0
"Köln Hbf",8322424274180843926-2609281928-9,"ICE 510",2609290010,30,0
"Köln Hbf",-4383803236760390820-2609281908-11,"ICE 522",2609290031,16,0
"Köln Hbf",-4737482986446738332-2609281947-9,"ICE 842",2609290040,28,0
"Köln Hbf",-4463983841688751065-2609282026-12,"ICE 209",2609290107,3,0
"Köln Hbf",7130605216857004791-2609290321-1,"ICE 827",2609290321,0,0
"Köln Hbf",-1822966271854478829-2609290405-1,"ICE 1028",2609290405,7,0
"Köln Hbf",8652078400714170233-2609290415-1,"ICE 541",2609290415,10,0
"Köln Hbf",-7455087584675999219-2609290428-1,"ICE 521",2609290428,8,0
"Köln Hbf",-1981361635087318141-2609290511-1,"IC 2445",2609290511,0,1
"Köln Hbf",1179810196779242077-2609290511-1,"ICE 208",2609290511,0,0
"Düsseldorf Hbf",3596733780499351643-2609290422-6,"ICE 23",2609290522,8,0
"Köln Hbf",-397321280238564306-2609290525-1,"ICE 911",2609290525,0,0
"Köln Hbf",-5962154382149198734-2609290526-1,"ICE 843",2609290526,0,0
"Köln Hbf",-881594861635697900-2609290400-6,"ICE 523",2609290528,12,0
"Düsseldorf Hbf",1179810196779242077-2609290511-2,"ICE 208",2609290532,1,0
"Köln Hbf",-486178897212069438-2609290538-1,"ICE 853",2609290538,1,0
"Köln Hbf",4753870957390372842-2609282158-12,"IC 60402",2609290544,10,0
"Düsseldorf Hbf",6685305965244098180-2609282336-14,"ICE 1540",2609290547,13,0
"Köln Hbf",4230433869735770140-2609290548-1,"ICE 511",2609290548,5,0
"Düsseldorf Hbf",-5962154382149198734-2609290526-2,"ICE 843",2609290549,1,0
"Köln Hbf",3596733780499351643-2609290422-7,"ICE 23",2609290549,14,0
"Köln Hbf",2178700040520449500-2609290601-1,"ICE 711",2609290601,1,0
"Köln Hbf",2686007473625185344-2609290001-12,"ICE 618",2609290604,0,0
"Köln Hbf",-7723883505152961116-2609290611-1,"ICE 312",2609290611,1,0
"Düsseldorf Hbf",4753870957390372842-2609282158-13,"IC 60402",2609290615,18,0
"Köln Hbf",6685305965244098180-2609282336-15,"ICE 1540",2609290615,21,0
"Düsseldorf Hbf",-7586352224211082006-2609290514-4,"ICE 525",2609290618,5,0
"Düsseldorf Hbf",8735574551800398555-2609290524-5,"ICE 101",2609290622,6,0
"Köln Hbf",-4310203737838801908-2609290625-1,"ICE 543",2609290625,0,0
"Köln Hbf",1878809338003406023-2609290627-1,"ICE 1511",2609290627,2,0
"Düsseldorf Hbf",2686007473625185344-2609290001-13,"ICE 618",2609290632,5,0
"Köln Hbf",6856208171401458843-2609290534-4,"ICE 222",2609290643,2,0
"Köln Hbf",-7151271002257875909-2609290502-6,"IC 2348",2609290645,5,0
"Düsseldorf Hbf",-4310203737838801908-2609290625-2,"ICE 543",2609290647,1,0
"Köln Hbf",8735574551800398555-2609290524-6,"ICE 101",2609290648,4,0
"Düsseldorf Hbf",-6165068286223376269-2609290554-5,"ICE 913",2609290702,6,0
"Köln Hbf",-2103315967753215489-2609290609-3,"IC 2443",2609290706,7,0
"Düsseldorf Hbf",6856208171401458843-2609290534-5,"ICE 222",2609290710,4,0
"Köln Hbf",6135728412348303878-2609290711-1,"ICE 206",2609290711,1,0
"Düsseldorf Hbf",-853844594697067860-2609290615-4,"ICE 527",2609290718,4,0
"Düsseldorf Hbf",542680258128049209-2609290621-6,"ICE 25",2609290724,7,0
"Köln Hbf",5312563495212518167-2609290726-1,"ICE 845",2609290726,0,0
"Düsseldorf Hbf",6135728412348303878-2609290711-2,"ICE 206",2609290732,2,0
"Köln Hbf",-7772981549573087469-2609290733-1,"ICE 1713",2609290733,8,0
"Düsseldorf Hbf",8378187760869811763-2609290541-8,"ICE 826",2609290737,1,0
"Köln Hbf",7280780786399683236-2609290738-1,"ICE 855",2609290738,0,0
"Köln Hbf",4021377973164879687-2609290634-3,"ICE 18",2609290740,1,0
"Köln Hbf",2082653246441066227-2609290740-1,"ICE 2310",2609290740,5,0
"Köln Hbf",-1316725331766652964-2609290603-6,"ICE 513",2609290745,2,0
"Köln Hbf",-8638855930583862299-2609290746-1,"IC 2206",2609290746,0,1
"Düsseldorf Hbf",5312563495212518167-2609290726-2,"ICE 845",2609290749,0,0
"Köln Hbf",542680258128049209-2609290621-7,"ICE 25",2609290750,4,0
"Köln Hbf",-3118459641712443593-2609290600-7,"ICE 712",2609290757,0,0
"Köln Hbf",937531600424895578-2609290549-4,"ICE 616",2609290805,4,0
"Düsseldorf Hbf",2082653246441066227-2609290740-2,"ICE 2310",2609290807,25,0
"Düsseldorf Hbf",-8638855930583862299-2609290746-2,"IC 2206",2609290810,0,1
"Köln Hbf",-683349446891373235-2609290623-5,"ICE 11",2609290816,1,0
"Düsseldorf Hbf",7320863906691937525-2609290719-4,"ICE 529",2609290818,7,0
"Düsseldorf Hbf",8518232099080018263-2609290426-11,"ICE 103",2609290822,11,0
"Köln Hbf",-1489252697791169587-2609290825-1,"ICE 545",2609290825,5,0
"Köln Hbf",-2307934263002248776-2609290829-1,"ICE 1513",2609290829,2,0
"Düsseldorf Hbf",8056505330798593907-2609290706-6,"ICE 119",2609290831,18,0
"Düsseldorf Hbf",1795377954048554987-2609290708-5,"ICE 824",2609290840,0,0
"Köln Hbf",-3687533052908579649-2609290734-4,"ICE 220",2609290843,5,0
"Düsseldorf Hbf",1800994547680145354-2609290638-7,"ICE 121",2609290845,20,0
"Köln Hbf",-3987770513815330460-2609290539-12,"IC 2040",2609290845,5,0
"Köln Hbf",6675332026866779665-2609290845-1,"ICE 1036",2609290845,2,0
"Düsseldorf Hbf",-1489252697791169587-2609290825-2,"ICE 545",2609290847,8,0
"Köln Hbf",8518232099080018263-2609290426-12,"ICE 103",2609290848,11,0
"Düsseldorf Hbf",-5947456125297650390-2609290420-8,"ICE 1014",2609290853,47,0
"Düsseldorf Hbf",400157404087783375-2609290753-5,"ICE 915",2609290902,0,0
"Köln Hbf",-905457960455072062-2609290555-6,"ICE 204",2609290905,7,0
"Düsseldorf Hbf",6675332026866779665-2609290845-2,"ICE 1036",2609290906,7,0
"Köln Hbf",4558275999006255649-2609290643-7,"IC 2441",2609290906,4,0
"Düsseldorf Hbf",-3687533052908579649-2609290734-5,"ICE 220",2609290910,16,0
"Köln Hbf",1800994547680145354-2609290638-8,"ICE 121",2609290911,20,0
"Düsseldorf Hbf",6972548221701888574-2609290419-15,"ICE 646",2609290912,8,0
"Köln Hbf",5146840242049916044-2609290640-5,"ICE 656",2609290915,-2,0
"Düsseldorf Hbf",-2521696256132503788-2609290920-1,"ICE 621",2609290920,7,0
"Düsseldorf Hbf",-1790024725878292801-2609290820-6,"ICE 27",2609290924,13,0
"Köln Hbf",-8906112445839706377-2609290926-1,"ICE 847",2609290926,1,0
"Düsseldorf Hbf",-6888861751751692665-2609290817-6,"ICE 217",2609290928,1,0
"Düsseldorf Hbf",-905457960455072062-2609290555-7,"ICE 204",2609290932,14,0
"Köln Hbf",8918082092638159592-2609290812-6,"ICE 1612",2609290932,22,0
"Düsseldorf Hbf",-6223962037244896084-2609290441-10,"ICE 822",2609290936,22,0
"Köln Hbf",7127812590731908748-2609290938-1,"ICE 857",2609290938,15,0
"Köln Hbf",-5717720788505540143-2609290833-3,"ICE 316",2609290939,4,0
"Düsseldorf Hbf",-6760724929342255350-2609290634-13,"IC 2007",2609290946,0,1
"Köln Hbf",-3482704518387342076-2609290946-1,"IC 2204",2609290946,0,1
"Köln Hbf",6512354943507599026-2609290526-12,"ICE 515",2609290946,15,0
"Düsseldorf Hbf",-8906112445839706377-2609290926-2,"ICE 847",2609290949,5,0
"Köln Hbf",-1790024725878292801-2609290820-7,"ICE 27",2609290950,11,0
"Köln Hbf",67517114520381301-2609290533-8,"ICE 614",2609291005,6,0
"Köln Hbf",4250821308365947570-2609290440-9,"ICE 1022",2609291006,4,0
"Düsseldorf Hbf",-3482704518387342076-2609290946-2,"IC 2204",2609291008,0,1
"Düsseldorf Hbf",-4782954664003624221-2609290526-12,"ICE 946",2609291008,13,0
"Köln Hbf",-6760724929342255350-2609290634-14,"IC 2007",2609291014,0,1
"Köln Hbf",7296668088221534520-2609290825-5,"ICE 13",2609291016,5,0
"Düsseldorf Hbf",7692347899239356115-2609291019-1,"ICE 623",2609291019,0,0
"Düsseldorf Hbf",-3500545049874534285-2609290626-11,"ICE 105",2609291022,5,0
"Köln Hbf",-6590078199824287896-2609290526-11,"ICE 956",2609291022,-9,0
"Köln Hbf",309221757920376132-2609291029-1,"ICE 1515",2609291029,0,0
"Düsseldorf Hbf",4250821308365947570-2609290440-10,"ICE 1022",2609291035,4,0
"Düsseldorf Hbf",5509309536167095600-2609290544-10,"ICE 820",2609291040,29,0
"Köln Hbf",-8155331480429548080-2609290934-4,"ICE 128",2609291043,5,0
"Düsseldorf Hbf",467631948029280047-2609290831-7,"ICE 225",2609291045,39,0
"Köln Hbf",5248730939501738569-2609290602-15,"IC 2042",2609291045,12,0
"Düsseldorf Hbf",211585818996437737-2609291048-1,"ICE 547",2609291048,5,0
"Köln Hbf",-3500545049874534285-2609290626-12,"ICE 105",2609291048,4,0
"Düsseldorf Hbf",-6324333303227400345-2609290620-8,"ICE 1012",2609291053,1,0
"Köln Hbf",8125274319994745100-2609291053-1,"ICE 2013",2609291053,0,0
"Köln Hbf",-508151058757607646-2609290716-9,"ICE 202",2609291105,7,0
"Köln Hbf",2031840069123671352-2609290736-8,"IC 2049",2609291106,8,0
"Düsseldorf Hbf",2417110662322496020-2609290647-10,"ICE 644",2609291109,6,0
"Düsseldorf Hbf",-8155331480429548080-2609290934-5,"ICE 128",2609291110,15,0
"Köln Hbf",467631948029280047-2609290831-8,"ICE 225",2609291111,40,0
"Düsseldorf Hbf",-1863724056778564852-2609291117-1,"ICE 625",2609291117,1,0
"Düsseldorf Hbf",3450663025951470366-2609290602-8,"ICE 1521",2609291119,25,0
"Düsseldorf Hbf",3704713885565394549-2609291024-4,"ICE 29",2609291124,11,0
"Düsseldorf Hbf",-508151058757607646-2609290716-10,"ICE 202",2609291132,9,0
"Köln Hbf",98157840525274029-2609291011-6,"ICE 1610",2609291133,0,1
"Düsseldorf Hbf",-7827307397706401371-2609290644-8,"ICE 728",2609291137,33,0
"Köln Hbf",-9221432942161771616-2609291138-1,"ICE 859",2609291138,0,0
"Köln Hbf",-3207602294555876168-2609291034-3,"ICE 16",2609291139,21,0
"Köln Hbf",3450663025951470366-2609290602-9,"ICE 1521",2609291145,23,0
"Düsseldorf Hbf",6862846665566225825-2609290834-13,"IC 2009",2609291146,0,1
"Köln Hbf",-8775310893499181309-2609291146-1,"IC 2202",2609291146,0,1
"Köln Hbf",-4602427783665327588-2609290726-12,"ICE 517",2609291146,9,0
"Düsseldorf Hbf",-3935110464616838577-2609291150-1,"ICE 849",2609291150,0,0
"Köln Hbf",3704713885565394549-2609291024-5,"ICE 29",2609291150,9,0
"Köln Hbf",5870596676071146481-2609290943-6,"ICE 1020",2609291205,24,0
"Köln Hbf",-7184453857839759572-2609290728-8,"ICE 612",2609291205,5,0
"Düsseldorf Hbf",-8775310893499181309-2609291146-2,"IC 2202",2609291208,0,1
"Düsseldorf Hbf",789381465621699355-2609290747-10,"ICE 944",2609291208,9,0
"Köln Hbf",6862846665566225825-2609290834-14,"IC 2009",2609291214,0,1
"Köln Hbf",-6382331557337532208-2609291025-5,"ICE 15",2609291215,7,0
"Düsseldorf Hbf",-7766800689315712550-2609291219-1,"ICE 627",2609291219,0,0
"Düsseldorf Hbf",-5703640496454004355-2609290825-11,"ICE 107",2609291222,3,0
"Köln Hbf",5065395714490050726-2609290747-9,"ICE 954",2609291222,-7,0
"Köln Hbf",-8376398398323607088-2609291229-1,"ICE 1517",2609291229,3,0
"Düsseldorf Hbf",5870596676071146481-2609290943-7,"ICE 1020",2609291230,27,0
"Düsseldorf Hbf",5394868531176279031-2609290742-9,"ICE 726",2609291240,0,0
"Köln Hbf",-4712053304823003938-2609291134-4,"ICE 126",2609291243,3,0
"Düsseldorf Hbf",1869793107893408377-2609291031-7,"ICE 123",2609291245,15,0
"Köln Hbf",666711005360005078-2609290522-21,"IC 2044",2609291245,10,0
"Köln Hbf",607281138257369836-2609291245-1,"ICE 1032",2609291245,1,0
"Düsseldorf Hbf",-5225265888807154878-2609291248-1,"ICE 549",2609291248,0,0
"Köln Hbf",-5703640496454004355-2609290825-12,"ICE 107",2609291248,4,0
"Düsseldorf Hbf",-1202781486977583710-2609290819-8,"ICE 1010",2609291253,0,0
"Düsseldorf Hbf",-5763151150910106247-2609291155-5,"ICE 919",2609291302,2,0
"Köln Hbf",5555371111259384160-2609290758-9,"ICE 200",2609291305,2,0
"Düsseldorf Hbf",607281138257369836-2609291245-2,"ICE 1032",2609291306,1,0
"Köln Hbf",-1660175693055885317-2609290936-8,"IC 2047",2609291306,0,1
"Düsseldorf Hbf",-4712053304823003938-2609291134-5,"ICE 126",2609291310,7,0
"Düsseldorf Hbf",-3811000113167125819-2609290847-11,"ICE 642",2609291311,27,0
"Köln Hbf",1869793107893408377-2609291031-8,"ICE 123",2609291311,12,0
"Düsseldorf Hbf",2307301279586290347-2609291321-1,"ICE 629",2609291321,1,0
"Düsseldorf Hbf",6492627968416470339-2609291221-6,"ICE 229",2609291324,18,0
"Köln Hbf",-2157107938954049243-2609291101-6,"ICE 311",2609291324,17,0
"Düsseldorf Hbf",5555371111259384160-2609290758-10,"ICE 200",2609291332,16,0
"Köln Hbf",-7017661080292591369-2609291211-6,"ICE 1518",2609291333,1,0
"Düsseldorf Hbf",-4676367904559688889-2609290845-8,"ICE 724",2609291337,7,0
"Köln Hbf",-4020550040361167307-2609291338-1,"ICE 951",2609291338,0,0
"Köln Hbf",4216288988927907099-2609291234-3,"ICE 314",2609291339,3,0
"Düsseldorf Hbf",5900362052756938804-2609290951-16,"IC 2201",2609291346,0,1
"Köln Hbf",-3185038341433261764-2609291346-1,"IC 2200",2609291346,0,1
"Köln Hbf",-8471873024121272354-2609290926-12,"ICE 519",2609291346,19,0
"Düsseldorf Hbf",-1360629902197387952-2609291350-1,"ICE 941",2609291350,3,0
"Köln Hbf",6492627968416470339-2609291221-7,"ICE 229",2609291350,17,0
"Köln Hbf",9011011619156863439-2609290928-8,"ICE 610",2609291405,6,0
"Köln Hbf",-1318378886691044790-2609291143-6,"ICE 926",2609291406,7,0
"Düsseldorf Hbf",-3185038341433261764-2609291346-2,"IC 2200",2609291408,0,1
"Düsseldorf Hbf",7024771559125615258-2609290947-10,"ICE 942",2609291408,10,0
"Köln Hbf",5900362052756938804-2609290951-17,"IC 2201",2609291414,0,1
"Köln Hbf",4815612638303090443-2609291225-5,"ICE 315",2609291415,1,0
"Düsseldorf Hbf",-758807154932475400-2609291419-1,"ICE 721",2609291419,0,0
"Düsseldorf Hbf",6610086332469437335-2609291026-11,"ICE 109",2609291422,1,0
"Köln Hbf",2625224039751841654-2609290947-9,"ICE 952",2609291422,-5,0
"Köln Hbf",4846835449118805747-2609291429-1,"ICE 1519",2609291429,0,0
"Düsseldorf Hbf",-1318378886691044790-2609291143-7,"ICE 926",2609291432,8,0
"Düsseldorf Hbf",-7906017824379584014-2609290941-9,"ICE 722",2609291436,1,0
"Köln Hbf",-8784598530479710827-2609291438-1,"ICE 310",2609291438,0,0
"Köln Hbf",-5676785138972199399-2609291334-4,"ICE 124",2609291443,1,0
"Düsseldorf Hbf",-9018982874238179365-2609291238-7,"ICE 125",2609291445,6,0
"Köln Hbf",-5299413353021537464-2609290722-21,"IC 2046",2609291445,10,0
"Düsseldorf Hbf",7188954872564278301-2609291448-1,"ICE 641",2609291448,2,0
"Köln Hbf",6610086332469437335-2609291026-12,"ICE 109",2609291448,0,0
"Düsseldorf Hbf",-553863566957669250-2609290730-17,"ICE 1033",2609291450,28,0
"Düsseldorf Hbf",7844358081895785158-2609291019-8,"ICE 918",2609291453,0,0
"Düsseldorf Hbf",8564432605510706771-2609291353-4,"ICE 1011",2609291501,1,0
"Köln Hbf",7702481692019596064-2609290838-12,"ICE 108",2609291505,1,0
"Köln Hbf",7334323916340841763-2609291136-8,"IC 2045",2609291506,0,1
"Düsseldorf Hbf",-5676785138972199399-2609291334-5,"ICE 124",2609291510,7,0
"Düsseldorf Hbf",8642793912640631890-2609291047-11,"ICE 640",2609291511,26,0
"Köln Hbf",-9018982874238179365-2609291238-8,"ICE 125",2609291511,2,0
"Köln Hbf",-553863566957669250-2609290730-18,"ICE 1033",2609291515,30,0
"Düsseldorf Hbf",5311537321398817844-2609291520-1,"ICE 723",2609291520,1,0
"Düsseldorf Hbf",-1497213994658544450-2609291154-6,"ICE 927",2609291522,41,0
"Düsseldorf Hbf",7702481692019596064-2609290838-13,"ICE 108",2609291532,2,0
"Köln Hbf",4945186918802353023-2609291411-6,"ICE 1516",2609291533,8,0
"Düsseldorf Hbf",6519626148103819066-2609291045-9,"ICE 720",2609291536,0,0
"Köln Hbf",-107298036587741504-2609291538-1,"ICE 953",2609291538,0,0
"Köln Hbf",2218943744552257469-2609291434-3,"ICE 14",2609291539,14,0
"Düsseldorf Hbf",-257816953041096365-2609291136-16,"IC 2203",2609291546,0,1
"Köln Hbf",8187582116097718743-2609291546-1,"IC 2008",2609291546,0,1
"Köln Hbf",5653087570567167872-2609291126-12,"ICE 611",2609291546,22,0
"Köln Hbf",-1497213994658544450-2609291154-7,"ICE 927",2609291548,38,0
"Düsseldorf Hbf",6378881227509878523-2609291550-1,"ICE 943",2609291550,5,0
"Köln Hbf",-6452407069337976676-2609291128-8,"ICE 518",2609291605,1,0
"Köln Hbf",1714824304013532901-2609291341-6,"ICE 228",2609291606,0,0
"Köln Hbf",-8732834586368903752-2609291607-1,"ICE 1520",2609291607,0,0
"Düsseldorf Hbf",8187582116097718743-2609291546-2,"IC 2008",2609291608,0,1
"Düsseldorf Hbf",-3330605035074967330-2609291147-10,"ICE 940",2609291608,25,0
"Köln Hbf",-257816953041096365-2609291136-17,"IC 2203",2609291614,0,1
"Köln Hbf",-482221124538025922-2609291425-5,"ICE 17",2609291615,9,0
"Düsseldorf Hbf",6556040714554725251-2609291619-1,"ICE 725",2609291619,1,0
"Köln Hbf",375201943151232777-2609291147-9,"ICE 950",2609291621,21,0
"Düsseldorf Hbf",-762086226758254325-2609291226-11,"ICE 201",2609291622,21,0
"Köln Hbf",-6579606754577220741-2609291501-5,"ICE 1716",2609291625,0,0
"Düsseldorf Hbf",-8732834586368903752-2609291607-2,"ICE 1520",2609291627,5,0
"Köln Hbf",5058768902280124693-2609291629-1,"ICE 1611",2609291629,1,0
"Düsseldorf Hbf",1714824304013532901-2609291341-7,"ICE 228",2609291632,4,0
"Düsseldorf Hbf",8429649765325465614-2609291145-9,"ICE 628",2609291640,35,0
"Köln Hbf",4524910290568704513-2609291534-4,"ICE 122",2609291643,10,0
"Köln Hbf",-157208555968192668-2609291644-1,"ICE 653",2609291644,1,0
"Düsseldorf Hbf",5612128767266048221-2609291438-7,"ICE 127",2609291645,5,0
"Köln Hbf",-5036776284380011862-2609290922-21,"IC 2048",2609291645,17,0
"Düsseldorf Hbf",-5511541014003594580-2609291648-1,"ICE 643",2609291648,2,0
"Köln Hbf",-762086226758254325-2609291226-12,"ICE 201",2609291648,20,1
"Düsseldorf Hbf",6330890959881575446-2609290923-14,"ICE 2311",2609291650,66,0
"Düsseldorf Hbf",-1838827148333657754-2609291220-8,"ICE 916",2609291653,15,0
"Düsseldorf Hbf",2333246513660073790-2609291553-5,"ICE 1013",2609291703,17,0
"Köln Hbf",-8705107722613527627-2609291059-15,"ICE 106",2609291705,5,0
"Köln Hbf",-7566186731885125077-2609291305-8,"ICE 2012",2609291706,16,0
"Düsseldorf Hbf",4524910290568704513-2609291534-5,"ICE 122",2609291710,20,0
"Köln Hbf",-893148775004719136-2609291711-1,"IC 2043",2609291711,0,0
"Köln Hbf",5612128767266048221-2609291438-8,"ICE 127",2609291711,1,0
"Düsseldorf Hbf",-8713208741749436113-2609291247-11,"ICE 548",2609291712,51,0
"Köln Hbf",6330890959881575446-2609290923-15,"ICE 2311",2609291719,74,0
"Düsseldorf Hbf",6757774550243091278-2609291720-1,"ICE 727",2609291720,11,0
"Düsseldorf Hbf",-2924322226173910183-2609291703-3,"ICE 929",2609291724,69,1
"Köln Hbf",-1057492321374091038-2609291731-1,"ICE 713",2609291731,1,0
"Düsseldorf Hbf",-8705107722613527627-2609291059-16,"ICE 106",2609291732,5,0
"Köln Hbf",-8631361224774257822-2609291611-6,"ICE 1514",2609291733,-1,0
"Düsseldorf Hbf",5042424630356113204-2609291245-8,"ICE 626",2609291738,4,0
"Köln Hbf",-4550645364654346112-2609291738-1,"ICE 955",2609291738,7,0
"Köln Hbf",3763871362376381297-2609291634-3,"ICE 12",2609291740,4,0
"Düsseldorf Hbf",-7566186731885125077-2609291305-9,"ICE 2012",2609291742,7,0
"Düsseldorf Hbf",-2882197430592295029-2609291351-16,"IC 2205",2609291746,0,1
"Köln Hbf",-3282400354544978678-2609291746-1,"IC 2006",2609291746,0,1
"Köln Hbf",-2910589038648014094-2609291326-12,"ICE 613",2609291746,3,0
"Düsseldorf Hbf",-8275737537227179086-2609291750-1,"ICE 945",2609291750,3,0
"Köln Hbf",-2924322226173910183-2609291703-4,"ICE 929",2609291750,69,1
"Köln Hbf",6954924236955692259-2609291328-8,"ICE 516",2609291805,4,0
"Köln Hbf",-8932280174819851842-2609291541-6,"ICE 28",2609291806,20,0
"Düsseldorf Hbf",-3282400354544978678-2609291746-2,"IC 2006",2609291808,0,1
"Düsseldorf Hbf",3702662415087684826-2609291347-10,"ICE 848",2609291808,43,0
"Köln Hbf",6423634419829337550-2609291434-11,"ICE 710",2609291808,5,0
"Köln Hbf",-2882197430592295029-2609291351-17,"IC 2205",2609291814,0,1
"Köln Hbf",4992819178731237054-2609291622-5,"ICE 317",2609291815,37,0
"Düsseldorf Hbf",-3019965818182152821-2609291821-1,"ICE 729",2609291821,0,0
"Düsseldorf Hbf",-7956047615718350819-2609291426-11,"ICE 203",2609291822,21,0
"Köln Hbf",-1900115166859559092-2609291347-9,"ICE 858",2609291822,-1,0
"Düsseldorf Hbf",1459720362045900384-2609291235-10,"ICE 216",2609291824,1,0
"Köln Hbf",-7955422278217659578-2609291703-5,"ICE 1714",2609291825,3,0
"Köln Hbf",1407594009417555306-2609291829-1,"ICE 1613",2609291829,0,0
"Düsseldorf Hbf",-8932280174819851842-2609291541-7,"ICE 28",2609291832,20,0
"Düsseldorf Hbf",-4521437519262178170-2609291345-9,"ICE 624",2609291836,40,0
"Köln Hbf",-6750794421454638985-2609291420-8,"ICE 224",2609291843,14,0
"Köln Hbf",9016403526930832374-2609291844-1,"ICE 655",2609291844,10,0
"Düsseldorf Hbf",-2599950570116389517-2609291638-7,"ICE 129",2609291845,13,0
"Köln Hbf",-4140470391187734614-2609291122-21,"IC 2440",2609291845,19,0
"Düsseldorf Hbf",4447890004106418758-2609291848-1,"ICE 645",2609291848,0,0
"Köln Hbf",-7956047615718350819-2609291426-12,"ICE 203",2609291848,19,1
"Düsseldorf Hbf",7867558493628354270-2609291115-18,"ICE 1037",2609291850,30,0
"Düsseldorf Hbf",-6727683722954373951-2609291754-5,"ICE 1015",2609291901,8,0
"Köln Hbf",-4758242349678413284-2609291238-12,"ICE 104",2609291905,8,0
"Köln Hbf",2508597620716488611-2609291536-8,"IC 2041",2609291906,42,0
"Düsseldorf Hbf",3141971505559871903-2609291447-10,"ICE 546",2609291908,49,0
"Düsseldorf Hbf",-6750794421454638985-2609291420-9,"ICE 224",2609291910,30,0
"Köln Hbf",-2599950570116389517-2609291638-8,"ICE 129",2609291911,14,0
"Köln Hbf",7867558493628354270-2609291115-19,"ICE 1037",2609291916,36,0
"Düsseldorf Hbf",-3738461847412237185-2609291918-1,"ICE 821",2609291918,16,0
"Düsseldorf Hbf",2312296716933966404-2609291554-4,"ICE 1021",2609291921,33,0
"Düsseldorf Hbf",-4055232889596422409-2609290803-28,"ICE 118",2609291924,3,0
"Düsseldorf Hbf",-4758242349678413284-2609291238-13,"ICE 104",2609291932,17,0
"Köln Hbf",-4997552987396627422-2609291811-6,"ICE 1512",2609291933,2,0
"Düsseldorf Hbf",-2142784246140329213-2609291445-8,"ICE 622",2609291936,7,0
"Köln Hbf",3141971505559871903-2609291447-11,"ICE 546",2609291936,46,0
"Köln Hbf",-8942408890709913676-2609291833-3,"ICE 10",2609291940,16,0
"Düsseldorf Hbf",1492120664389609114-2609291604-14,"IC 2207",2609291946,0,1
"Köln Hbf",-5425302918995479956-2609291526-12,"ICE 615",2609291946,21,0
"Köln Hbf",2312296716933966404-2609291554-5,"ICE 1021",2609291947,29,0
"Düsseldorf Hbf",3778695356863398992-2609291950-1,"ICE 947",2609291950,6,0
"Köln Hbf",-5040855886902453859-2609291528-8,"ICE 514",2609292005,0,0
"Köln Hbf",-1979196922867192201-2609291741-6,"ICE 26",2609292006,25,0
"Düsseldorf Hbf",798259414142998527-2609292009-1,"ICE 823",2609292009,4,0
"Düsseldorf Hbf",-9003107645534276753-2609291547-9,"ICE 846",2609292013,26,0
"Köln Hbf",1492120664389609114-2609291604-15,"IC 2207",2609292014,0,1
"Köln Hbf",4341219805487381340-2609291825-5,"ICE 19",2609292015,9,0
"Düsseldorf Hbf",-6235789055676348186-2609291626-11,"ICE 205",2609292022,19,0
"Köln Hbf",-819597198211929243-2609291547-9,"ICE 856",2609292022,21,0
"Düsseldorf Hbf",-1979196922867192201-2609291741-7,"ICE 26",2609292032,28,0
"Düsseldorf Hbf",-1188267942167451229-2609291545-9,"ICE 620",2609292037,37,0
"Köln Hbf",2576231255055476975-2609291934-4,"ICE 120",2609292043,3,0
"Düsseldorf Hbf",-7056878515633598205-2609291838-7,"ICE 221",2609292045,73,0
"Köln Hbf",-7949491460536242261-2609291322-21,"IC 2442",2609292045,15,0
"Köln Hbf",5646922477923288654-2609292045-1,"ICE 657",2609292045,1,0
"Köln Hbf",-6235789055676348186-2609291626-12,"ICE 205",2609292048,17,0
"Düsseldorf Hbf",-977669644680017628-2609291620-8,"ICE 912",2609292053,2,0
"Köln Hbf",-7971996062035411059-2609291438-12,"ICE 102",2609292105,0,0
"Köln Hbf",1913356045703776437-2609291736-8,"IC 2349",2609292106,15,0
"Düsseldorf Hbf",2576231255055476975-2609291934-5,"ICE 120",2609292110,16,0
"Köln Hbf",-7056878515633598205-2609291838-8,"ICE 221",2609292111,77,0
"Düsseldorf Hbf",-5885856201096992744-2609291647-10,"ICE 544",2609292112,27,0
"Düsseldorf Hbf",6194893901306646476-2609291726-11,"ICE 617",2609292121,40,0
"Köln Hbf",5268242451257549226-2609291901-6,"ICE 313",2609292124,15,0
"Düsseldorf Hbf",50770787591072936-2609291644-9,"ICE 528",2609292137,2,0
"Köln Hbf",1555483896112278137-2609292014-6,"ICE 318",2609292139,-1,0
"Köln Hbf",-5885856201096992744-2609291647-11,"ICE 544",2609292140,23,0
"Köln Hbf",6194893901306646476-2609291726-12,"ICE 617",2609292148,37,0
"Köln Hbf",7537395545451740415-2609291728-8,"ICE 512",2609292205,5,0
"Köln Hbf",3736117015423388331-2609291746-8,"ICE 526",2609292216,20,0
"Köln Hbf",-5199159618356276299-2609292218-1,"ICE 319",2609292218,1,0
"Köln Hbf",4711383125555203513-2609291747-9,"ICE 854",2609292222,-4,0
"Köln Hbf",6195485783263057734-2609291819-7,"ICE 910",2609292230,4,0
"Köln Hbf",-4080761801504144103-2609291747-9,"ICE 844",2609292239,21,0
"Köln Hbf",4804116960335233530-2609291522-21,"IC 2444",2609292245,31,0
"Köln Hbf",6810614476303646777-2609291826-11,"ICE 207",2609292302,6,0
"Köln Hbf",8570739711458019321-2609291936-8,"IC 2347",2609292306,12,0
"Köln Hbf",4005400229928334385-2609291659-16,"ICE 100",2609292310,5,0
"Köln Hbf",2579078581490934825-2609291852-8,"ICE 552",2609292315,25,0
"Köln Hbf",5987880351959364904-2609292327-1,"ICE 1541",2609292327,15,0
"Köln Hbf",-6524998557445987060-2609291844-10,"ICE 524",2609292349,-1,0
"Köln Hbf",7582314568044505717-2609292101-7,"IC 60403",2609292350,34,0
"Köln Hbf",-1854738006003716349-2609291847-10,"ICE 542",2609292355,16,0
"Köln Hbf",5926473462606976417-2609291926-11,"ICE 619",2609300000,32,0
"Köln Hbf",8322424274180843926-2609291928-9,"ICE 510",2609300010,0,0
"Köln Hbf",-4383803236760390820-2609291945-12,"ICE 522",2609300036,0,0
"Köln Hbf",-4737482986446738332-2609291947-9,"ICE 842",2609300040,40,0
"Köln Hbf",-4463983841688751065-2609292026-12,"ICE 209",2609300107,9,0
"Köln Hbf",7130605216857004791-2609300321-1,"ICE 827",2609300321,0,0
"Köln Hbf",-1822966271854478829-2609300405-1,"ICE 1028",2609300405,0,0
"Köln Hbf",8652078400714170233-2609300415-1,"ICE 541",2609300415,0,0
"Köln Hbf",-7455087584675999219-2609300428-1,"ICE 521",2609300428,0,0
"Köln Hbf",-1981361635087318141-2609300511-1,"IC 2445",2609300511,0,0
"Köln Hbf",1179810196779242077-2609300511-1,"ICE 208",2609300511,-6,0
"Düsseldorf Hbf",3596733780499351643-2609300422-6,"ICE 23",2609300522,4,0
"Köln Hbf",-397321280238564306-2609300525-1,"ICE 911",2609300525,2,0
"Köln Hbf",-5962154382149198734-2609300526-1,"ICE 843",2609300526,0,0
"Köln Hbf",-881594861635697900-2609300400-6,"ICE 523",2609300528,19,0
"Düsseldorf Hbf",1179810196779242077-2609300511-2,"ICE 208",2609300532,0,0
"Köln Hbf",-486178897212069438-2609300538-1,"ICE 853",2609300538,1,0
"Köln Hbf",4753870957390372842-2609292158-14,"IC 60402",2609300544,7,0
"Düsseldorf Hbf",707692460492138158-2609300034-14,"ICE 1540",2609300547,20,0
"Köln Hbf",4230433869735770140-2609300548-1,"ICE 511",2609300548,5,0
"Düsseldorf Hbf",-5962154382149198734-2609300526-2,"ICE 843",2609300549,2,0
"Köln Hbf",3596733780499351643-2609300422-7,"ICE 23",2609300549,0,0
"Köln Hbf",2178700040520449500-2609300601-1,"ICE 711",2609300601,2,0
"Köln Hbf",-7723883505152961116-2609300611-1,"ICE 312",2609300611,0,0
"Düsseldorf Hbf",4753870957390372842-2609292158-15,"IC 60402",2609300615,7,0
"Köln Hbf",707692460492138158-2609300034-15,"ICE 1540",2609300615,20,0
"Düsseldorf Hbf",-7586352224211082006-2609300514-4,"ICE 525",2609300618,4,0
"Köln Hbf",2686007473625185344-2609300001-12,"ICE 618",2609300619,1,0
"Düsseldorf Hbf",8735574551800398555-2609300524-5,"ICE 101",2609300622,13,0
"Köln Hbf",-4310203737838801908-2609300625-1,"ICE 543",2609300625,0,1
"Köln Hbf",1878809338003406023-2609300627-1,"ICE 1511",2609300627,0,0
"Köln Hbf",6856208171401458843-2609300534-4,"ICE 222",2609300643,2,0
"Köln Hbf",-7151271002257875909-2609300502-6,"IC 2348",2609300645,76,1
"Düsseldorf Hbf",-4310203737838801908-2609300625-2,"ICE 543",2609300647,0,1
"Düsseldorf Hbf",2686007473625185344-2609300001-13,"ICE 618",2609300647,2,0
"Köln Hbf",8735574551800398555-2609300524-6,"ICE 101",2609300648,11,0
"Düsseldorf Hbf",-6165068286223376269-2609300554-5,"ICE 913",2609300702,5,0
"Köln Hbf",-2103315967753215489-2609300609-3,"IC 2443",2609300706,0,1
"Düsseldorf Hbf",6856208171401458843-2609300534-5,"ICE 222",2609300710,3,0
"Köln Hbf",6135728412348303878-2609300711-1,"ICE 206",2609300711,0,0
"Düsseldorf Hbf",-853844594697067860-2609300615-4,"ICE 527",2609300718,8,0
"Düsseldorf Hbf",542680258128049209-2609300621-6,"ICE 25",2609300724,8,0
"Köln Hbf",5312563495212518167-2609300726-1,"ICE 845",2609300726,0,0
"Düsseldorf Hbf",6135728412348303878-2609300711-2,"ICE 206",2609300732,1,0
"Köln Hbf",-7772981549573087469-2609300733-1,"ICE 1713",2609300733,20,0
"Düsseldorf Hbf",8378187760869811763-2609300541-8,"ICE 826",2609300737,1,0
"Köln Hbf",7280780786399683236-2609300738-1,"ICE 855",2609300738,0,0
"Köln Hbf",4021377973164879687-2609300634-3,"ICE 18",2609300740,3,0
"Köln Hbf",2082653246441066227-2609300740-1,"ICE 2310",2609300740,11,0
"Köln Hbf",-1316725331766652964-2609300603-6,"ICE 513",2609300745,19,0
"Köln Hbf",-8638855930583862299-2609300746-1,"IC 2206",2609300746,2,0
"Düsseldorf Hbf",5312563495212518167-2609300726-2,"ICE 845",2609300749,1,0
"Köln Hbf",542680258128049209-2609300621-7,"ICE 25",2609300750,8,0
"Köln Hbf",-3118459641712443593-2609300600-7,"ICE 712",2609300757,18,0
"Köln Hbf",937531600424895578-2609300549-4,"ICE 616",2609300805,6,0
"Düsseldorf Hbf",2082653246441066227-2609300740-2,"ICE 2310",2609300807,13,0
"Düsseldorf Hbf",-8638855930583862299-2609300746-2,"IC 2206",2609300810,4,0
"Köln Hbf",-683349446891373235-2609300623-5,"ICE 11",2609300816,7,0
"Düsseldorf Hbf",7320863906691937525-2609300719-4,"ICE 529",2609300818,7,0
"Düsseldorf Hbf",8518232099080018263-2609300426-11,"ICE 103",2609300822,8,0
"Köln Hbf",-1489252697791169587-2609300825-1,"ICE 545",2609300825,30,0
"Köln Hbf",-2307934263002248776-2609300829-1,"ICE 1513",2609300829,15,0
"Düsseldorf Hbf",8056505330798593907-2609300706-6,"ICE 119",2609300831,23,0
"Düsseldorf Hbf",1795377954048554987-2609300708-5,"ICE 824",2609300840,18,0
"Köln Hbf",-3687533052908579649-2609300734-4,"ICE 220",2609300843,4,0
"Köln Hbf",-5067205027928923412-2609300844-1,"ICE 555",2609300844,0,0
"Düsseldorf Hbf",1800994547680145354-2609300638-7,"ICE 121",2609300845,1,0
"Köln Hbf",-3987770513815330460-2609300539-12,"IC 2040",2609300845,11,0
"Köln Hbf",6675332026866779665-2609300845-1,"ICE 1036",2609300845,5,0
"Düsseldorf Hbf",-1489252697791169587-2609300825-2,"ICE 545",2609300847,31,0
"Köln Hbf",8518232099080018263-2609300426-12,"ICE 103",2609300848,6,0
"Düsseldorf Hbf",-5947456125297650390-2609300420-8,"ICE 1014",2609300853,1,0
"Düsseldorf Hbf",400157404087783375-2609300753-5,"ICE 915",2609300902,8,0
"Köln Hbf",-905457960455072062-2609300555-6,"ICE 204",2609300905,12,0
"Düsseldorf Hbf",6675332026866779665-2609300845-2,"ICE 1036",2609300906,8,0
"Köln Hbf",4558275999006255649-2609300643-7,"IC 2441",2609300906,27,0
"Düsseldorf Hbf",-3687533052908579649-2609300734-5,"ICE 220",2609300910,9,0
"Köln Hbf",1800994547680145354-2609300638-8,"ICE 121",2609300911,2,0
"Düsseldorf Hbf",6972548221701888574-2609300419-15,"ICE 646",2609300912,6,0
"Köln Hbf",5146840242049916044-2609300640-5,"ICE 656",2609300915,5,0
"Düsseldorf Hbf",-2521696256132503788-2609300920-1,"ICE 621",2609300920,0,0
"Düsseldorf Hbf",-1790024725878292801-2609300820-6,"ICE 27",2609300924,10,0
"Köln Hbf",-8906112445839706377-2609300926-1,"ICE 847",2609300926,8,0
"Düsseldorf Hbf",-6888861751751692665-2609300817-6,"ICE 217",2609300928,2,0
"Düsseldorf Hbf",-905457960455072062-2609300555-7,"ICE 204",2609300932,13,0
"Köln Hbf",8918082092638159592-2609300812-6,"ICE 1612",2609300932,2,0
"Düsseldorf Hbf",-6223962037244896084-2609300441-10,"ICE 822",2609300936,1,0
"Köln Hbf",7127812590731908748-2609300938-1,"ICE 857",2609300938,0,0
"Köln Hbf",-5717720788505540143-2609300833-3,"ICE 316",2609300939,5,0
"Düsseldorf Hbf",-6760724929342255350-2609300634-13,"IC 2007",2609300946,27,0
"Köln Hbf",-3482704518387342076-2609300946-1,"IC 2204",2609300946,0,0
"Köln Hbf",6512354943507599026-2609300526-12,"ICE 515",2609300946,12,0
"Düsseldorf Hbf",-8906112445839706377-2609300926-2,"ICE 847",2609300949,8,0
"Köln Hbf",-1790024725878292801-2609300820-7,"ICE 27",2609300950,11,0
"Köln Hbf",67517114520381301-2609300533-8,"ICE 614",2609301005,5,0
"Köln Hbf",4250821308365947570-2609300528-10,"ICE 1022",2609301006,27,0
"Düsseldorf Hbf",-3482704518387342076-2609300946-2,"IC 2204",2609301008,5,0
"Düsseldorf Hbf",-4782954664003624221-2609300526-12,"ICE 946",2609301008,13,0
"Köln Hbf",-6760724929342255350-2609300634-14,"IC 2007",2609301014,23,0
"Köln Hbf",7296668088221534520-2609300825-5,"ICE 13",2609301016,36,0
"Düsseldorf Hbf",7692347899239356115-2609301019-1,"ICE 623",2609301019,3,0
"Düsseldorf Hbf",-3500545049874534285-2609300626-11,"ICE 105",2609301022,3,0
"Köln Hbf",-6590078199824287896-2609300526-11,"ICE 956",2609301022,0,0
"Köln Hbf",309221757920376132-2609301029-1,"ICE 1515",2609301029,0,0
"Düsseldorf Hbf",4250821308365947570-2609300528-11,"ICE 1022",2609301035,29,0
"Düsseldorf Hbf",5509309536167095600-2609300544-10,"ICE 820",2609301040,-2,0
"Köln Hbf",-8155331480429548080-2609300934-4,"ICE 128",2609301043,10,0
"Köln Hbf",-8614664585551473503-2609301044-1,"ICE 557",2609301044,9,0
"Düsseldorf Hbf",467631948029280047-2609300831-7,"ICE 225",2609301045,11,0
"Köln Hbf",5248730939501738569-2609300602-15,"IC 2042",2609301045,13,0
"Düsseldorf Hbf",211585818996437737-2609301048-1,"ICE 547",2609301048,4,0
"Köln Hbf",-3500545049874534285-2609300626-12,"ICE 105",2609301048,11,0
"Düsseldorf Hbf",-6324333303227400345-2609300620-8,"ICE 1012",2609301053,5,0
"Köln Hbf",8125274319994745100-2609301053-1,"ICE 2013",2609301053,4,0
"Köln Hbf",-508151058757607646-2609300716-9,"ICE 202",2609301105,4,0
"Köln Hbf",2031840069123671352-2609300736-8,"IC 2049",2609301106,29,0
"Düsseldorf Hbf",2417110662322496020-2609300647-10,"ICE 644",2609301109,58,0
"Düsseldorf Hbf",-8155331480429548080-2609300934-5,"ICE 128",2609301110,15,0
"Köln Hbf",467631948029280047-2609300831-8,"ICE 225",2609301111,17,0
"Köln Hbf",-2664747470423541798-2609300652-8,"ICE 654",2609301114,10,0
"Düsseldorf Hbf",-1863724056778564852-2609301117-1,"ICE 625",2609301117,2,0
"Düsseldorf Hbf",3450663025951470366-2609300602-8,"ICE 1521",2609301119,6,0
"Düsseldorf Hbf",3704713885565394549-2609301024-4,"ICE 29",2609301124,10,0
"Düsseldorf Hbf",-508151058757607646-2609300716-10,"ICE 202",2609301132,4,0
"Köln Hbf",98157840525274029-2609301011-6,"ICE 1610",2609301133,0,0
"Düsseldorf Hbf",-7827307397706401371-2609300644-8,"ICE 728",2609301137,7,0
"Köln Hbf",-9221432942161771616-2609301138-1,"ICE 859",2609301138,1,0
"Köln Hbf",-3207602294555876168-2609301034-3,"ICE 16",2609301139,41,0
"Köln Hbf",3450663025951470366-2609300602-9,"ICE 1521",2609301145,12,0
"Düsseldorf Hbf",6862846665566225825-2609300834-13,"IC 2009",2609301146,9,0
"Köln Hbf",-8775310893499181309-2609301146-1,"IC 2202",2609301146,1,0
"Köln Hbf",-4602427783665327588-2609300726-12,"ICE 517",2609301146,7,0
"Düsseldorf Hbf",-3935110464616838577-2609301150-1,"ICE 849",2609301150,1,0
"Köln Hbf",3704713885565394549-2609301024-5,"ICE 29",2609301150,9,0
"Köln Hbf",-8386336934533711188-2609300728-9,"ICE 1020",2609301205,12,0
"Köln Hbf",-7184453857839759572-2609300728-8,"ICE 612",2609301205,4,0
"Düsseldorf Hbf",-8775310893499181309-2609301146-2,"IC 2202",2609301208,2,0
"Düsseldorf Hbf",789381465621699355-2609300747-10,"ICE 944",2609301208,25,0
"Köln Hbf",4555217987378332456-2609300713-11,"ICE 1548",2609301209,2,0
"Köln Hbf",6862846665566225825-2609300834-14,"IC 2009",2609301214,8,0
"Köln Hbf",-6382331557337532208-2609301025-5,"ICE 15",2609301215,8,0
"Düsseldorf Hbf",-7766800689315712550-2609301219-1,"ICE 627",2609301219,5,0
"Düsseldorf Hbf",-5703640496454004355-2609300825-11,"ICE 107",2609301222,3,0
"Köln Hbf",5065395714490050726-2609300747-9,"ICE 954",2609301222,3,0
"Köln Hbf",-8376398398323607088-2609301229-1,"ICE 1517",2609301229,17,0
"Düsseldorf Hbf",-8386336934533711188-2609300728-10,"ICE 1020",2609301230,13,0
"Düsseldorf Hbf",5394868531176279031-2609300742-9,"ICE 726",2609301240,13,0
"Köln Hbf",-4712053304823003938-2609301134-4,"ICE 126",2609301243,20,0
"Köln Hbf",5886092952094503689-2609301244-1,"ICE 559",2609301244,0,0
"Düsseldorf Hbf",1869793107893408377-2609301031-7,"ICE 123",2609301245,13,0
"Köln Hbf",666711005360005078-2609300522-21,"IC 2044",2609301245,36,0
"Köln Hbf",607281138257369836-2609301245-1,"ICE 1032",2609301245,0,0
"Düsseldorf Hbf",-5225265888807154878-2609301248-1,"ICE 549",2609301248,15,0
"Köln Hbf",-5703640496454004355-2609300825-12,"ICE 107",2609301248,7,0
"Düsseldorf Hbf",-1202781486977583710-2609300819-8,"ICE 1010",2609301253,17,0
"Düsseldorf Hbf",-5763151150910106247-2609301155-5,"ICE 919",2609301302,22,0
"Köln Hbf",5555371111259384160-2609300759-9,"ICE 200",2609301305,14,0
"Düsseldorf Hbf",607281138257369836-2609301245-2,"ICE 1032",2609301306,4,0
"Köln Hbf",-1660175693055885317-2609300936-8,"IC 2047",2609301306,21,0
"Düsseldorf Hbf",-4712053304823003938-2609301134-5,"ICE 126",2609301310,20,0
"Düsseldorf Hbf",-3811000113167125819-2609300847-11,"ICE 642",2609301311,27,0
"Köln Hbf",1869793107893408377-2609301031-8,"ICE 123",2609301311,15,0
"Köln Hbf",7029715491133337413-2609300852-8,"ICE 652",2609301315,16,0
"Düsseldorf Hbf",2307301279586290347-2609301321-1,"ICE 629",2609301321,4,0
"Düsseldorf Hbf",6492627968416470339-2609301221-6,"ICE 229",2609301324,17,0
"Köln Hbf",-2157107938954049243-2609301101-6,"ICE 311",2609301324,2,0
"Düsseldorf Hbf",5555371111259384160-2609300759-10,"ICE 200",2609301332,15,0
"Köln Hbf",-7017661080292591369-2609301211-6,"ICE 1518",2609301333,0,1
"Köln Hbf",201535978532296242-2609301334-1,"ICE 1549",2609301334,0,0
"Düsseldorf Hbf",-4676367904559688889-2609300845-8,"ICE 724",2609301337,0,0
"Köln Hbf",-4020550040361167307-2609301338-1,"ICE 951",2609301338,18,0
"Köln Hbf",4216288988927907099-2609301234-3,"ICE 314",2609301339,52,0
"Düsseldorf Hbf",5900362052756938804-2609300951-16,"IC 2201",2609301346,20,0
"Köln Hbf",-3185038341433261764-2609301346-1,"IC 2200",2609301346,4,0
"Köln Hbf",-8471873024121272354-2609300926-12,"ICE 519",2609301346,2,0
"Düsseldorf Hbf",-1360629902197387952-2609301350-1,"ICE 941",2609301350,0,0
"Köln Hbf",6492627968416470339-2609301221-7,"ICE 229",2609301350,16,0
"Köln Hbf",9011011619156863439-2609300928-8,"ICE 610",2609301405,14,0
"Köln Hbf",338204297594764006-2609300827-10,"ICE 926",2609301406,15,0
"Düsseldorf Hbf",-3185038341433261764-2609301346-2,"IC 2200",2609301408,7,0
"Düsseldorf Hbf",7024771559125615258-2609300947-10,"ICE 942",2609301408,32,0
"Köln Hbf",5900362052756938804-2609300951-17,"IC 2201",2609301414,27,0
"Köln Hbf",4815612638303090443-2609301225-5,"ICE 315",2609301415,20,0
"Düsseldorf Hbf",-758807154932475400-2609301419-1,"ICE 721",2609301419,0,0
"Düsseldorf Hbf",6610086332469437335-2609301026-11,"ICE 109",2609301422,8,0
"Köln Hbf",2625224039751841654-2609300947-9,"ICE 952",2609301422,8,0
"Köln Hbf",4846835449118805747-2609301429-1,"ICE 1519",2609301429,0,0
"Düsseldorf Hbf",338204297594764006-2609300827-11,"ICE 926",2609301432,20,0
"Düsseldorf Hbf",-7906017824379584014-2609300946-9,"ICE 722",2609301436,41,0
"Köln Hbf",-8784598530479710827-2609301438-1,"ICE 310",2609301438,6,0
"Köln Hbf",-5676785138972199399-2609301334-4,"ICE 124",2609301443,9,0
"Köln Hbf",-6270903731699972278-2609301444-1,"ICE 651",2609301444,-1,0
"Düsseldorf Hbf",-9018982874238179365-2609301238-7,"ICE 125",2609301445,3,0
"Köln Hbf",-5299413353021537464-2609300722-21,"IC 2046",2609301445,10,0
"Düsseldorf Hbf",7188954872564278301-2609301448-1,"ICE 641",2609301448,1,0
"Köln Hbf",6610086332469437335-2609301026-12,"ICE 109",2609301448,8,0
"Düsseldorf Hbf",-553863566957669250-2609300730-17,"ICE 1033",2609301450,38,0
"Düsseldorf Hbf",7844358081895785158-2609301019-8,"ICE 918",2609301453,11,0
"Düsseldorf Hbf",8564432605510706771-2609301353-4,"ICE 1011",2609301501,19,0
"Köln Hbf",7702481692019596064-2609300838-12,"ICE 108",2609301505,5,0
"Köln Hbf",7334323916340841763-2609301136-8,"IC 2045",2609301506,20,0
"Düsseldorf Hbf",-5676785138972199399-2609301334-5,"ICE 124",2609301510,14,0
"Düsseldorf Hbf",8642793912640631890-2609301047-11,"ICE 640",2609301511,45,0
"Köln Hbf",-9018982874238179365-2609301238-8,"ICE 125",2609301511,2,0
"Köln Hbf",-553863566957669250-2609300730-18,"ICE 1033",2609301515,51,0
"Köln Hbf",-7022498938457192021-2609301052-8,"ICE 650",2609301515,11,0
"Düsseldorf Hbf",5311537321398817844-2609301520-1,"ICE 723",2609301520,9,0
"Düsseldorf Hbf",-1497213994658544450-2609301154-6,"ICE 927",2609301522,31,0
"Düsseldorf Hbf",7702481692019596064-2609300838-13,"ICE 108",2609301532,7,0
"Köln Hbf",4945186918802353023-2609301411-6,"ICE 1516",2609301533,0,1
"Düsseldorf Hbf",6519626148103819066-2609301045-9,"ICE 720",2609301536,35,0
"Köln Hbf",-107298036587741504-2609301538-1,"ICE 953",2609301538,20,0
"Köln Hbf",2218943744552257469-2609301434-3,"ICE 14",2609301539,43,0
"Düsseldorf Hbf",-257816953041096365-2609301136-16,"IC 2203",2609301546,18,0
"Köln Hbf",8187582116097718743-2609301546-1,"IC 2008",2609301546,1,0
"Köln Hbf",5653087570567167872-2609301126-12,"ICE 611",2609301546,45,0
"Köln Hbf",-1497213994658544450-2609301154-7,"ICE 927",2609301548,28,0
"Düsseldorf Hbf",6378881227509878523-2609301550-1,"ICE 943",2609301550,1,0
"Köln Hbf",-6452407069337976676-2609301128-8,"ICE 518",2609301605,15,1
"Köln Hbf",1714824304013532901-2609301341-6,"ICE 228",2609301606,32,0
"Köln Hbf",-8732834586368903752-2609301607-1,"ICE 1520",2609301607,60,0
"Düsseldorf Hbf",8187582116097718743-2609301546-2,"IC 2008",2609301608,77,0
"Düsseldorf Hbf",-3330605035074967330-2609301147-10,"ICE 940",2609301608,21,0
"Köln Hbf",-257816953041096365-2609301136-17,"IC 2203",2609301614,60,0
"Köln Hbf",-482221124538025922-2609301425-5,"ICE 17",2609301615,63,0
"Düsseldorf Hbf",6556040714554725251-2609301619-1,"ICE 725",2609301619,12,0
"Köln Hbf",375201943151232777-2609301147-9,"ICE 950",2609301621,40,0
"Düsseldorf Hbf",-762086226758254325-2609301226-11,"ICE 201",2609301622,27,0
"Köln Hbf",-6579606754577220741-2609301501-5,"ICE 1716",2609301625,35,0
"Düsseldorf Hbf",-8732834586368903752-2609301607-2,"ICE 1520",2609301627,63,0
"Köln Hbf",5058768902280124693-2609301629-1,"ICE 1611",2609301629,30,0
"Düsseldorf Hbf",1714824304013532901-2609301341-7,"ICE 228",2609301632,41,0
"Düsseldorf Hbf",8429649765325465614-2609301145-9,"ICE 628",2609301640,41,0
"Köln Hbf",4524910290568704513-2609301534-4,"ICE 122",2609301643,2,1
"Köln Hbf",-157208555968192668-2609301644-1,"ICE 653",2609301644,15,0
"Düsseldorf Hbf",5612128767266048221-2609301438-7,"ICE 127",2609301645,6,0
"Köln Hbf",-5036776284380011862-2609300922-21,"IC 2048",2609301645,86,0
"Düsseldorf Hbf",-5511541014003594580-2609301648-1,"ICE 643",2609301648,5,0
"Köln Hbf",-762086226758254325-2609301226-12,"ICE 201",2609301648,14,1
"Düsseldorf Hbf",6330890959881575446-2609300953-14,"ICE 2311",2609301650,15,0
"Düsseldorf Hbf",-1838827148333657754-2609301220-8,"ICE 916",2609301653,18,0
"Düsseldorf Hbf",2333246513660073790-2609301553-5,"ICE 1013",2609301703,3,0
"Köln Hbf",-8705107722613527627-2609301059-15,"ICE 106",2609301705,14,0
"Köln Hbf",-7566186731885125077-2609301305-8,"ICE 2012",2609301706,21,0
"Düsseldorf Hbf",4524910290568704513-2609301534-5,"ICE 122",2609301710,17,0
"Köln Hbf",-893148775004719136-2609301711-1,"IC 2043",2609301711,50,0
"Köln Hbf",5612128767266048221-2609301438-8,"ICE 127",2609301711,18,0
"Düsseldorf Hbf",-8713208741749436113-2609301247-11,"ICE 548",2609301712,12,0
"Köln Hbf",-2894975550766125611-2609301252-8,"ICE 558",2609301715,34,0
"Köln Hbf",6330890959881575446-2609300953-15,"ICE 2311",2609301719,21,0
"Düsseldorf Hbf",6757774550243091278-2609301720-1,"ICE 727",2609301720,19,0
"Düsseldorf Hbf",-2924322226173910183-2609301703-3,"ICE 929",2609301724,5,0
"Köln Hbf",-1057492321374091038-2609301731-1,"ICE 713",2609301731,30,0
"Düsseldorf Hbf",-8705107722613527627-2609301059-16,"ICE 106",2609301732,22,0
"Köln Hbf",-8631361224774257822-2609301611-6,"ICE 1514",2609301733,2,0
"Düsseldorf Hbf",5042424630356113204-2609301245-8,"ICE 626",2609301738,28,0
"Köln Hbf",-4550645364654346112-2609301738-1,"ICE 955",2609301738,20,0
"Köln Hbf",3763871362376381297-2609301634-3,"ICE 12",2609301740,8,0
"Düsseldorf Hbf",-7566186731885125077-2609301305-9,"ICE 2012",2609301742,19,0
"Düsseldorf Hbf",-2882197430592295029-2609301351-16,"IC 2205",2609301746,36,0
"Köln Hbf",-3282400354544978678-2609301746-1,"IC 2006",2609301746,20,0
"Köln Hbf",-2910589038648014094-2609301326-12,"ICE 613",2609301746,19,0
"Düsseldorf Hbf",-8275737537227179086-2609301750-1,"ICE 945",2609301750,5,0
"Köln Hbf",-2924322226173910183-2609301703-4,"ICE 929",2609301750,7,0
"Köln Hbf",6954924236955692259-2609301328-8,"ICE 516",2609301805,12,0
"Köln Hbf",-8932280174819851842-2609301541-6,"ICE 28",2609301806,11,0
"Düsseldorf Hbf",-3282400354544978678-2609301746-2,"IC 2006",2609301808,47,0
"Düsseldorf Hbf",3702662415087684826-2609301347-10,"ICE 848",2609301808,1,0
"Köln Hbf",6423634419829337550-2609301434-11,"ICE 710",2609301808,3,0
"Köln Hbf",-2882197430592295029-2609301351-17,"IC 2205",2609301814,58,1
"Köln Hbf",4992819178731237054-2609301622-5,"ICE 317",2609301815,10,0
"Düsseldorf Hbf",-3019965818182152821-2609301821-1,"ICE 729",2609301821,21,0
"Düsseldorf Hbf",-7956047615718350819-2609301426-11,"ICE 203",2609301822,51,0
"Köln Hbf",-1900115166859559092-2609301347-9,"ICE 858",2609301822,2,0
"Düsseldorf Hbf",1459720362045900384-2609301235-10,"ICE 216",2609301824,29,0
"Köln Hbf",-7955422278217659578-2609301703-5,"ICE 1714",2609301825,3,0
"Köln Hbf",1407594009417555306-2609301829-1,"ICE 1613",2609301829,9,0
"Düsseldorf Hbf",-8932280174819851842-2609301541-7,"ICE 28",2609301832,38,0
"Düsseldorf Hbf",-4521437519262178170-2609301345-9,"ICE 624",2609301836,36,0
"Köln Hbf",-6750794421454638985-2609301420-8,"ICE 224",2609301843,7,0
"Köln Hbf",9016403526930832374-2609301844-1,"ICE 655",2609301844,0,0
"Düsseldorf Hbf",-2599950570116389517-2609301638-7,"ICE 129",2609301845,6,0
"Köln Hbf",-4140470391187734614-2609301122-21,"IC 2440",2609301845,27,0
"Düsseldorf Hbf",4447890004106418758-2609301848-1,"ICE 645",2609301848,1,0
"Köln Hbf",-7956047615718350819-2609301426-12,"ICE 203",2609301848,49,0
"Düsseldorf Hbf",7867558493628354270-2609301115-18,"ICE 1037",2609301850,21,0
"Düsseldorf Hbf",-6727683722954373951-2609301754-5,"ICE 1015",2609301901,6,0
"Köln Hbf",-4758242349678413284-2609301238-12,"ICE 104",2609301905,5,0
"Köln Hbf",2508597620716488611-2609301536-8,"IC 2041",2609301906,1,0
"Düsseldorf Hbf",3141971505559871903-2609301447-10,"ICE 546",2609301908,0,1
"Düsseldorf Hbf",-6750794421454638985-2609301420-9,"ICE 224",2609301910,28,0
"Köln Hbf",-2599950570116389517-2609301638-8,"ICE 129",2609301911,4,0
"Köln Hbf",8430642524571604487-2609301452-8,"ICE 556",2609301915,11,0
"Köln Hbf",7867558493628354270-2609301115-19,"ICE 1037",2609301916,36,0
"Düsseldorf Hbf",-3738461847412237185-2609301918-1,"ICE 821",2609301918,12,0
"Düsseldorf Hbf",2312296716933966404-2609301554-4,"ICE 1021",2609301921,53,0
"Düsseldorf Hbf",-4055232889596422409-2609300803-28,"ICE 118",2609301924,19,0
"Düsseldorf Hbf",-4758242349678413284-2609301238-13,"ICE 104",2609301932,17,0
"Köln Hbf",-4997552987396627422-2609301811-6,"ICE 1512",2609301933,1,0
"Düsseldorf Hbf",-2142784246140329213-2609301445-8,"ICE 622",2609301936,16,0
"Köln Hbf",3141971505559871903-2609301447-11,"ICE 546",2609301936,0,1
"Köln Hbf",-8942408890709913676-2609301833-3,"ICE 10",2609301940,21,0
"Düsseldorf Hbf",1492120664389609114-2609301604-14,"IC 2207",2609301946,11,0
"Köln Hbf",-5425302918995479956-2609301526-12,"ICE 615",2609301946,24,0
"Köln Hbf",2312296716933966404-2609301554-5,"ICE 1021",2609301947,50,0
"Düsseldorf Hbf",3778695356863398992-2609301950-1,"ICE 947",2609301950,7,0
"Köln Hbf",-5040855886902453859-2609301528-8,"ICE 514",2609302005,48,0
"Köln Hbf",-1979196922867192201-2609301741-6,"ICE 26",2609302006,6,0
"Düsseldorf Hbf",798259414142998527-2609302009-1,"ICE 823",2609302009,0,0
"Düsseldorf Hbf",-9003107645534276753-2609301547-9,"ICE 846",2609302013,26,0
"Köln Hbf",1492120664389609114-2609301604-15,"IC 2207",2609302014,11,0
"Köln Hbf",4341219805487381340-2609301825-5,"ICE 19",2609302015,32,0
"Düsseldorf Hbf",-6235789055676348186-2609301626-11,"ICE 205",2609302022,12,0
"Köln Hbf",-819597198211929243-2609301547-9,"ICE 856",2609302022,7,0
"Düsseldorf Hbf",-1979196922867192201-2609301741-7,"ICE 26",2609302032,6,0
"Düsseldorf Hbf",-1188267942167451229-2609301545-9,"ICE 620",2609302037,32,0
"Köln Hbf",2576231255055476975-2609301934-4,"ICE 120",2609302043,22,0
"Düsseldorf Hbf",-7056878515633598205-2609301838-7,"ICE 221",2609302045,1,0
"Köln Hbf",-7949491460536242261-2609301322-21,"IC 2442",2609302045,19,0
"Köln Hbf",5646922477923288654-2609302045-1,"ICE 657",2609302045,0,0
"Köln Hbf",-6235789055676348186-2609301626-12,"ICE 205",2609302048,11,0
"Düsseldorf Hbf",-977669644680017628-2609301620-8,"ICE 912",2609302053,54,0
"Köln Hbf",-7971996062035411059-2609301438-12,"ICE 102",2609302105,9,0
"Köln Hbf",1913356045703776437-2609301736-8,"IC 2349",2609302106,23,0
"Düsseldorf Hbf",2576231255055476975-2609301934-5,"ICE 120",2609302110,42,0
"Köln Hbf",-7056878515633598205-2609301838-8,"ICE 221",2609302111,0,0
"Düsseldorf Hbf",-5885856201096992744-2609301647-10,"ICE 544",2609302112,44,0
"Köln Hbf",6625519329407624873-2609301652-8,"ICE 554",2609302114,40,0
"Köln Hbf",8388183103841403836-2609301516-14,"ICE 1544",2609302119,11,0
"Düsseldorf Hbf",6194893901306646476-2609301726-11,"ICE 617",2609302121,17,0
"Köln Hbf",5268242451257549226-2609301901-6,"ICE 313",2609302124,0,0
"Düsseldorf Hbf",50770787591072936-2609301644-9,"ICE 528",2609302137,29,0
"Köln Hbf",1555483896112278137-2609302014-6,"ICE 318",2609302139,-2,0
"Köln Hbf",-5885856201096992744-2609301647-11,"ICE 544",2609302140,39,0
"Köln Hbf",6194893901306646476-2609301726-12,"ICE 617",2609302148,15,0
"Köln Hbf",7537395545451740415-2609301728-8,"ICE 512",2609302205,0,0
"Köln Hbf",3736117015423388331-2609301746-8,"ICE 526",2609302216,31,0
"Köln Hbf",-5199159618356276299-2609302218-1,"ICE 319",2609302218,15,0
"Köln Hbf",4711383125555203513-2609301747-9,"ICE 854",2609302222,101,1
"Köln Hbf",6195485783263057734-2609301819-7,"ICE 910",2609302230,57,0
"Köln Hbf",-4080761801504144103-2609301747-9,"ICE 844",2609302239,135,0
"Köln Hbf",4804116960335233530-2609301522-21,"IC 2444",2609302245,11,0
"Köln Hbf",6810614476303646777-2609301826-11,"ICE 207",2609302302,28,0
"Köln Hbf",8570739711458019321-2609301936-8,"IC 2347",2609302306,31,0
"Köln Hbf",4005400229928334385-2609301659-16,"ICE 100",2609302310,27,0
"Köln Hbf",2579078581490934825-2609301852-8,"ICE 552",2609302315,70,0
"Köln Hbf",5987880351959364904-2609302327-1,"ICE 1541",2609302327,0,1
"Köln Hbf",-6524998557445987060-2609301844-11,"ICE 524",2609302339,82,0
"Köln Hbf",7582314568044505717-2609302101-7,"IC 60403",2609302350,18,0
"Köln Hbf",-1854738006003716349-2609301847-10,"ICE 542",2609302355,17,0
